institute;school;school type
associazione rudolf steiner per la pedagogia aps - rovereto;asilo colle fiorito;infanzia
circolo di coordinamento n. 4;"scuola dell'infanzia di cimone ""mamma teresa""";infanzia
circolo di coordinamento n. 4;"scuola dell'infanzia di trento  ""torrione""";infanzia
circolo di coordinamento n. 4;"scuola dell'infanzia di trento  mattarello  ""il castello""";infanzia
scuola dell'infanzia di vigo di fassa;scuola dell'infanzia di vigo di fassa;infanzia
scuola dell'infanzia di vigo di ton;scuola dell'infanzia di vigo di ton;infanzia
scuola dell'infanzia di villamontagna;scuola dell'infanzia di villamontagna;infanzia
scuola dell'infanzia di volano;scuola dell'infanzia di volano;infanzia
scuola dell'infanzia di aldeno;scuola dell'infanzia di aldeno;infanzia
scuola dell'infanzia di andalo;scuola dell'infanzia di andalo;infanzia
scuola dell'infanzia di arco;scuola dell'infanzia di arco;infanzia
scuola dell'infanzia di avio;scuola dell'infanzia di avio;infanzia
scuola dell'infanzia di barco di levico;scuola dell'infanzia di barco di levico;infanzia
scuola dell'infanzia di bolognano;scuola dell'infanzia di bolognano;infanzia
scuola dell'infanzia di borgo sacco;scuola dell'infanzia di borgo sacco;infanzia
scuola dell'infanzia di borgo valsugana;scuola dell'infanzia di borgo valsugana;infanzia
scuola dell'infanzia di brentonico;scuola dell'infanzia di brentonico;infanzia
scuola dell'infanzia di calceranica;scuola dell'infanzia di calceranica;infanzia
scuola dell'infanzia di campitello di fassa;scuola dell'infanzia di campitello di fassa;infanzia
scuola dell'infanzia di campodenno;scuola dell'infanzia di campodenno;infanzia
scuola dell'infanzia di nave san rocco;scuola dell'infanzia di nave san rocco;infanzia
scuola dell'infanzia di nomi;scuola dell'infanzia di nomi;infanzia
scuola dell'infanzia di padergnone;scuola dell'infanzia di padergnone;infanzia
scuola dell'infanzia di pedersano;scuola dell'infanzia di pedersano;infanzia
scuola dell'infanzia di pietramurata;scuola dell'infanzia di pietramurata;infanzia
scuola dell'infanzia di pieve tesino;scuola dell'infanzia di pieve tesino;infanzia
scuola dell'infanzia di pieve di bono;scuola dell'infanzia di pieve di bono;infanzia
scuola dell'infanzia di pilcante;scuola dell'infanzia di pilcante;infanzia
scuola dell'infanzia di pinzolo;scuola dell'infanzia di pinzolo;infanzia
scuola dell'infanzia di ponte arche;scuola dell'infanzia di ponte arche;infanzia
scuola dell'infanzia di povo;scuola dell'infanzia di povo;infanzia
scuola dell'infanzia di pozza di trambileno;scuola dell'infanzia di pozza di trambileno;infanzia
scuola dell'infanzia di pressano;scuola dell'infanzia di pressano;infanzia
scuola dell'infanzia di quadra - cavrasto;scuola dell'infanzia di quadra - cavrasto;infanzia
"scuola dell'infanzia di riva ""degasperi""";"scuola dell'infanzia di riva  ""degasperi""";infanzia
"scuola dell'infanzia di riva del garda  ""s. alessandro""";"scuola dell'infanzia di riva del garda  ""s. alessandro""";infanzia
scuola dell'infanzia di roncegno;scuola dell'infanzia di roncegno;infanzia
scuola dell'infanzia di ronchi valsugana;scuola dell'infanzia di ronchi valsugana;infanzia
scuola dell'infanzia di telve;scuola dell'infanzia di telve;infanzia
scuola dell'infanzia di tenno;scuola dell'infanzia di tenno;infanzia
scuola dell'infanzia di tezze valsugana;scuola dell'infanzia di tezze valsugana;infanzia
scuola dell'infanzia di tonadico;scuola dell'infanzia di tonadico;infanzia
scuola dell'infanzia di torbole;scuola dell'infanzia di torbole;infanzia
scuola dell'infanzia di transacqua;scuola dell'infanzia di transacqua;infanzia
"scuola dell'infanzia di trento  ""pedrotti""";"scuola dell'infanzia di trento  ""pedrotti""";infanzia
scuola dell'infanzia di trento  s. bartolomeo;scuola dell'infanzia di trento  s. bartolomeo;infanzia
"scuola dell'infanzia di trento cognola  ""b. kofler""";"scuola dell'infanzia di trento cognola ""b. kofler""";infanzia
scuola dell'infanzia di trento la clarina;scuola dell'infanzia di trento la clarina;infanzia
"scuola dell'infanzia di trento san donà ""b. kofler""";"scuola dell'infanzia di trento san donà ""b. kofler""";infanzia
scuola dell'infanzia di varone;scuola dell'infanzia di varone;infanzia
scuola dell'infanzia di vermiglio;scuola dell'infanzia di vermiglio;infanzia
scuola dell'infanzia di vezzano;scuola dell'infanzia di vezzano;infanzia
scuola dell'infanzia di vigo cavedine;scuola dell'infanzia di vigo cavedine;infanzia
scuola dell'infanzia di vigo lomaso;scuola dell'infanzia di vigo lomaso;infanzia
scuola dell'infanzia di ghiaie di gardolo;scuola dell'infanzia di ghiaie di gardolo;infanzia
scuola dell'infanzia di grigno;scuola dell'infanzia di grigno;infanzia
scuola dell'infanzia di ischia di pergine;scuola dell'infanzia di ischia di pergine;infanzia
scuola dell'infanzia di lona;scuola dell'infanzia di lona;infanzia
scuola dell'infanzia di madonna di campiglio;scuola dell'infanzia di madonna di campiglio;infanzia
scuola dell'infanzia di madrano;scuola dell'infanzia di madrano;infanzia
scuola dell'infanzia di malè;scuola dell'infanzia di malè;infanzia
scuola dell'infanzia di marter;scuola dell'infanzia di marter;infanzia
"scuola dell'infanzia di martignano ""d. leone serafini""";scuola dell'infanzia di martignano;infanzia
scuola dell'infanzia di massone;scuola dell'infanzia di massone;infanzia
scuola dell'infanzia di mechel;scuola dell'infanzia di mechel;infanzia
scuola dell'infanzia di mezzano;scuola dell'infanzia di mezzano;infanzia
scuola dell'infanzia di mezzocorona;scuola dell'infanzia di mezzocorona;infanzia
scuola dell'infanzia di mezzolombardo;scuola dell'infanzia di mezzolombardo;infanzia
scuola dell'infanzia di moena;scuola dell'infanzia di moena;infanzia
scuola dell'infanzia di mollaro;scuola dell'infanzia di mollaro;infanzia
scuola dell'infanzia di molveno;scuola dell'infanzia di molveno;infanzia
scuola dell'infanzia di montesover;scuola dell'infanzia di montesover;infanzia
scuola dell'infanzia di mori;scuola dell'infanzia di mori;infanzia
scuola dell'infanzia di nago;scuola dell'infanzia di nago;infanzia
scuola dell'infanzia di ronzo-chienis;scuola dell'infanzia di ronzo-chienis;infanzia
scuola dell'infanzia di s. croce bleggio;scuola dell'infanzia di s. croce bleggio;infanzia
scuola dell'infanzia di s. lorenzo in banale;scuola dell'infanzia di s. lorenzo in banale;infanzia
scuola dell'infanzia di s. margherita di ala;scuola dell'infanzia di s. margherita di ala;infanzia
scuola dell'infanzia di sabbionara;scuola dell'infanzia di sabbionara;infanzia
scuola dell'infanzia di san martino di c.;scuola dell'infanzia di san martino di c.;infanzia
scuola dell'infanzia di sarche;scuola dell'infanzia di sarche;infanzia
scuola dell'infanzia di scurelle;scuola dell'infanzia di scurelle;infanzia
scuola dell'infanzia di segno;scuola dell'infanzia di segno;infanzia
scuola dell'infanzia di segonzano;scuola dell'infanzia di segonzano;infanzia
scuola dell'infanzia di serravalle;scuola dell'infanzia di serravalle;infanzia
scuola dell'infanzia di smarano;scuola dell'infanzia di smarano;infanzia
scuola dell'infanzia di sopramonte;scuola dell'infanzia di sopramonte;infanzia
scuola dell'infanzia di spiazzo rendena;scuola dell'infanzia di spiazzo rendena;infanzia
scuola dell'infanzia di stenico;scuola dell'infanzia di stenico;infanzia
scuola dell'infanzia di strigno;scuola dell'infanzia di strigno;infanzia
scuola dell'infanzia di susà;scuola dell'infanzia di susà;infanzia
scuola dell'infanzia di carano;scuola dell'infanzia di carano;infanzia
scuola dell'infanzia di carisolo;scuola dell'infanzia di carisolo;infanzia
scuola dell'infanzia di casez;scuola dell'infanzia di casez;infanzia
scuola dell'infanzia di castellano;scuola dell'infanzia di castellano;infanzia
scuola dell'infanzia di castello di fiemme;scuola dell'infanzia di castello di fiemme;infanzia
scuola dell'infanzia di cavedine;scuola dell'infanzia di cavedine;infanzia
scuola dell'infanzia di cembra;scuola dell'infanzia di cembra;infanzia
scuola dell'infanzia di chizzola;scuola dell'infanzia di chizzola;infanzia
scuola dell'infanzia di cles;scuola dell'infanzia di cles;infanzia
scuola dell'infanzia di cloz e brez;scuola dell'infanzia di cloz e brez;infanzia
scuola dell'infanzia di condino;scuola dell'infanzia di condino;infanzia
scuola dell'infanzia di coredo;scuola dell'infanzia di coredo;infanzia
scuola dell'infanzia di cristo re -trento;scuola dell'infanzia di cristo re -trento;infanzia
scuola dell'infanzia di crosano;scuola dell'infanzia di crosano;infanzia
scuola dell'infanzia di dimaro;scuola dell'infanzia di dimaro;infanzia
scuola dell'infanzia di faver;scuola dell'infanzia di faver;infanzia
scuola dell'infanzia di fiavè;scuola dell'infanzia di fiavè;infanzia
scuola dell'infanzia di fiera di primiero;scuola dell'infanzia di fiera di primiero;infanzia
scuola dell'infanzia di fornace;scuola dell'infanzia di fornace;infanzia
scuola dell'infanzia di gardolo;scuola dell'infanzia di gardolo;infanzia
coordinamento pedagogico scuole provinciali dell'infanzia ladine;"scuola dell'infanzia di canazei ""don simone micheluzzi de ciciol""";infanzia
coordinamento pedagogico scuole provinciali dell'infanzia ladine;scuola dell'infanzia di soraga;infanzia
circolo di coordinamento n. 4;"scuola dell'infanzia di trento  ravina  ""girotondo""";infanzia
circolo di coordinamento n. 4;"scuola dell'infanzia di trento  romagnano  ""gli gnomi del bosco""";infanzia
circolo di coordinamento n. 7;"scuola dell'infanzia di cavedago  ""l'albero azzurro""";infanzia
circolo di coordinamento n. 7;"scuola dell'infanzia di cles  ""casa del sole""";infanzia
circolo di coordinamento n. 7;scuola dell'infanzia di cunevo;infanzia
circolo di coordinamento n. 7;scuola dell'infanzia di fai paganella;infanzia
circolo di coordinamento n. 7;"scuola dell'infanzia di rallo di tassullo  ""nuovo germoglio""";infanzia
circolo di coordinamento n. 7;"scuola dell'infanzia di revò ""i girasoli""";infanzia
circolo di coordinamento n. 7;scuola dell'infanzia di roverè della luna;infanzia
circolo di coordinamento n. 7;"scuola dell'infanzia di sporminore ""fratelli remondini""";infanzia
circolo di coordinamento n. 7;"scuola dell'infanzia di vervò  ""il bosco degli gnomi""";infanzia
circolo di coordinamento n. 11;"scuola dell'infanzia di pellizzano ""antonio bontempelli""";infanzia
scuola dell'infanzia di spormaggiore;scuola dell'infanzia di spormaggiore;infanzia
circolo di coordinamento n. 11;"scuola dell'infanzia di livo ""battito d'ali""";infanzia
circolo di coordinamento n. 10;scuola dell'infanzia di nogaredo;infanzia
circolo di coordinamento n. 10;"scuola dell'infanzia di calliano ""matite colorate""";infanzia
circolo di coordinamento n. 10;"scuola dell'infanzia di rovereto rione nord ""mille colori""";infanzia
circolo di coordinamento n. 10;"scuola dell'infanzia di rovereto  s.ilario ""amici della scuola""";infanzia
circolo di coordinamento n. 11;scuola dell'infanzia di monclassico;infanzia
circolo di coordinamento n. 11;scuola dell'infanzia di rabbi;infanzia
circolo di coordinamento n. 3;"scuola dell'infanzia di trento  ""crosina sartori""";infanzia
circolo di coordinamento n. 10;scuola dell'infanzia di besenello;infanzia
circolo di coordinamento n. 11;"scuola dell'infanzia di terzolas ""caterina graifenberg""";infanzia
circolo di coordinamento n. 11;"scuola dell'infanzia di romeno  ""città della gioia""";infanzia
circolo di coordinamento n. 10;scuola dell'infanzia di rovereto brione;infanzia
circolo di coordinamento n. 11;scuola dell'infanzia di castelfondo;infanzia
circolo di coordinamento n. 11;scuola dell'infanzia di mione rumo;infanzia
circolo di coordinamento n. 3;"scuola dell'infanzia di trento  povo ""m.c. conotter""";infanzia
circolo di coordinamento n. 3;scuola dell'infanzia di trento s.martino;infanzia
circolo di coordinamento n. 11;"scuola dell'infanzia di mezzana ""a. ravelli""";infanzia
circolo di coordinamento n. 3;"scuola dell'infanzia di trento  ""gianni rodari""";infanzia
circolo di coordinamento n. 11;scuola dell'infanzia di ruffrè;infanzia
circolo di coordinamento n. 11;scuola dell'infanzia di cogolo;infanzia
circolo di coordinamento n. 11;"scuola dell'infanzia di sarnonico ""giardino dei sogni""";infanzia
circolo di coordinamento n. 3;"scuola dell'infanzia di trento clarina   ""piccolo mondo""";infanzia
scuola dell'infanzia di predazzo;scuola dell'infanzia di predazzo;infanzia
scuola dell'infanzia di cavalese;scuola dell'infanzia di cavalese;infanzia
scuola dell'infanzia di ziano di fiemme;scuola dell'infanzia di ziano di fiemme;infanzia
scuola dell'infanzia di castelnuovo;scuola dell'infanzia di castelnuovo;infanzia
scuola dell'infanzia di ospedaletto;scuola dell'infanzia di ospedaletto;infanzia
scuola dell'infanzia di tuenno;scuola dell'infanzia di tuenno;infanzia
circolo di coordinamento n. 5;"scuola dell'infanzia di trento gardolo paludi  ""biancaneve""";infanzia
circolo di coordinamento n. 5;"scuola dell'infanzia di trento roncafort  ""margit levinson""";infanzia
circolo di coordinamento n. 5;scuola dell'infanzia di terlago;infanzia
circolo di coordinamento n. 5;scuola dell'infanzia di trento  sardagna;infanzia
circolo di coordinamento n. 5;"scuola dell'infanzia di trento  cadine  ""il melograno""";infanzia
circolo di coordinamento n. 5;scuola dell'infanzia di lasino;infanzia
circolo di coordinamento n. 5;scuola dell'infanzia di calavino;infanzia
circolo di coordinamento n. 3;"scuola dell'infanzia di trento madonna bianca ""l'albero del sole""";infanzia
"scuola dell'infanzia di rovereto ""rosmini""";"scuola dell'infanzia di rovereto ""rosmini""";infanzia
circolo di coordinamento n. 10;"scuola dell'infanzia di pomarolo  ""don rainoldi""";infanzia
circolo di coordinamento n. 1;scuola dell'infanzia di baselga di piné;infanzia
circolo di coordinamento n. 2;"scuola dell'infanzia di vigolo vattaro ""giardino dell'amicizia""";infanzia
circolo di coordinamento n. 1;scuola dell'infanzia di miola di pinè;infanzia
circolo di coordinamento n. 1;"scuola dell'infanzia di seregnano ""arcobaleno""";infanzia
circolo di coordinamento n. 6;"scuola dell'infanzia di zambana ""girotondo""";infanzia
circolo di coordinamento n. 2;"scuola dell'infanzia di canal san bovo ""lausen""";infanzia
circolo di coordinamento n. 1;"scuola dell'infanzia di rizzolaga di pinè ""raggio di sole""";infanzia
circolo di coordinamento n. 6;"scuola dell'infanzia di trento  meano  ""m. r. giobatta partelloni""";infanzia
circolo di coordinamento n. 2;scuola dell'infanzia di centa san nicolò;infanzia
circolo di coordinamento n. 2;"scuola dell'infanzia di tenna ""il sentiero""";infanzia
circolo di coordinamento n. 6;"scuola dell'infanzia di trento  martignano  ""arcobaleno""";infanzia
circolo di coordinamento n. 6;"scuola dell'infanzia di trento  solteri  ""il quadrifoglio""";infanzia
circolo di coordinamento n. 6;scuola dell'infanzia di grumes;infanzia
circolo di coordinamento n. 1;scuola dell'infanzia di civezzano;infanzia
circolo di coordinamento n. 6;"scuola dell'infanzia di trento  melta di gardolo  ""il girasole""";infanzia
circolo di coordinamento n. 1;"scuola dell'infanzia di capriana ""maddalena lazzeri""";infanzia
circolo di coordinamento n. 2;scuola dell'infanzia di vattaro;infanzia
circolo di coordinamento n. 1;"scuola dell'infanzia di s. orsola ""il girotondo""";infanzia
circolo di coordinamento n. 1;scuola dell'infanzia di piazze;infanzia
circolo di coordinamento n. 2;scuola dell'infanzia di bosentino;infanzia
circolo di coordinamento n. 2;scuola dell'infanzia di imer;infanzia
circolo di coordinamento n. 1;scuola dell'infanzia di casatta;infanzia
circolo di coordinamento n. 1;scuola dell'infanzia di molina di fiemme;infanzia
circolo di coordinamento n. 1;"scuola dell'infanzia di fierozzo ""himblring""";infanzia
circolo di coordinamento n. 2;scuola dell'infanzia di bieno;infanzia
circolo di coordinamento n. 2;scuola dell'infanzia di castello tesino;infanzia
circolo di coordinamento n. 6;"scuola dell'infanzia di giovo  ""il pellicano""";infanzia
"scuola dell'infanzia di trento ""g. b. zanella odv""";"scuola dell'infanzia di trento ""g. b. zanella odv""";infanzia
"scuola dell'infanzia di taio ""asilo infantile di taio odv""";"scuola dell'infanzia di taio ""asilo infantile di taio odv""";infanzia
circolo di coordinamento n. 2;"scuola dell'infanzia di levico terme ""taita marcos""";infanzia
circolo di coordinamento n. 4;"scuola dell'infanzia di trento s.giuseppe ""maso ginocchio - collodi""";infanzia
"scuola dell'infanzia di trento ""antonio tambosi odv""";"scuola dell'infanzia di trento ""antonio tambosi odv""";infanzia
"scuola dell'infanzia di lizzana ""asilo infantile di lizzana odv""";"scuola dell'infanzia di lizzana ""asilo infantile di lizzana odv""";infanzia
"scuola dell'infanzia di serso ""don ochner odv"" ";"scuola dell'infanzia di serso ""don ochner odv""";infanzia
"scuola dell'infanzia di rovereto ""clementino vannetti odv""";"scuola dell'infanzia di rovereto ""clementino vannetti odv""";infanzia
circolo di coordinamento n. 3;"scuola dell'infanzia di trento villazzano 3 ""l'officina degli gnomi""";infanzia
"scuola dell'infanzia di lavis "" madre maddalena di canossa odv""";"scuola dell'infanzia di lavis  ""madre maddalena di canossa odv""";infanzia
scuola dell'infanzia di villazzano;scuola dell'infanzia di villazzano;infanzia
"scuola dell'infanzia di lizzanella ""asilo infantile di lizzanella odv""";"scuola dell'infanzia di lizzanella ""asilo infantile di lizzanella odv""";infanzia
"scuola dell'infanzia di breguzzo - bondo ""giuseppina bonazza odv""";"scuola dell'infanzia di breguzzo - bondo  ""giuseppina bonazza odv""";infanzia
"scuola dell'infanzia di riva ""giardino di infanzia odv""";"scuola dell'infanzia di riva  ""giardino""";infanzia
scuola dell'infanzia di albiano;scuola dell'infanzia di albiano;infanzia
"scuola dell'infanzia di marco - rovereto ""g. e a. rosmini - serbati odv""";"scuola dell'infanzia di marco-rovereto ""g. e a. rosmini-serbati odv""";infanzia
"scuola dell'infanzia di daone ""asilo infantile di daone odv""";"scuola dell'infanzia di daone ""asilo infantile di daone odv""";infanzia
"scuola dell'infanzia di trento ""sacro cuore odv""";"scuola dell'infanzia di trento ""sacro cuore odv""";infanzia
"scuola dell'infanzia di trento ""s. antonio odv""";"scuola dell'infanzia di trento ""s. antonio odv""";infanzia
circolo di coordinamento n. 8;scuola dell'infanzia di bezzecca - a. cis;infanzia
circolo di coordinamento n. 8;"scuola dell'infanzia di darzo ""l'albero delle castagne""";infanzia
circolo di coordinamento n. 8;scuola dell'infanzia di dro;infanzia
circolo di coordinamento n. 8;scuola dell'infanzia di preore;infanzia
circolo di coordinamento n. 8;scuola dell'infanzia di romarzollo;infanzia
circolo di coordinamento n. 8;scuola dell'infanzia di tiarno di sopra;infanzia
circolo di coordinamento n. 8;scuola dell'infanzia di zuclo bolbeno;infanzia
"scuola dell'infanzia di tione di trento ""don giovanni failoni odv""";"scuola dell'infanzia di tione di trento ""don giovanni failoni""";infanzia
circolo di coordinamento n. 2;"scuola dell'infanzia di novaledo ""don evaristo forrer""";infanzia
coordinamento pedagogico scuole provinciali dell'infanzia ladine;"scuola dell'infanzia di pera di fassa ""don edy cinzol""";infanzia
scuola dell'infanzia di lodrone odv;scuola dell'infanzia di lodrone odv;infanzia
circolo di coordinamento n. 2;"scuola dell'infanzia di caldonazzo ""maria bambina""";infanzia
"scuola dell'infanzia di ranzo ""amici scuola infanzia di ranzo odv""";"scuola dell'infanzia di ranzo ""amici scuola infanzia di ranzo odv""";infanzia
circolo di coordinamento n. 7;"scuola dell'infanzia di s.michele all' adige  ""il germoglio""";infanzia
scuola dell'infanzia di torcegno odv;scuola dell'infanzia di torcegno odv;infanzia
istituto comprensivo folgaria - lavarone - luserna;scuola dell'infanzia di nosellari folgaria;infanzia
istituto comprensivo folgaria - lavarone - luserna;scuola dell'infanzia di folgaria;infanzia
istituto comprensivo folgaria - lavarone - luserna;"scuola dell'infanzia di lavarone ""casa dell'arcobaleno""";infanzia
istituto comprensivo folgaria - lavarone - luserna;scuola dell'infanzia di luserna;infanzia
scuola dell'infanzia di ala;scuola dell'infanzia di ala;infanzia
scuola dell'infanzia di masi di cavalese;scuola dell'infanzia di masi di cavalese;infanzia
scuola dell'infanzia di storo;scuola dell'infanzia di storo;infanzia
scuola dell'infanzia di molina di ledro;scuola dell'infanzia di molina di  ledro;infanzia
scuola dell'infanzia di vigo cortesano;scuola dell'infanzia di vigo cortesano;infanzia
scuola dell'infanzia di fondo;scuola dell'infanzia di fondo;infanzia
scuola dell'infanzia di bondone;scuola dell'infanzia di bondone;infanzia
scuola dell'infanzia di trento  canossiane;scuola dell'infanzia di trento  canossiane;infanzia
circolo di coordinamento n. 9;scuola dell'infanzia di terragnolo piazza;infanzia
circolo di coordinamento n. 9;"scuola dell'infanzia di rovereto rione sud  ""il giardino incantato""";infanzia
circolo di coordinamento n. 9;"scuola dell'infanzia di rovereto san giorgio   ""don a. rossaro""";infanzia
circolo di coordinamento n. 9;"scuola dell'infanzia di rovereto lizzana  ""girogirotondo""";infanzia
circolo di coordinamento n. 9;scuola dell'infanzia di rovereto fucine;infanzia
"scuola dell'infanzia di pergine  ""g.b. chimelli""";"scuola dell'infanzia di pergine  ""g.b. chimelli""";infanzia
scuola dell'infanzia di roncogno di pergine;scuola dell'infanzia di roncogno di pergine;infanzia
circolo di coordinamento n. 9;"scuola dell'infanzia di anghebeni ""il sorriso di andrea""";infanzia
circolo di coordinamento n. 2;"scuola dell'infanzia di villa agnedo ""natale alpino""";infanzia
circolo di coordinamento n. 9;scuola dell'infanzia di rovereto noriglio;infanzia
circolo di coordinamento n. 8;"scuola dell'infanzia di riva  ""rione 2 giugno""";infanzia
circolo di coordinamento n. 7;"scuola dell'infanzia di grumo ""il giardino del sole""";infanzia
circolo di coordinamento n. 10;scuola dell'infanzia di isera;infanzia
circolo di coordinamento n. 1;scuola dell'infanzia di daiano-varena;infanzia
circolo di coordinamento n. 9;"scuola dell'infanzia di tierno mori  ""il girasole""";infanzia
scuola dell'infanzia di tesero;scuola dell'infanzia di tesero;infanzia
"scuola dell'infanzia di roncone  ""mario amistadi sciavina odv""";"scuola dell'infanzia di roncone  ""mario amistadi sciavina odv""";infanzia
scuola dell'infanzia di denno;scuola dell'infanzia di denno;infanzia
circolo di coordinamento n. 11;"scuola dell'infanzia di cavareno ""peter pan""";infanzia
circolo di coordinamento n. 3;"scuola dell'infanzia di trento cristo re ""piccolo principe""";infanzia
circolo di coordinamento n. 9;"scuola dell'infanzia di rovereto ""c. battisti""";infanzia
circolo di coordinamento n. 5;scuola dell'infanzia di trento piedicastello;infanzia
scuola dell'infanzia di villa lagarina;scuola dell'infanzia di villa lagarina;infanzia
centro formazione professionale enaip - tesero;settore industria e artigianato;formazione professionale
centro formazione professionale enaip - tesero;settore servizi;formazione professionale
centro formazione professionale enaip - primiero;settore servizi;formazione professionale
centro formazione professionale enaip - villazzano;settore industria e artigianato serale;formazione professionale
centro formazione professionale opera armida barelli - levico;settore servizi;formazione professionale
"societa' cooperativa a r.l. ""i. de carneri"" oxford civezzano";settore servizi;formazione professionale
centro formazione professionale enaip - cles;settore industria e artigianato;formazione professionale
centro formazione professionale upt - cles;settore servizi;formazione professionale
centro formazione professionale upt - tione di trento;settore servizi;formazione professionale
centro formazione professionale enaip - primiero;settore industria e artigianato;formazione professionale
centro formazione professionale enaip - tione di trento;settore industria e artigianato;formazione professionale
centro formazione professionale upt - trento;settore servizi;formazione professionale
"istituto di formazione professionale alberghiero ""giuseppe cipriani""- levico";settore industria e artigianato;formazione professionale
istituto di formazione professionale alberghiero - rovereto;settore industria e artigianato;formazione professionale
"istituto di formazione professionale servizi alla persona e legno ""s. pertini"" ";settore industria e artigianato serale;formazione professionale
"istituto di formazione professionale servizi alla persona e legno ""s. pertini"" ";settore servizi serale;formazione professionale
"istituto di formazione professionale servizi alla persona e legno ""s. pertini"" ";settore industria e artigianato;formazione professionale
"istituto di formazione professionale servizi alla persona e legno ""s. pertini"" ";settore servizi;formazione professionale
centro formazione professionale upt - rovereto;settore servizi;formazione professionale
"istituto di formazione professionale alberghiero ""giuseppe cipriani""- levico";settore servizi serale;formazione professionale
istituto di formazione professionale alberghiero - rovereto;settore servizi serale;formazione professionale
centro formazione professionale enaip - ossana;settore servizi;formazione professionale
polo giuseppe veronesi;settore industria e artigianato serale;formazione professionale
centro formazione professionale upt - trento;settore servizi serale;formazione professionale
istituto di formazione professionale alberghiero - rovereto;settore servizi;formazione professionale
centro formazione professionale enaip - varone di riva del garda;settore servizi;formazione professionale
centro formazione professionale enaip - tione di trento;settore servizi;formazione professionale
"liceo ""a. rosmini"" - trento";cc educazione adulti alberghiero;formazione professionale
centro formazione professionale opera armida barelli - rovereto;settore servizi;formazione professionale
fondazione edmund mach - istituto agrario san michele all'adige;settore agricoltura e ambiente;formazione professionale
centro formazione professionale pavoniano artigianelli - trento;settore industria e artigianato;formazione professionale
"centro formazione professionale ""centromoda canossa"" ";settore industria e artigianato;formazione professionale
centro formazione professionale upt - arco;settore servizi;formazione professionale
centro formazione professionale enaip - arco;settore industria e artigianato;formazione professionale
centro formazione professionale enaip - villazzano;settore industria e artigianato;formazione professionale
polo giuseppe veronesi;settore industria e artigianato;formazione professionale
centro formazione professionale enaip - borgo valsugana;settore industria e artigianato;formazione professionale
centro formazione professionale upt - borgo valsugana;settore servizi;formazione professionale
"istituto di formazione professionale alberghiero ""giuseppe cipriani""- levico";settore servizi;formazione professionale
istituto comprensivo borgo valsugana;"scuola primaria ""rita levi montalcini"" borgo valsugana";primaria
istituto comprensivo borgo valsugana;scuola primaria grigno;primaria
associazione pedagogica steineriana - trento;associazione r. steiner - primaria;primaria
scuola ladina di fassa - scola ladina de fascia;"scuola primaria ""g. rizzi"" canazei";primaria
scuola ladina di fassa - scola ladina de fascia;"scuola primaria ""padre e. chiocchetti"" moena";primaria
scuola ladina di fassa - scola ladina de fascia;"scuola primaria ""don g. b. massar"" vigo di fassa";primaria
scuola ladina di fassa - scola ladina de fascia;"scuola primaria ""don l. gross"" pozza di fassa";primaria
istituto comprensivo mori;scuola primaria mori;primaria
istituto comprensivo cavalese;scuola primaria castello di fiemme;primaria
istituto comprensivo cavalese;scuola primaria cavalese;primaria
"istituto comprensivo del chiese ""don l. milani""";scuola primaria pieve di bono - creto;primaria
istituto comprensivo lavis;"scuola primaria ""don g. grazioli"" lavis";primaria
istituto comprensivo taio;"scuola primaria ""mons. a. negri"" tres";primaria
istituto comprensivo civezzano;scuola primaria seregnano civezzano;primaria
istituto comprensivo alta val di sole;"scuola primaria ""e. bezzi"" ossana";primaria
istituto comprensivo giudicarie esteriori;scuola primaria campo lomaso;primaria
istituto comprensivo mezzocorona;"scuola primaria ""f.lli bronzetti"" rovere' della luna";primaria
istituto comprensivo strigno e tesino;scuola primaria samone;primaria
istituto comprensivo trento 6;"scuola primaria ""san vigilio"" vela";primaria
istituto comprensivo centro valsugana;"scuola primaria ""p. martinelli"" roncegno terme";primaria
istituto comprensivo riva 1;"scuola primaria ""n. pernici"" riva del garda";primaria
"istituto comprensivo pergine 2 ""c. freinet""";"scuola primaria ""g. rodari"" pergine valsugana";primaria
istituto comprensivo cembra;"scuola primaria ""don l. milani"" lases";primaria
istituto comprensivo mezzocorona;"scuola primaria ""a. degasperi"" mezzocorona";primaria
istituto comprensivo civezzano;"scuola primaria ""a. girardi"" fornace";primaria
istituto comprensivo giudicarie esteriori;scuola primaria rango bleggio superiore;primaria
istituto comprensivo cavalese;scuola primaria molina di fiemme;primaria
istituto comprensivo rovereto est;"scuola primaria ""n. valduga"" terragnolo";primaria
istituto comprensivo strigno e tesino;scuola primaria strigno;primaria
istituto comprensivo valle dei laghi - dro;scuola primaria pietramurata;primaria
istituto comprensivo centro valsugana;scuola primaria ronchi valsugana;primaria
istituto comprensivo riva 1;scuola primaria s. alessandro riva del garda;primaria
istituto comprensivo lavis;scuola primaria pressano lavis;primaria
istituto comprensivo bassa anaunia - tuenno;scuola primaria tassullo;primaria
istituto comprensivo valle dei laghi - dro;scuola primaria cavedine;primaria
cooperativa sociale sacra famiglia onlus;scuola primaria sacra famiglia trento;primaria
istituto comprensivo mezzocorona;"scuola primaria ""f. biasi"" s.michele all'adige";primaria
istituto comprensivo alta val di sole;scuola primaria cogolo di peio;primaria
istituto comprensivo valle dei laghi - dro;scuola primaria sarche calavino;primaria
"istituto comprensivo del chiese ""don l. milani""";"scuola primaria ""padre c. gnesotti"" storo";primaria
istituto comprensivo bassa anaunia - tuenno;scuola primaria flavon;primaria
istituto comprensivo riva 1;scuola primaria nago torbole;primaria
"istituto comprensivo cles ""b. clesio""";"scuola primaria ""o.focherini m.marchesi"" mione rumo";primaria
istituto comprensivo pergine 1;scuola primaria canezza;primaria
istituto comprensivo pergine 1;scuola primaria s.felice fierozzo;primaria
istituto comprensivo mezzolombardo - paganella;scuola primaria andalo;primaria
istituto comprensivo strigno e tesino;"scuola primaria ""a. degasperi"" pieve tesino";primaria
istituto comprensivo alta val di sole;scuola primaria commezzadura;primaria
istituto comprensivo aldeno mattarello;scuola primaria cimone;primaria
istituto comprensivo trento 6;"scuola primaria ""a. schmid"" cristo re trento";primaria
"istituto comprensivo ala ""antonio bresciani""";"scuola primaria ""a. betta"" ala";primaria
istituto comprensivo villa lagarina;"scuola primaria ""l. vicentini"" nomi";primaria
istituto comprensivo di scuola primaria e secondaria di primiero;"scuola primaria ""f. loss"" canal san bovo";primaria
istituto comprensivo lavis;"scuola primaria ""a. frank"" zambana";primaria
istituto comprensivo strigno e tesino;scuola primaria villa agnedo;primaria
istituto comprensivo mori;scuola primaria ronzo chienis;primaria
istituto comprensivo vigolo vattaro;"scuola primaria ""a. fogazzaro"" vattaro";primaria
istituto comprensivo di scuola primaria e secondaria di primiero;"scuola primaria ""b. zanetel"" s.martino di castrozza";primaria
istituto comprensivo cembra;"scuola primaria ""p. marconi"" faver";primaria
istituto comprensivo giudicarie esteriori;scuola primaria fiave';primaria
istituto comprensivo valle dei laghi - dro;scuola primaria terlago;primaria
"istituto comprensivo pergine 2 ""c. freinet""";scuola primaria susa';primaria
istituto comprensivo pergine 1;scuola primaria zivignago;primaria
istituto comprensivo giudicarie esteriori;"scuola primaria ""san g. bosco"" s.lorenzo in banale";primaria
istituto comprensivo trento 6;scuola primaria cadine;primaria
istituto comprensivo alta val di sole;scuola primaria passo tonale;primaria
istituto comprensivo centro valsugana;scuola primaria marter;primaria
istituto comprensivo vigolo vattaro;"scuola primaria ""don t. segnana"" centa san nicolo'";primaria
istituto comprensivo cembra;"scuola primaria ""p. sartori"" sover";primaria
"istituto comprensivo pergine 2 ""c. freinet""";scuola primaria madrano;primaria
"istituto comprensivo trento 2 ""j. a. comenius""";scuola primaria casa serena;primaria
collegio arcivescovile dame inglesi - rovereto;scuola primaria arcivescovile dame inglesi rovereto;primaria
istituto comprensivo mezzocorona;scuola primaria grumo;primaria
istituto comprensivo rovereto est;"scuola primaria ""regina elena"" rovereto";primaria
"istituto comprensivo trento 2 ""j. a. comenius""";"scuola primaria ""e. bernardi"" cognola";primaria
istituto comprensivo bassa anaunia - tuenno;scuola primaria vigo ton;primaria
"istituto comprensivo riva 2 ""l. pizzini""";"scuola primaria ""o. lucchi"" tenno";primaria
"istituto comprensivo riva 2 ""l. pizzini""";"scuola primaria ""g. fedrigoni"" varone riva del garda";primaria
istituto comprensivo bassa anaunia - tuenno;"scuola primaria ""m. pezzi"" campodenno";primaria
istituto comprensivo rovereto nord;"scuola primaria ""d. chiesa"" noriglio";primaria
istituto comprensivo vigolo vattaro;scuola primaria vigolo vattaro;primaria
istituto comprensivo cavalese;scuola primaria carano;primaria
istituto comprensivo civezzano;scuola primaria albiano;primaria
istituto comprensivo trento 6;"scuola primaria ""s. pertini"" sopramonte";primaria
istituto comprensivo cembra;scuola primaria cembra;primaria
"istituto comprensivo cles ""b. clesio""";scuola primaria cles;primaria
istituto comprensivo valle dei laghi - dro;scuola primaria dro;primaria
istituto comprensivo villa lagarina;"scuola primaria ""r. galvagni"" pomarolo";primaria
istituto comprensivo pergine 1;"scuola primaria ""don l. milani"" pergine valsugana";primaria
"istituto comprensivo trento 2 ""j. a. comenius""";"scuola primaria ""r. belenzani"" s.vito";primaria
istituto comprensivo mezzolombardo - paganella;scuola primaria nave san rocco;primaria
istituto comprensivo cavalese;scuola primaria capriana;primaria
istituto comprensivo bassa anaunia - tuenno;"scuola primaria ""mons. s. weber"" denno";primaria
istituto comprensivo rovereto est;"scuola primaria ""f. cavallin"" vallarsa raossi";primaria
"istituto comprensivo pergine 2 ""c. freinet""";scuola primaria canale;primaria
"istituto comprensivo del chiese ""don l. milani""";scuola primaria storo - lodrone;primaria
istituto comprensivo centro valsugana;"scuola primaria ""t. v. gozzer"" castelnuovo";primaria
istituto comprensivo levico terme;"scuola primaria ""c. chiesa"" caldonazzo";primaria
istituto comprensivo cavalese;scuola primaria casatta valfloriana;primaria
"istituto comprensivo del chiese ""don l. milani""";"scuola primaria ""g. papaleoni"" condino";primaria
istituto comprensivo aldeno mattarello;scuola primaria romagnano trento;primaria
istituto comprensivo centro valsugana;scuola primaria telve;primaria
istituto comprensivo cembra;scuola primaria verla giovo;primaria
istituto comprensivo cavalese;scuola primaria masi cavalese;primaria
istituto comprensivo centro valsugana;"scuola primaria ""c. corradi"" novaledo";primaria
istituto comprensivo centro valsugana;scuola primaria telve di sopra;primaria
istituto comprensivo valle dei laghi - dro;scuola primaria vigo cavedine;primaria
istituto comprensivo rovereto nord;"scuola primaria ""m. k. gandhi"" rovereto";primaria
istituto comprensivo trento 4;scuola primaria localita' madonna bianca trento;primaria
istituto comprensivo trento 6;"scuola primaria ""beato s. bellesini"" trento";primaria
istituto comprensivo trento 6;"scuola primaria ""a. degasperi"" sardagna";primaria
istituto comprensivo trento 4;scuola primaria clarina trento;primaria
istituto comprensivo mezzolombardo - paganella;"scuola primaria ""san g. bosco"" spormaggiore";primaria
istituto comprensivo pergine 1;scuola primaria sant'orsola;primaria
istituto comprensivo strigno e tesino;scuola primaria ospedaletto;primaria
"istituto comprensivo ala ""antonio bresciani""";"scuola primaria ""m.t. di calcutta"" serravalle";primaria
istituto comprensivo villa lagarina;scuola primaria nogaredo;primaria
istituto comprensivo giudicarie esteriori;"scuola primaria ""g. graffer"" stenico";primaria
istituto comprensivo valle dei laghi - dro;scuola primaria calavino;primaria
istituto comprensivo alta val di sole;scuola primaria vermiglio;primaria
istituto comprensivo villa lagarina;"scuola primaria ""p. lodron"" villa lagarina";primaria
istituto comprensivo isera - rovereto;"scuola primaria ""f.lli filzi"" rovereto";primaria
collegio arcivescovile c.endrici - trento;scuola primaria arcivescovile trento;primaria
istituto comprensivo bassa anaunia - tuenno;"scuola primaria ""v. maistrelli"" tuenno";primaria
istituto comprensivo aldeno mattarello;scuola primaria mattarello;primaria
istituto comprensivo trento 4;scuola primaria ospedale infantile trento;primaria
"istituto comprensivo riva 2 ""l. pizzini""";"scuola primaria ""a. zadra"" rione degasperi riva del garda";primaria
istituto comprensivo mezzolombardo - paganella;"scuola primaria ""c. darwin"" mezzolombardo";primaria
istituto comprensivo strigno e tesino;scuola primaria scurelle;primaria
istituto comprensivo levico terme;"scuola primaria ""padre b. martinelli"" calceranica al lago";primaria
"istituto comprensivo trento 2 ""j. a. comenius""";"scuola primaria ""r. zandonai"" martignano";primaria
istituto comprensivo levico terme;scuola primaria levico terme;primaria
istituto comprensivo di scuola primaria e secondaria di primiero;"scuola primaria ""card. j. bernardin"" tonadico";primaria
istituto comprensivo valle dei laghi - dro;scuola primaria vezzano;primaria
istituto comprensivo rovereto est;scuola primaria moscheri trambileno;primaria
istituto comprensivo taio;scuola primaria coredo;primaria
istituto comprensivo brentonico;scuola primaria brentonico;primaria
istituto comprensivo fondo - revo';"scuola primaria ""madre teresa di calcutta"" romeno";primaria
istituto comprensivo fondo - revo';"scuola primaria ""c.a. martini"" revo'";primaria
istituto comprensivo arco;scuola primaria massone;primaria
istituto comprensivo avio;scuola primaria sabbionara di avio;primaria
istituto comprensivo fondo - revo';"scuola primaria ""stefano zuech"" brez";primaria
istituto comprensivo arco;scuola primaria bolognano;primaria
istituto comprensivo fondo - revo';scuola primaria sarnonico;primaria
istituto comprensivo fondo - revo';"scuola primaria ""padre a. stefenelli"" fondo";primaria
istituto comprensivo valle di ledro;scuola primaria tiarno di sopra;primaria
istituto comprensivo avio;scuola primaria avio;primaria
istituto comprensivo valle di ledro;scuola primaria molina di ledro;primaria
istituto comprensivo arco;scuola primaria romarzollo;primaria
istituto comprensivo valle di ledro;"scuola primaria ""o. ferrari"" enguiso";primaria
istituto comprensivo fondo - revo';scuola primaria castelfondo;primaria
istituto comprensivo fondo - revo';scuola primaria sanzeno;primaria
istituto gardascuola;scuola primaria gardascuola arco;primaria
istituto comprensivo trento 5;"scuola primaria ""r. sanzio"" trento";primaria
istituto comprensivo trento 5;"scuola primaria ""f. crispi"" trento";primaria
istituto comprensivo trento 5;"scuola primaria ""a. gorfer"" trento";primaria
istituto comprensivo rovereto sud;"scuola primaria ""d. alighieri"" rovereto";primaria
istituto comprensivo rovereto sud;"scuola primaria ""f. guella"" lizzana";primaria
istituto comprensivo rovereto sud;"scuola primaria ""a. rosmini"" marco";primaria
istituto comprensivo val rendena;"scuola primaria ""g. b. righi"" madonna di campiglio";primaria
istituto comprensivo val rendena;"scuola primaria ""v. gabriotti"" giustino";primaria
istituto comprensivo val rendena;"scuola primaria ""s. massari"" spiazzo";primaria
istituto comprensivo val rendena;scuola primaria dare';primaria
istituto comprensivo val rendena;"scuola primaria ""n. bolognini"" pinzolo";primaria
istituto comprensivo val rendena;scuola primaria carisolo;primaria
istituto comprensivo val rendena;"scuola primaria ""t. giustina"" caderzone";primaria
istituto salesiano s. croce - mezzano;scuola primaria santa croce mezzano;primaria
scuola paritaria la vela - fondazione famiglia materna - rovereto;"scuola primaria ""la vela"" rovereto";primaria
istituto sacro cuore - trento;scuola primaria sacro cuore trento;primaria
"istituto comprensivo cles ""b. clesio""";"scuola primaria ""chiara lubich"" livo ";primaria
istituto comprensivo arco;"scuola primaria ""g. segantini"" arco";primaria
istituto comprensivo folgaria - lavarone - luserna;scuola primaria lavarone;primaria
istituto comprensivo alta vallagarina;"scuola primaria ""a.de valentini"" calliano";primaria
istituto comprensivo altopiano di pine';"scuola primaria ""g. dallafior"" baselga di pine'";primaria
istituto comprensivo tione;scuola primaria bondo-breguzzo;primaria
"istituto comprensivo trento 7 ""rita levi montalcini""";"scuola primaria ""pigarelli"" gardolo trento";primaria
istituto comprensivo altopiano di pine';"scuola primaria ""g. verdi"" miola baselga di pine'";primaria
"istituto comprensivo bassa val di sole ""g. ciccolini""";scuola primaria dimaro;primaria
istituto comprensivo tione;scuola primaria tione di trento;primaria
istituto comprensivo tione;"scuola primaria ""a. prandini"" roncone";primaria
istituto comprensivo tione;scuola primaria ragoli;primaria
istituto comprensivo predazzo tesero panchia' ziano;"scuola primaria ""i. masia"" ziano di fiemme";primaria
"istituto comprensivo bassa val di sole ""g. ciccolini""";"scuola primaria ""b. pezzen"" croviana";primaria
"istituto comprensivo trento 7 ""rita levi montalcini""";"scuola primaria ""i. calvino"" vigo meano";primaria
istituto comprensivo altopiano di pine';"scuola primaria  ""abramo andreatta"" bedollo";primaria
"istituto comprensivo trento 7 ""rita levi montalcini""";"scuola primaria ""s. anna"" gardolo trento";primaria
istituto comprensivo tione;scuola primaria zuclo;primaria
"istituto comprensivo trento 7 ""rita levi montalcini""";"scuola primaria ""e. de carli"" meano";primaria
istituto comprensivo predazzo tesero panchia' ziano;"scuola primaria ""g. manega"" tesero";primaria
istituto comprensivo predazzo tesero panchia' ziano;"scuola primaria ""m. morandini degasperi"" predazzo";primaria
istituto comprensivo alta vallagarina;"scuola primaria ""g. tovazzi"" volano";primaria
"istituto comprensivo bassa val di sole ""g. ciccolini""";scuola primaria s.bernardo rabbi;primaria
istituto comprensivo folgaria - lavarone - luserna;"scuola primaria ""s. lauton"" folgaria";primaria
"istituto comprensivo bassa val di sole ""g. ciccolini""";scuola primaria caldes;primaria
istituto comprensivo alta vallagarina;"scuola primaria ""s. pellico"" besenello";primaria
"istituto comprensivo bassa val di sole ""g. ciccolini""";"scuola primaria ""c. cristoforetti"" male'";primaria
"istituto comprensivo trento 1 ""margherita hack""";"scuola primaria ""u. moggioli"" povo";primaria
"istituto comprensivo trento 1 ""margherita hack""";"scuola primaria ""g. a. tomasi"" villazzano";primaria
istituto comprensivo di scuola primaria e secondaria di primiero;scuola primaria mezzano;primaria
istituto comprensivo trento 3;"scuola primaria ""a. nicolodi"" trento";primaria
istituto comprensivo trento 3;"scuola primaria ""d. savio"" trento";primaria
istituto comprensivo trento 3;scuola primaria ravina;primaria
istituto comprensivo trento 3;"scuola primaria ""g. b. de gaspari"" trento";primaria
istituto comprensivo cavalese;scuola primaria varena;primaria
istituto comprensivo mezzolombardo - paganella;"scuola primaria ""don l. rossi"" fai della paganella";primaria
istituto comprensivo levico terme;"scuola primaria ""g. rosanelli"" tenna";primaria
istituto comprensivo taio;scuola primaria taio;primaria
istituto comprensivo isera - rovereto;"scuola primaria ""r. levi montalcini"" isera";primaria
istituto comprensivo civezzano;"scuola primaria ""g. b. borsieri"" civezzano";primaria
istituto comprensivo cembra;scuola primaria stedro segonzano;primaria
istituto comprensivo mezzolombardo - paganella;"scuola primaria ""l. nicolussi"" molveno";primaria
istituto comprensivo fondo - revo';scuola primaria cavareno;primaria
istituto comprensivo aldeno mattarello;scuola primaria aldeno;primaria
istituto comprensivo borgo valsugana;"scuola secondaria di primo grado ""ora e veglia"" borgo valsugana";secondaria di primo grado
associazione pedagogica steineriana - trento;associazione r. steiner - secondaria i grado;secondaria di primo grado
scuola ladina di fassa - scola ladina de fascia;scuola secondaria di primo grado pozza di fassa;secondaria di primo grado
scuola ladina di fassa - scola ladina de fascia;"scuola secondaria di primo grado ""t. soraruf"" campitello di fassa";secondaria di primo grado
scuola ladina di fassa - scola ladina de fascia;"scuola secondaria di primo grado ""don g. jori"" moena";secondaria di primo grado
istituto comprensivo rovereto nord;"scuola secondaria di primo grado ""l. negrelli"" rovereto";secondaria di primo grado
"istituto tecnico economico e tecnologico ""c.a. pilati"" - cles";educazione per adulti relativa al primo ciclo;secondaria di primo grado
"istituto di istruzione ""m. curie"" - pergine valsugana";educazione per adulti relativa al primo ciclo;secondaria di primo grado
istituto comprensivo mezzolombardo - paganella;"scuola secondaria di primo grado ""c. battisti"" andalo";secondaria di primo grado
istituto comprensivo mezzolombardo - paganella;"scuola secondaria di primo grado ""a. eccher dall'eco"" mezzolombardo";secondaria di primo grado
istituto comprensivo taio;"scuola secondaria di primo grado ""f. barbacovi"" taio";secondaria di primo grado
istituto comprensivo civezzano;scuola secondaria di primo grado albiano;secondaria di primo grado
istituto comprensivo taio;"scuola secondaria di primo grado ""f. barbacovi"" coredo";secondaria di primo grado
istituto comprensivo riva 1;"scuola secondaria di primo grado ""d. chiesa"" riva del garda";secondaria di primo grado
istituto salesiano maria ausiliatrice - trento;scuola secondaria di primo grado maria ausiliatrice trento;secondaria di primo grado
"istituto di istruzione ""l. guetti"" - tione di trento";educazione per adulti relativa al primo ciclo;secondaria di primo grado
"istituto comprensivo riva 2 ""l. pizzini""";"scuola secondaria di primo grado ""s. sighele"" riva del garda";secondaria di primo grado
istituto comprensivo pergine 1;"scuola secondaria di primo grado ""c. andreatta"" pergine valsugana";secondaria di primo grado
istituto comprensivo levico terme;"scuola secondaria di primo grado ""g. b. de gasparis"" levico terme";secondaria di primo grado
istituto comprensivo cavalese;"scuola secondaria di primo grado ""g. segantini"" cavalese";secondaria di primo grado
istituto comprensivo strigno e tesino;scuola secondaria di primo grado castello tesino;secondaria di primo grado
"istituto comprensivo cles ""b. clesio""";"scuola secondaria di primo grado ""v. inama"" cles";secondaria di primo grado
istituto comprensivo mezzolombardo - paganella;scuola secondaria di primo grado spormaggiore;secondaria di primo grado
"istituto di istruzione ""m. martini"" - mezzolombardo";educazione per adulti relativa al primo ciclo;secondaria di primo grado
"istituto comprensivo trento 2 ""j. a. comenius""";"scuola secondaria di primo grado ""argentario"" trento";secondaria di primo grado
istituto comprensivo giudicarie esteriori;"scuola secondaria di primo grado ""g. prati"" ponte arche";secondaria di primo grado
istituto comprensivo villa lagarina;"scuola secondaria di primo grado ""a. frank"" villa lagarina";secondaria di primo grado
istituto comprensivo centro valsugana;"scuola secondaria di primo grado ""m. pola"" roncegno terme";secondaria di primo grado
istituto comprensivo lavis;"scuola secondaria di primo grado ""a. stainer"" lavis";secondaria di primo grado
"istituto comprensivo pergine 2 ""c. freinet""";"scuola secondaria di primo grado ""t. garbari"" pergine valsugana";secondaria di primo grado
collegio arcivescovile dame inglesi - rovereto;scuola secondaria di primo grado arcivescovile dame inglesi rovereto;secondaria di primo grado
istituto comprensivo trento 6;"scuola secondaria di primo grado ""a. manzoni"" trento";secondaria di primo grado
istituto comprensivo cembra;"scuola secondaria di primo grado ""a. vielmetti"" cembra";secondaria di primo grado
istituto comprensivo bassa anaunia - tuenno;"scuola secondaria di primo grado ""v. vielmetti"" denno";secondaria di primo grado
"liceo ""a. rosmini"" - trento";educazione per adulti relativa al primo ciclo;secondaria di primo grado
istituto comprensivo vigolo vattaro;scuola secondaria di primo grado vigolo vattaro;secondaria di primo grado
"istituto di istruzione ""la rosa bianca"" - cavalese";educazione per adulti relativa al primo ciclo;secondaria di primo grado
istituto comprensivo civezzano;"scuola secondaria di primo grado ""g. alessandrini"" civezzano";secondaria di primo grado
collegio arcivescovile c.endrici - trento;scuola secondaria di primo grado arcivescovile trento;secondaria di primo grado
istituto comprensivo strigno e tesino;"scuola secondaria di primo grado ""o. brentari"" strigno";secondaria di primo grado
istituto comprensivo alta val di sole;"scuola secondaria di primo grado ""c. zanella"" fucine di ossana";secondaria di primo grado
istituto comprensivo valle dei laghi - dro;"scuola secondaria di primo grado ""c. madruzzo"" cavedine";secondaria di primo grado
"istituto comprensivo del chiese ""don l. milani""";"scuola secondaria di primo grado ""g. leopardi"" storo";secondaria di primo grado
istituto comprensivo cembra;scuola secondaria di primo grado verla giovo;secondaria di primo grado
istituto comprensivo centro valsugana;"scuola secondaria di primo grado ""don l. milani"" telve";secondaria di primo grado
istituto comprensivo rovereto est;"scuola secondaria di primo grado ""d. chiesa"" rovereto";secondaria di primo grado
istituto comprensivo di scuola primaria e secondaria di primiero;"scuola secondaria di primo grado ""l. negrelli""  - fiera di primiero";secondaria di primo grado
istituto comprensivo valle dei laghi - dro;"scuola secondaria di primo grado ""s. bellesini"" vezzano";secondaria di primo grado
istituto comprensivo di scuola primaria e secondaria di primiero;scuola secondaria di primo grado canal san bovo;secondaria di primo grado
istituto comprensivo mori;"scuola secondaria di primo grado ""b. malfatti"" mori";secondaria di primo grado
istituto comprensivo isera - rovereto;"scuola secondaria di primo grado ""a. degasperi"" rovereto";secondaria di primo grado
istituto comprensivo valle dei laghi - dro;"scuola secondaria di primo grado ""nuova europa"" dro";secondaria di primo grado
istituto comprensivo cembra;scuola secondaria di primo grado stedro segonzano;secondaria di primo grado
"istituto comprensivo del chiese ""don l. milani""";"scuola secondaria di primo grado ""g. pascoli"" pieve di bono";secondaria di primo grado
istituto comprensivo mezzocorona;"scuola secondaria di primo grado ""e. chini"" mezzocorona";secondaria di primo grado
"istituto di istruzione ""a. degasperi"" - borgo valsugana";educazione per adulti relativa al primo ciclo;secondaria di primo grado
istituto comprensivo trento 4;"scuola secondaria di primo grado ""o. winkler"" trento";secondaria di primo grado
"istituto comprensivo ala ""antonio bresciani""";"scuola secondaria di primo grado ""c. battisti"" ala";secondaria di primo grado
istituto comprensivo aldeno mattarello;"scuola secondaria di primo grado ""a. fogazzaro"" mattarello";secondaria di primo grado
istituto comprensivo bassa anaunia - tuenno;"scuola secondaria di primo grado ""e. leonardi"" tuenno";secondaria di primo grado
"istituto tecnico economico e tecnologico ""g. floriani"" - riva del garda";educazione per adulti relativa al primo ciclo;secondaria di primo grado
istituto comprensivo brentonico;scuola secondaria di primo grado brentonico;secondaria di primo grado
istituto comprensivo fondo - revo';"scuola secondaria di primo grado ""g. b. lampi"" fondo";secondaria di primo grado
istituto comprensivo arco;"scuola secondaria di primo grado ""n. d'arco"" arco";secondaria di primo grado
istituto comprensivo avio;"scuola secondaria di primo grado ""d. alighieri"" avio";secondaria di primo grado
istituto comprensivo fondo - revo';"scuola secondaria di primo grado ""c.a. martini"" revo'";secondaria di primo grado
istituto comprensivo valle di ledro;"scuola secondaria di primo grado ""g. garibaldi"" bezzecca";secondaria di primo grado
istituto gardascuola;scuola secondaria di primo grado gardascuola arco;secondaria di primo grado
istituto comprensivo trento 5;"scuola secondaria di primo grado ""g. bresadola"" trento";secondaria di primo grado
istituto comprensivo rovereto sud;"scuola secondaria di primo grado ""f. halbherr"" rovereto";secondaria di primo grado
istituto comprensivo val rendena;"scuola secondaria di primo grado ""b. de averaria"" spiazzo";secondaria di primo grado
istituto comprensivo val rendena;"scuola secondaria di primo grado ""g. b. righi"" madonna di campiglio";secondaria di primo grado
istituto comprensivo val rendena;"scuola secondaria di primo grado ""l. da vinci"" pinzolo";secondaria di primo grado
"istituto di istruzione ""don l.milani"" - rovereto";educazione per adulti relativa al primo ciclo;secondaria di primo grado
istituto salesiano s. croce - mezzano;scuola secondaria di primo grado santa croce mezzano;secondaria di primo grado
scuola paritaria la vela - fondazione famiglia materna - rovereto;"scuola secondaria di primo grado ""la vela"" rovereto";secondaria di primo grado
istituto sacro cuore - trento;scuola secondaria di primo grado sacro cuore trento;secondaria di primo grado
"istituto comprensivo bassa val di sole ""g. ciccolini""";"scuola secondaria di primo grado ""g. ciccolini"" male'";secondaria di primo grado
istituto comprensivo predazzo tesero panchia' ziano;"scuola secondaria di primo grado ""g. alberti"" tesero";secondaria di primo grado
istituto comprensivo predazzo tesero panchia' ziano;"scuola secondaria di primo grado ""marzari pencati"" predazzo";secondaria di primo grado
istituto comprensivo tione;scuola secondaria di primo grado roncone;secondaria di primo grado
istituto comprensivo altopiano di pine';"scuola secondaria di primo grado ""don giuseppe tarter""baselga di pine'";secondaria di primo grado
istituto comprensivo folgaria - lavarone - luserna;"scuola secondaria di primo grado ""p. rella"" folgaria";secondaria di primo grado
istituto comprensivo tione;"scuola secondaria di primo grado ""legione trentina"" tione di trento";secondaria di primo grado
istituto comprensivo alta vallagarina;"scuola secondaria di primo grado ""alta vallagarina"" volano";secondaria di primo grado
istituto comprensivo folgaria - lavarone - luserna;"scuola secondaria di primo grado ""g. prati"" lavarone";secondaria di primo grado
"istituto comprensivo trento 7 ""rita levi montalcini""";"scuola secondaria di primo grado ""s. pedrolli"" gardolo trento";secondaria di primo grado
"istituto comprensivo trento 1 ""margherita hack""";"scuola secondaria di primo grado ""g. pascoli"" povo";secondaria di primo grado
istituto comprensivo borgo valsugana;"scuola secondaria di primo grado ""s. fante"" grigno";secondaria di primo grado
istituto comprensivo trento 3;"scuola secondaria di primo grado ""bronzetti - segantini"" trento";secondaria di primo grado
istituto comprensivo aldeno mattarello;scuola secondaria di primo grado aldeno;secondaria di primo grado
scuola ladina di fassa - scola ladina de fascia;liceo ladino delle lingue;secondaria di secondo grado
scuola ladina di fassa - scola ladina de fascia;liceo scientifico;secondaria di secondo grado
"istituto tecnico economico e tecnologico ""c.a. pilati"" - cles";istituto tecnico per il settore tecnologico;secondaria di secondo grado
"istituto di istruzione ""l. guetti"" - tione di trento";istituto tecnico per il settore tecnologico;secondaria di secondo grado
"liceo ""a. rosmini"" - rovereto";liceo classico;secondaria di secondo grado
"istituto di istruzione ""a. degasperi"" - borgo valsugana";istituto tecnico per il settore economico serale;secondaria di secondo grado
"liceo linguistico ""s. m. scholl"" - trento";liceo linguistico;secondaria di secondo grado
"liceo ""a. rosmini"" - rovereto";liceo linguistico;secondaria di secondo grado
"istituto tecnico economico e tecnologico ""c.a. pilati"" - cles";istituto tecnico per il settore economico serale;secondaria di secondo grado
"istituto di istruzione ""m. martini"" - mezzolombardo";liceo scientifico opzione scienze applicate;secondaria di secondo grado
"istituto di istruzione ""m. martini"" - mezzolombardo";istituto tecnico per il settore tecnologico;secondaria di secondo grado
collegio arcivescovile c.endrici - trento;istituto tecnico per il settore economico;secondaria di secondo grado
"istituto di istruzione ""a. degasperi"" - borgo valsugana";istituto tecnico per il settore tecnologico;secondaria di secondo grado
"istituto di istruzione ""l. guetti"" - tione di trento";liceo scientifico;secondaria di secondo grado
"societa' cooperativa a r.l. ""i. de carneri"" oxford civezzano";istituto tecnico per il settore tecnologico;secondaria di secondo grado
"istituto di istruzione ""la rosa bianca"" - cavalese";istituto tecnico per il settore tecnologico;secondaria di secondo grado
"istituto di istruzione ""m. curie"" - pergine valsugana";liceo delle scienze umane;secondaria di secondo grado
"istituto di istruzione ""a. degasperi"" - borgo valsugana";liceo scientifico;secondaria di secondo grado
"liceo ""a. rosmini"" - rovereto";liceo scientifico opzione scienze applicate;secondaria di secondo grado
"istituto di istruzione ""la rosa bianca"" - cavalese";istituto tecnico per il settore economico - predazzo;secondaria di secondo grado
"istituto di istruzione ""a. degasperi"" - borgo valsugana";istituto tecnico per il settore tecnologico serale;secondaria di secondo grado
"istituto tecnico economico e tecnologico ""g. floriani"" - riva del garda";istituto tecnico per il settore tecnologico;secondaria di secondo grado
istituto comprensivo di scuola primaria e secondaria di primiero;istituto tecnico per il settore tecnologico;secondaria di secondo grado
"istituto di istruzione ""la rosa bianca"" - cavalese";liceo scientifico;secondaria di secondo grado
"istituto di istruzione ""a. degasperi"" - borgo valsugana";istituto tecnico per il settore economico;secondaria di secondo grado
"istituto tecnico tecnologico ""g. marconi"" - rovereto";istituto tecnico per il settore tecnologico;secondaria di secondo grado
"istituto di istruzione ""m. martini"" - mezzolombardo";istituto tecnico per il settore economico;secondaria di secondo grado
"istituto tecnico economico e tecnologico ""f. e g. fontana"" - rovereto";istituto tecnico per il settore economico;secondaria di secondo grado
collegio arcivescovile c.endrici - trento;istituto tecnico per il settore tecnologico;secondaria di secondo grado
"istituto di istruzione ""m. martini"" - mezzolombardo";liceo delle scienze umane opzione economico sociale;secondaria di secondo grado
"istituto tecnico economico e tecnologico ""f. e g. fontana"" - rovereto";istituto tecnico per il settore economico serale;secondaria di secondo grado
"istituto di istruzione ""a. degasperi"" - borgo valsugana";liceo scientifico opzione scienze applicate;secondaria di secondo grado
istituto comprensivo di scuola primaria e secondaria di primiero;istituto tecnico per il settore economico;secondaria di secondo grado
"istituto tecnico economico e tecnologico ""g. floriani"" - riva del garda";istituto tecnico per il settore economico serale;secondaria di secondo grado
"istituto di istruzione ""l. guetti"" - tione di trento";liceo delle scienze umane;secondaria di secondo grado
fondazione edmund mach - istituto agrario san michele all'adige;istituto tecnico per il settore tecnologico;secondaria di secondo grado
"istituto di istruzione ""la rosa bianca"" - cavalese";liceo delle scienze umane opzione economico sociale;secondaria di secondo grado
collegio arcivescovile c.endrici - trento;liceo scientifico arcivescovile - trento;secondaria di secondo grado
"liceo ""a. rosmini"" - trento";liceo delle scienze umane opzione economico sociale;secondaria di secondo grado
"istituto tecnico economico e tecnologico ""g. floriani"" - riva del garda";istituto tecnico per il settore tecnologico serale;secondaria di secondo grado
"istituto di istruzione ""l. guetti"" - tione di trento";istituto tecnico per il settore economico;secondaria di secondo grado
"istituto di istruzione ""m. curie"" - pergine valsugana";liceo scientifico;secondaria di secondo grado
"istituto tecnico economico e tecnologico ""c.a. pilati"" - cles";istituto tecnico per il settore economico;secondaria di secondo grado
istituto comprensivo di scuola primaria e secondaria di primiero;liceo scientifico opzione scienze applicate;secondaria di secondo grado
"istituto di istruzione ""l. guetti"" - tione di trento";istituto tecnico per il settore tecnologico serale;secondaria di secondo grado
"liceo scientifico ""g. galilei"" - trento";liceo scientifico;secondaria di secondo grado
"istituto di istruzione ""m. curie"" - pergine valsugana";istituto tecnico per il settore economico - levico;secondaria di secondo grado
"liceo classico ""g. prati"" - trento";liceo classico;secondaria di secondo grado
"istituto di istruzione ""la rosa bianca"" - cavalese";istituto tecnico per il settore tecnologico serale - predazzo;secondaria di secondo grado
"istituto tecnico economico e tecnologico ""c.a. pilati"" - cles";istituto tecnico per il settore tecnologico serale;secondaria di secondo grado
"istituto di istruzione ""l. guetti"" - tione di trento";liceo scientifico opzione scienze applicate;secondaria di secondo grado
"istituto di istruzione ""m. curie"" - pergine valsugana";liceo linguistico;secondaria di secondo grado
"istituto di istruzione ""la rosa bianca"" - cavalese";liceo delle scienze umane;secondaria di secondo grado
"istituto di istruzione ""la rosa bianca"" - cavalese";liceo linguistico;secondaria di secondo grado
"istituto di istruzione ""l. guetti"" - tione di trento";istituto tecnico per il settore economico serale;secondaria di secondo grado
"istituto di istruzione ""m. martini"" - mezzolombardo";istituto tecnico per il settore economico serale;secondaria di secondo grado
"istituto tecnico economico e tecnologico ""g. floriani"" - riva del garda";istituto tecnico per il settore economico;secondaria di secondo grado
"societa' cooperativa a r.l. ""i. de carneri"" oxford civezzano";istituto professionale per il settore dei servizi;secondaria di secondo grado
"societa' cooperativa a r.l. ""i. de carneri"" oxford civezzano";istituto tecnico per il settore economico;secondaria di secondo grado
"istituto di istruzione ""a. degasperi"" - borgo valsugana";liceo delle scienze umane;secondaria di secondo grado
"istituto di istruzione ""l. guetti"" - tione di trento";liceo linguistico;secondaria di secondo grado
"istituto tecnico economico ""a. tambosi"" - trento";istituto tecnico per il settore economico serale;secondaria di secondo grado
"istituto tecnico economico ""a. tambosi"" - trento";istituto tecnico per il settore economico;secondaria di secondo grado
"istituto tecnico economico e tecnologico ""f. e g. fontana"" - rovereto";istituto tecnico per il settore tecnologico serale;secondaria di secondo grado
"istituto tecnico tecnologico ""g. marconi"" - rovereto";istituto tecnico per il settore tecnologico serale;secondaria di secondo grado
"liceo ""a. rosmini"" - trento";liceo delle scienze umane;secondaria di secondo grado
collegio arcivescovile dame inglesi - rovereto;liceo linguistico arcivescovile dame inglesi - rovereto;secondaria di secondo grado
"liceo scientifico ""g. galilei"" - trento";liceo scientifico opzione scienze applicate;secondaria di secondo grado
"istituto di istruzione ""m. curie"" - pergine valsugana";istituto tecnico per il settore tecnologico serale;secondaria di secondo grado
"liceo ""a. rosmini"" - rovereto";liceo scientifico;secondaria di secondo grado
"istituto di istruzione ""m. curie"" - pergine valsugana";istituto tecnico per il settore tecnologico;secondaria di secondo grado
collegio arcivescovile c.endrici - trento;liceo classico arcivescovile - trento;secondaria di secondo grado
"istituto di istruzione ""m. martini"" - mezzolombardo";liceo scientifico;secondaria di secondo grado
"liceo scientifico ""l. da vinci"" - trento";liceo scientifico;secondaria di secondo grado
"liceo scientifico ""l. da vinci"" - trento";liceo scientifico opzione scienze applicate;secondaria di secondo grado
"liceo ""b. russell"" - cles";liceo delle scienze umane opzione economico sociale;secondaria di secondo grado
"istituto tecnico tecnologico ""m. buonarroti"" - trento";istituto tecnico per il settore tecnologico serale;secondaria di secondo grado
"liceo ""b. russell"" - cles";liceo scientifico;secondaria di secondo grado
"liceo ""b. russell"" - cles";liceo scientifico opzione scienze applicate;secondaria di secondo grado
"liceo ""b. russell"" - cles";liceo delle scienze umane;secondaria di secondo grado
"liceo ""b. russell"" - cles";liceo classico;secondaria di secondo grado
"istituto tecnico tecnologico ""m. buonarroti"" - trento";istituto tecnico per il settore tecnologico;secondaria di secondo grado
"liceo ""b. russell"" - cles";liceo linguistico;secondaria di secondo grado
scuola ladina di fassa - scola ladina de fascia;liceo artistico;secondaria di secondo grado
istituto gardascuola;liceo scientifico opzione scienze applicate;secondaria di secondo grado
istituto gardascuola;istituto tecnico per il settore economico;secondaria di secondo grado
"liceo delle arti di trento e rovereto ""vittoria-bonporti-depero""";"liceo artistico ""vittoria"" - trento";secondaria di secondo grado
"liceo delle arti di trento e rovereto ""vittoria-bonporti-depero""";liceo musicale coreutico ;secondaria di secondo grado
"liceo delle arti di trento e rovereto ""vittoria-bonporti-depero""";"liceo artistico ""depero""- rovereto";secondaria di secondo grado
"istituto di istruzione ""don l.milani"" - rovereto";istituto tecnico per il settore economico;secondaria di secondo grado
"istituto di istruzione ""don l.milani"" - rovereto";istituto tecnico per il settore economico serale;secondaria di secondo grado
centro formazione professionale enaip - villazzano;capes - settore industria e artigianato;secondaria di secondo grado
"istituto di istruzione ""don l.milani"" - rovereto";istituto professionale per il settore dei servizi serale;secondaria di secondo grado
"istituto di istruzione ""a. degasperi"" - borgo valsugana";istituto professionale per i servizi sanitari serale;secondaria di secondo grado
"istituto di istruzione ""don l.milani"" - rovereto";istituto professionale per il settore dei servizi;secondaria di secondo grado
istituto sacro cuore - trento;liceo artistico;secondaria di secondo grado
istituto sacro cuore - trento;liceo delle scienze umane;secondaria di secondo grado
istituto sacro cuore - trento;liceo scientifico opzione scienze applicate ;secondaria di secondo grado
polo giuseppe veronesi;capes - settore industria e artigianato;secondaria di secondo grado
polo giuseppe veronesi;liceo scientifico opzione scienze applicate steam;secondaria di secondo grado
"liceo ""a. rosmini"" - trento";liceo delle scienze umane opzione economico sociale serale;secondaria di secondo grado
centro formazione professionale pavoniano artigianelli - trento;capes - settore industria e artigianato;secondaria di secondo grado
"liceo ""a. maffei"" - riva del garda";liceo delle scienze umane;secondaria di secondo grado
"liceo ""a. maffei"" - riva del garda";liceo classico;secondaria di secondo grado
"liceo ""a. maffei"" - riva del garda";liceo scientifico opzione scienze applicate;secondaria di secondo grado
"liceo ""f. filzi"" - rovereto";liceo delle scienze umane opzione economico sociale;secondaria di secondo grado
centro formazione professionale enaip - ossana;capes - settore servizi;secondaria di secondo grado
"liceo ""f. filzi"" - rovereto";liceo delle scienze umane;secondaria di secondo grado
"liceo ""a. maffei"" - riva del garda";liceo linguistico;secondaria di secondo grado
"liceo ""a. maffei"" - riva del garda";liceo musicale e coreutico;secondaria di secondo grado
"liceo ""a. maffei"" - riva del garda";liceo scientifico;secondaria di secondo grado
"istituto di istruzione ""la rosa bianca"" - cavalese";istituto tecnico per il settore economico serale - predazzo;secondaria di secondo grado
"liceo ""a. rosmini"" - trento";liceo del made in italy;secondaria di secondo grado
"istituto di istruzione ""m. curie"" - pergine valsugana";istituto tecnico per il settore economico serale;secondaria di secondo grado
"istituto di istruzione ""m. curie"" - pergine valsugana";liceo del made in italy;secondaria di secondo grado
centro formazione professionale upt - rovereto;capes - settore servizi;secondaria di secondo grado
"liceo ""a. rosmini"" - trento";cc educazione adulti secondo ciclo les;secondaria di secondo grado
"istituto di istruzione ""m. curie"" - pergine valsugana";liceo delle scienze umane opzione economico sociale;secondaria di secondo grado
associazione pedagogica steineriana - trento;"liceo delle scienze umane ""scuola steiner"" trento";secondaria di secondo grado
"istituto di istruzione ""m. curie"" - pergine valsugana";istituto tecnico per il settore economico - pergine;secondaria di secondo grado
centro formazione professionale enaip - arco;capes - settore industria e artigianato;secondaria di secondo grado
"istituto tecnico economico e tecnologico ""f. e g. fontana"" - rovereto";istituto tecnico per il settore tecnologico;secondaria di secondo grado
"centro formazione professionale ""centromoda canossa"" ";capes - settore industria e artigianato;secondaria di secondo grado
centro formazione professionale enaip - tesero;capes - settore servizi;secondaria di secondo grado
centro formazione professionale upt - cles;capes - settore servizi;secondaria di secondo grado
centro formazione professionale upt - tione di trento;capes - settore servizi;secondaria di secondo grado
centro formazione professionale upt - arco;capes - settore servizi;secondaria di secondo grado
"istituto di formazione professionale alberghiero ""giuseppe cipriani""- levico";capes - settore servizi;secondaria di secondo grado
centro formazione professionale enaip - borgo valsugana;capes - settore industria e artigianato;secondaria di secondo grado
centro formazione professionale opera armida barelli - rovereto;capes - settore servizi;secondaria di secondo grado
istituto gardascuola;istituto tecnico per il settore tecnologico;secondaria di secondo grado
istituto di formazione professionale alberghiero - rovereto;capes - settore servizi;secondaria di secondo grado
"istituto di formazione professionale servizi alla persona e legno ""s. pertini"" ";capes - settore servizi;secondaria di secondo grado
centro formazione professionale upt - trento;capes - settore servizi;secondaria di secondo grado
"liceo ""b. russell"" - cles";liceo del made in italy;secondaria di secondo grado
centro formazione professionale enaip - varone di riva del garda;capes - settore servizi;secondaria di secondo grado
centro formazione professionale enaip - tione di trento;capes - settore industria e artigianato;secondaria di secondo grado
centro formazione professionale enaip - tione di trento;capes - settore servizi;secondaria di secondo grado
"istituto di istruzione ""m. martini"" - mezzolombardo";liceo del made in italy;secondaria di secondo grado
fondazione edmund mach - istituto agrario san michele all'adige;capes - settore agricoltura e ambiente;secondaria di secondo grado
