name;school link
capes - settore industria e artigianato;https://www.vivoscuola.it/content/view/full/170199
settore industria e artigianato;https://www.vivoscuola.it/content/view/full/29266
settore industria e artigianato serale;https://www.vivoscuola.it/content/view/full/29267
"scuola primaria ""a. zadra"" rione degasperi riva del garda";https://www.vivoscuola.it/content/view/full/29632
"scuola primaria ""g. fedrigoni"" varone riva del garda";https://www.vivoscuola.it/content/view/full/29633
"scuola primaria ""o. lucchi"" tenno";https://www.vivoscuola.it/content/view/full/29634
"scuola secondaria di primo grado ""s. sighele"" riva del garda";https://www.vivoscuola.it/content/view/full/29635
"scuola dell'infanzia di marco-rovereto ""g. e a. rosmini-serbati odv""";https://www.vivoscuola.it/content/view/full/30030
"scuola primaria ""a. girardi"" fornace";https://www.vivoscuola.it/content/view/full/29512
"scuola primaria ""g. b. borsieri"" civezzano";https://www.vivoscuola.it/content/view/full/29513
scuola primaria albiano;https://www.vivoscuola.it/content/view/full/29514
scuola primaria seregnano civezzano;https://www.vivoscuola.it/content/view/full/29515
"scuola secondaria di primo grado ""g. alessandrini"" civezzano";https://www.vivoscuola.it/content/view/full/29516
scuola secondaria di primo grado albiano;https://www.vivoscuola.it/content/view/full/29517
scuola dell'infanzia di ghiaie di gardolo;https://www.vivoscuola.it/content/view/full/30010
scuola dell'infanzia di cloz e brez;https://www.vivoscuola.it/content/view/full/29980
scuola dell'infanzia di montesover;https://www.vivoscuola.it/content/view/full/30056
scuola dell'infanzia di pilcante;https://www.vivoscuola.it/content/view/full/30084
scuola dell'infanzia di dimaro;https://www.vivoscuola.it/content/view/full/29996
scuola dell'infanzia di molina di  ledro;https://www.vivoscuola.it/content/view/full/30050
"scuola dell'infanzia di serso ""don ochner odv""";https://www.vivoscuola.it/content/view/full/141892
scuola dell'infanzia di pedersano;https://www.vivoscuola.it/content/view/full/30074
scuola dell'infanzia di moena;https://www.vivoscuola.it/content/view/full/30048
"scuola primaria ""e. de carli"" meano";https://www.vivoscuola.it/content/view/full/29712
"scuola primaria ""i. calvino"" vigo meano";https://www.vivoscuola.it/content/view/full/29713
"scuola primaria ""pigarelli"" gardolo trento";https://www.vivoscuola.it/content/view/full/29714
"scuola primaria ""s. anna"" gardolo trento";https://www.vivoscuola.it/content/view/full/29715
"scuola secondaria di primo grado ""s. pedrolli"" gardolo trento";https://www.vivoscuola.it/content/view/full/29716
"scuola primaria ""c. darwin"" mezzolombardo";https://www.vivoscuola.it/content/view/full/29591
"scuola primaria ""don l. rossi"" fai della paganella";https://www.vivoscuola.it/content/view/full/29592
"scuola primaria ""l. nicolussi"" molveno";https://www.vivoscuola.it/content/view/full/29593
"scuola primaria ""san g. bosco"" spormaggiore";https://www.vivoscuola.it/content/view/full/29594
scuola primaria andalo;https://www.vivoscuola.it/content/view/full/29595
scuola primaria nave san rocco;https://www.vivoscuola.it/content/view/full/29596
"scuola secondaria di primo grado ""a. eccher dall'eco"" mezzolombardo";https://www.vivoscuola.it/content/view/full/29597
"scuola secondaria di primo grado ""c. battisti"" andalo";https://www.vivoscuola.it/content/view/full/29598
scuola secondaria di primo grado spormaggiore;https://www.vivoscuola.it/content/view/full/29599
scuola dell'infanzia di fiavè;https://www.vivoscuola.it/content/view/full/30000
scuola dell'infanzia di cristo re -trento;https://www.vivoscuola.it/content/view/full/29986
scuola dell'infanzia di molveno;https://www.vivoscuola.it/content/view/full/30054
scuola dell'infanzia di pozza di trambileno;https://www.vivoscuola.it/content/view/full/30092
scuola dell'infanzia di tenno;https://www.vivoscuola.it/content/view/full/30166
liceo linguistico;https://www.vivoscuola.it/content/view/full/29899
scuola dell'infanzia di carano;https://www.vivoscuola.it/content/view/full/29958
educazione per adulti relativa al primo ciclo;https://www.vivoscuola.it/content/view/full/29761
istituto professionale per i servizi sanitari serale;https://www.vivoscuola.it/content/view/full/29762
istituto tecnico per il settore economico;https://www.vivoscuola.it/content/view/full/29763
istituto tecnico per il settore economico serale;https://www.vivoscuola.it/content/view/full/29764
istituto tecnico per il settore tecnologico;https://www.vivoscuola.it/content/view/full/29765
istituto tecnico per il settore tecnologico serale;https://www.vivoscuola.it/content/view/full/29766
liceo delle scienze umane;https://www.vivoscuola.it/content/view/full/29767
liceo scientifico;https://www.vivoscuola.it/content/view/full/29768
liceo scientifico opzione scienze applicate;https://www.vivoscuola.it/content/view/full/29769
"scuola dell'infanzia di ranzo ""amici scuola infanzia di ranzo odv""";https://www.vivoscuola.it/content/view/full/30100
scuola dell'infanzia di sabbionara;https://www.vivoscuola.it/content/view/full/30128
"scuola dell'infanzia di rovereto ""rosmini""";https://www.vivoscuola.it/content/view/full/30120
scuola dell'infanzia di villa lagarina;https://www.vivoscuola.it/content/view/full/30218
capes - settore servizi;https://www.vivoscuola.it/content/view/full/170204
settore servizi;https://www.vivoscuola.it/content/view/full/29281
"scuola dell'infanzia di cavedago  ""l'albero azzurro""";https://www.vivoscuola.it/content/view/full/29373
"scuola dell'infanzia di cles  ""casa del sole""";https://www.vivoscuola.it/content/view/full/29374
scuola dell'infanzia di cunevo;https://www.vivoscuola.it/content/view/full/29375
scuola dell'infanzia di fai paganella;https://www.vivoscuola.it/content/view/full/29376
"scuola dell'infanzia di grumo ""il giardino del sole""";https://www.vivoscuola.it/content/view/full/29377
"scuola dell'infanzia di rallo di tassullo  ""nuovo germoglio""";https://www.vivoscuola.it/content/view/full/29378
"scuola dell'infanzia di revò ""i girasoli""";https://www.vivoscuola.it/content/view/full/29379
scuola dell'infanzia di roverè della luna;https://www.vivoscuola.it/content/view/full/29380
"scuola dell'infanzia di s.michele all' adige  ""il germoglio""";https://www.vivoscuola.it/content/view/full/29381
"scuola dell'infanzia di sporminore ""fratelli remondini""";https://www.vivoscuola.it/content/view/full/29382
"scuola dell'infanzia di vervò  ""il bosco degli gnomi""";https://www.vivoscuola.it/content/view/full/29383
educazione per adulti relativa al primo ciclo;https://www.vivoscuola.it/content/view/full/29882
liceo delle scienze umane;https://www.vivoscuola.it/content/view/full/29883
liceo delle scienze umane opzione economico sociale;https://www.vivoscuola.it/content/view/full/29884
liceo delle scienze umane opzione economico sociale serale;https://www.vivoscuola.it/content/view/full/29885
liceo del made in italy;https://www.vivoscuola.it/content/view/full/439667
cc educazione adulti alberghiero;https://www.vivoscuola.it/content/view/full/457154
cc educazione adulti secondo ciclo les;https://www.vivoscuola.it/content/view/full/457155
scuola dell'infanzia di vigo lomaso;https://www.vivoscuola.it/content/view/full/30212
scuola dell'infanzia di bezzecca - a. cis;https://www.vivoscuola.it/content/view/full/29385
"scuola dell'infanzia di darzo ""l'albero delle castagne""";https://www.vivoscuola.it/content/view/full/29387
scuola dell'infanzia di dro;https://www.vivoscuola.it/content/view/full/29388
scuola dell'infanzia di preore;https://www.vivoscuola.it/content/view/full/29389
"scuola dell'infanzia di riva  ""rione 2 giugno""";https://www.vivoscuola.it/content/view/full/29390
scuola dell'infanzia di romarzollo;https://www.vivoscuola.it/content/view/full/29391
scuola dell'infanzia di tiarno di sopra;https://www.vivoscuola.it/content/view/full/29392
scuola dell'infanzia di zuclo bolbeno;https://www.vivoscuola.it/content/view/full/29393
scuola dell'infanzia di mollaro;https://www.vivoscuola.it/content/view/full/30052
"scuola dell'infanzia di giovo  ""il pellicano""";https://www.vivoscuola.it/content/view/full/29365
scuola dell'infanzia di grumes;https://www.vivoscuola.it/content/view/full/29366
"scuola dell'infanzia di trento  martignano  ""arcobaleno""";https://www.vivoscuola.it/content/view/full/29367
"scuola dell'infanzia di trento  meano  ""m. r. giobatta partelloni""";https://www.vivoscuola.it/content/view/full/29368
"scuola dell'infanzia di trento  melta di gardolo  ""il girasole""";https://www.vivoscuola.it/content/view/full/29369
"scuola dell'infanzia di trento  solteri  ""il quadrifoglio""";https://www.vivoscuola.it/content/view/full/29370
"scuola dell'infanzia di zambana ""girotondo""";https://www.vivoscuola.it/content/view/full/29371
scuola primaria calavino;https://www.vivoscuola.it/content/view/full/29729
scuola primaria cavedine;https://www.vivoscuola.it/content/view/full/29730
scuola primaria dro;https://www.vivoscuola.it/content/view/full/29731
scuola primaria pietramurata;https://www.vivoscuola.it/content/view/full/29732
scuola primaria sarche calavino;https://www.vivoscuola.it/content/view/full/29733
scuola primaria terlago;https://www.vivoscuola.it/content/view/full/29734
scuola primaria vezzano;https://www.vivoscuola.it/content/view/full/29735
scuola primaria vigo cavedine;https://www.vivoscuola.it/content/view/full/29736
"scuola secondaria di primo grado ""c. madruzzo"" cavedine";https://www.vivoscuola.it/content/view/full/29737
"scuola secondaria di primo grado ""nuova europa"" dro";https://www.vivoscuola.it/content/view/full/29738
"scuola secondaria di primo grado ""s. bellesini"" vezzano";https://www.vivoscuola.it/content/view/full/29739
"scuola primaria ""a. gorfer"" trento";https://www.vivoscuola.it/content/view/full/29698
"scuola primaria ""f. crispi"" trento";https://www.vivoscuola.it/content/view/full/29699
"scuola primaria ""r. sanzio"" trento";https://www.vivoscuola.it/content/view/full/29700
"scuola secondaria di primo grado ""g. bresadola"" trento";https://www.vivoscuola.it/content/view/full/29702
scuola dell'infanzia di vezzano;https://www.vivoscuola.it/content/view/full/30206
scuola dell'infanzia di torbole;https://www.vivoscuola.it/content/view/full/30174
"scuola dell'infanzia di riva  ""degasperi""";https://www.vivoscuola.it/content/view/full/30104
scuola dell'infanzia di brentonico;https://www.vivoscuola.it/content/view/full/29948
scuola dell'infanzia di segno;https://www.vivoscuola.it/content/view/full/30136
scuola dell'infanzia di scurelle;https://www.vivoscuola.it/content/view/full/30134
scuola dell'infanzia di s. croce bleggio;https://www.vivoscuola.it/content/view/full/30122
scuola primaria brentonico;https://www.vivoscuola.it/content/view/full/63289
scuola secondaria di primo grado brentonico;https://www.vivoscuola.it/content/view/full/65577
scuola dell'infanzia di mori;https://www.vivoscuola.it/content/view/full/30058
scuola dell'infanzia di povo;https://www.vivoscuola.it/content/view/full/30090
scuola dell'infanzia di cembra;https://www.vivoscuola.it/content/view/full/29974
scuola dell'infanzia di serravalle;https://www.vivoscuola.it/content/view/full/30140
scuola dell'infanzia di pieve di bono;https://www.vivoscuola.it/content/view/full/30082
scuola dell'infanzia di vigo di fassa;https://www.vivoscuola.it/content/view/full/30214
"scuola primaria ""a. frank"" zambana";https://www.vivoscuola.it/content/view/full/29574
"scuola primaria ""don g. grazioli"" lavis";https://www.vivoscuola.it/content/view/full/29575
scuola primaria pressano lavis;https://www.vivoscuola.it/content/view/full/29576
"scuola secondaria di primo grado ""a. stainer"" lavis";https://www.vivoscuola.it/content/view/full/29577
scuola dell'infanzia di s. margherita di ala;https://www.vivoscuola.it/content/view/full/30126
scuola primaria santa croce mezzano;https://www.vivoscuola.it/content/view/full/29830
scuola secondaria di primo grado santa croce mezzano;https://www.vivoscuola.it/content/view/full/29831
scuola dell'infanzia di martignano;https://www.vivoscuola.it/content/view/full/30034
scuola dell'infanzia di ponte arche;https://www.vivoscuola.it/content/view/full/30088
liceo linguistico arcivescovile dame inglesi - rovereto;https://www.vivoscuola.it/content/view/full/29238
scuola primaria arcivescovile dame inglesi rovereto;https://www.vivoscuola.it/content/view/full/29239
scuola secondaria di primo grado arcivescovile dame inglesi rovereto;https://www.vivoscuola.it/content/view/full/29240
"scuola primaria ""c.a. martini"" revo'";https://www.vivoscuola.it/content/view/full/29551
"scuola primaria ""madre teresa di calcutta"" romeno";https://www.vivoscuola.it/content/view/full/29552
"scuola primaria ""padre a. stefenelli"" fondo";https://www.vivoscuola.it/content/view/full/29553
"scuola primaria ""stefano zuech"" brez";https://www.vivoscuola.it/content/view/full/29554
scuola primaria castelfondo;https://www.vivoscuola.it/content/view/full/29555
scuola primaria cavareno;https://www.vivoscuola.it/content/view/full/29556
scuola primaria sanzeno;https://www.vivoscuola.it/content/view/full/29557
scuola primaria sarnonico;https://www.vivoscuola.it/content/view/full/29558
"scuola secondaria di primo grado ""c.a. martini"" revo'";https://www.vivoscuola.it/content/view/full/29559
"scuola secondaria di primo grado ""g. b. lampi"" fondo";https://www.vivoscuola.it/content/view/full/29560
scuola dell'infanzia di cles;https://www.vivoscuola.it/content/view/full/29978
"scuola primaria ""a. betta"" ala";https://www.vivoscuola.it/content/view/full/29422
"scuola primaria ""m.t. di calcutta"" serravalle";https://www.vivoscuola.it/content/view/full/29423
"scuola secondaria di primo grado ""c. battisti"" ala";https://www.vivoscuola.it/content/view/full/29424
scuola dell'infanzia di spormaggiore;https://www.vivoscuola.it/content/view/full/30152
scuola dell'infanzia di borgo valsugana;https://www.vivoscuola.it/content/view/full/29946
educazione per adulti relativa al primo ciclo;https://www.vivoscuola.it/content/view/full/29847
istituto tecnico per il settore economico;https://www.vivoscuola.it/content/view/full/29848
istituto tecnico per il settore economico serale;https://www.vivoscuola.it/content/view/full/29849
istituto tecnico per il settore tecnologico;https://www.vivoscuola.it/content/view/full/29850
istituto tecnico per il settore tecnologico serale;https://www.vivoscuola.it/content/view/full/29851
scuola dell'infanzia di carisolo;https://www.vivoscuola.it/content/view/full/29960
"scuola primaria ""e. bezzi"" ossana";https://www.vivoscuola.it/content/view/full/29433
scuola primaria cogolo di peio;https://www.vivoscuola.it/content/view/full/29434
scuola primaria commezzadura;https://www.vivoscuola.it/content/view/full/29435
scuola primaria passo tonale;https://www.vivoscuola.it/content/view/full/29436
scuola primaria vermiglio;https://www.vivoscuola.it/content/view/full/29438
"scuola secondaria di primo grado ""c. zanella"" fucine di ossana";https://www.vivoscuola.it/content/view/full/29439
scuola dell'infanzia di barco di levico;https://www.vivoscuola.it/content/view/full/29938
scuola dell'infanzia di volano;https://www.vivoscuola.it/content/view/full/30224
scuola dell'infanzia di grigno;https://www.vivoscuola.it/content/view/full/30012
"scuola primaria ""c. corradi"" novaledo";https://www.vivoscuola.it/content/view/full/29503
"scuola primaria ""p. martinelli"" roncegno terme";https://www.vivoscuola.it/content/view/full/29504
"scuola primaria ""t. v. gozzer"" castelnuovo";https://www.vivoscuola.it/content/view/full/29505
scuola primaria marter;https://www.vivoscuola.it/content/view/full/29506
scuola primaria telve;https://www.vivoscuola.it/content/view/full/29507
scuola primaria telve di sopra;https://www.vivoscuola.it/content/view/full/29508
"scuola secondaria di primo grado ""don l. milani"" telve";https://www.vivoscuola.it/content/view/full/29509
"scuola secondaria di primo grado ""m. pola"" roncegno terme";https://www.vivoscuola.it/content/view/full/29510
scuola primaria ronchi valsugana;https://www.vivoscuola.it/content/view/full/65578
scuola dell'infanzia di vigo cortesano;https://www.vivoscuola.it/content/view/full/30210
"scuola primaria ""s. lauton"" folgaria";https://www.vivoscuola.it/content/view/full/29542
scuola primaria lavarone;https://www.vivoscuola.it/content/view/full/29543
"scuola secondaria di primo grado ""g. prati"" lavarone";https://www.vivoscuola.it/content/view/full/29544
"scuola secondaria di primo grado ""p. rella"" folgaria";https://www.vivoscuola.it/content/view/full/29545
scuola dell'infanzia di folgaria;https://www.vivoscuola.it/content/view/full/29546
"scuola dell'infanzia di lavarone ""casa dell'arcobaleno""";https://www.vivoscuola.it/content/view/full/29547
scuola dell'infanzia di luserna;https://www.vivoscuola.it/content/view/full/29548
scuola dell'infanzia di nosellari folgaria;https://www.vivoscuola.it/content/view/full/29549
capes - settore industria e artigianato;https://www.vivoscuola.it/content/view/full/170193
settore industria e artigianato;https://www.vivoscuola.it/content/view/full/29251
scuola dell'infanzia di cavedine;https://www.vivoscuola.it/content/view/full/29972
"scuola primaria ""a. degasperi"" sardagna";https://www.vivoscuola.it/content/view/full/29704
"scuola primaria ""a. schmid"" cristo re trento";https://www.vivoscuola.it/content/view/full/29705
"scuola primaria ""beato s. bellesini"" trento";https://www.vivoscuola.it/content/view/full/29706
"scuola primaria ""s. pertini"" sopramonte";https://www.vivoscuola.it/content/view/full/29707
"scuola primaria ""san vigilio"" vela";https://www.vivoscuola.it/content/view/full/29708
scuola primaria cadine;https://www.vivoscuola.it/content/view/full/29709
"scuola secondaria di primo grado ""a. manzoni"" trento";https://www.vivoscuola.it/content/view/full/29710
scuola dell'infanzia di marter;https://www.vivoscuola.it/content/view/full/30032
"scuola dell'infanzia di trento ""s. antonio odv""";https://www.vivoscuola.it/content/view/full/30192
scuola dell'infanzia di campodenno;https://www.vivoscuola.it/content/view/full/29956
scuola dell'infanzia di trento  s. bartolomeo;https://www.vivoscuola.it/content/view/full/30188
"scuola dell'infanzia di anghebeni ""il sorriso di andrea""";https://www.vivoscuola.it/content/view/full/122611
"scuola dell'infanzia di rovereto ""c. battisti""";https://www.vivoscuola.it/content/view/full/29396
scuola dell'infanzia di rovereto fucine;https://www.vivoscuola.it/content/view/full/29397
"scuola dell'infanzia di rovereto lizzana  ""girogirotondo""";https://www.vivoscuola.it/content/view/full/29398
scuola dell'infanzia di rovereto noriglio;https://www.vivoscuola.it/content/view/full/29399
"scuola dell'infanzia di rovereto rione sud  ""il giardino incantato""";https://www.vivoscuola.it/content/view/full/29400
"scuola dell'infanzia di rovereto san giorgio   ""don a. rossaro""";https://www.vivoscuola.it/content/view/full/29401
scuola dell'infanzia di terragnolo piazza;https://www.vivoscuola.it/content/view/full/29403
"scuola dell'infanzia di tierno mori  ""il girasole""";https://www.vivoscuola.it/content/view/full/29404
"scuola primaria ""o. ferrari"" enguiso";https://www.vivoscuola.it/content/view/full/29741
scuola primaria molina di ledro;https://www.vivoscuola.it/content/view/full/29742
scuola primaria tiarno di sopra;https://www.vivoscuola.it/content/view/full/29743
"scuola secondaria di primo grado ""g. garibaldi"" bezzecca";https://www.vivoscuola.it/content/view/full/29744
"liceo delle scienze umane ""scuola steiner"" trento";https://www.vivoscuola.it/content/view/full/148606
associazione r. steiner - primaria;https://www.vivoscuola.it/content/view/full/29225
associazione r. steiner - secondaria i grado;https://www.vivoscuola.it/content/view/full/29226
educazione per adulti relativa al primo ciclo;https://www.vivoscuola.it/content/view/full/29782
istituto tecnico per il settore economico - predazzo;https://www.vivoscuola.it/content/view/full/29783
istituto tecnico per il settore economico serale - predazzo;https://www.vivoscuola.it/content/view/full/29784
istituto tecnico per il settore tecnologico;https://www.vivoscuola.it/content/view/full/29785
istituto tecnico per il settore tecnologico serale - predazzo;https://www.vivoscuola.it/content/view/full/29786
liceo delle scienze umane opzione economico sociale;https://www.vivoscuola.it/content/view/full/29787
liceo linguistico;https://www.vivoscuola.it/content/view/full/29788
liceo scientifico;https://www.vivoscuola.it/content/view/full/29789
liceo delle scienze umane;https://www.vivoscuola.it/content/view/full/65579
"scuola dell'infanzia di canazei ""don simone micheluzzi de ciciol""";https://www.vivoscuola.it/content/view/full/29406
"scuola dell'infanzia di pera di fassa ""don edy cinzol""";https://www.vivoscuola.it/content/view/full/29407
scuola dell'infanzia di soraga;https://www.vivoscuola.it/content/view/full/29408
"scuola primaria ""don l. milani"" lases";https://www.vivoscuola.it/content/view/full/29493
"scuola primaria ""p. marconi"" faver";https://www.vivoscuola.it/content/view/full/29494
"scuola primaria ""p. sartori"" sover";https://www.vivoscuola.it/content/view/full/29495
scuola primaria cembra;https://www.vivoscuola.it/content/view/full/29496
scuola primaria stedro segonzano;https://www.vivoscuola.it/content/view/full/29497
scuola primaria verla giovo;https://www.vivoscuola.it/content/view/full/29498
"scuola secondaria di primo grado ""a. vielmetti"" cembra";https://www.vivoscuola.it/content/view/full/29499
scuola secondaria di primo grado stedro segonzano;https://www.vivoscuola.it/content/view/full/29500
scuola secondaria di primo grado verla giovo;https://www.vivoscuola.it/content/view/full/29501
scuola dell'infanzia di castelfondo;https://www.vivoscuola.it/content/view/full/29312
"scuola dell'infanzia di cavareno ""peter pan""";https://www.vivoscuola.it/content/view/full/29313
scuola dell'infanzia di cogolo;https://www.vivoscuola.it/content/view/full/29314
"scuola dell'infanzia di livo ""battito d'ali""";https://www.vivoscuola.it/content/view/full/29315
"scuola dell'infanzia di mezzana ""a. ravelli""";https://www.vivoscuola.it/content/view/full/29316
scuola dell'infanzia di mione rumo;https://www.vivoscuola.it/content/view/full/29317
scuola dell'infanzia di monclassico;https://www.vivoscuola.it/content/view/full/29318
"scuola dell'infanzia di pellizzano ""antonio bontempelli""";https://www.vivoscuola.it/content/view/full/29320
scuola dell'infanzia di rabbi;https://www.vivoscuola.it/content/view/full/29321
"scuola dell'infanzia di romeno  ""città della gioia""";https://www.vivoscuola.it/content/view/full/29322
scuola dell'infanzia di ruffrè;https://www.vivoscuola.it/content/view/full/29323
"scuola dell'infanzia di sarnonico ""giardino dei sogni""";https://www.vivoscuola.it/content/view/full/29324
"scuola dell'infanzia di terzolas ""caterina graifenberg""";https://www.vivoscuola.it/content/view/full/29325
scuola dell'infanzia di casez;https://www.vivoscuola.it/content/view/full/29962
istituto tecnico per il settore economico;https://www.vivoscuola.it/content/view/full/29842
istituto tecnico per il settore economico serale;https://www.vivoscuola.it/content/view/full/29843
istituto tecnico per il settore tecnologico;https://www.vivoscuola.it/content/view/full/29844
istituto tecnico per il settore tecnologico serale;https://www.vivoscuola.it/content/view/full/29845
scuola primaria sacra famiglia trento;https://www.vivoscuola.it/content/view/full/29245
liceo scientifico;https://www.vivoscuola.it/content/view/full/29901
liceo scientifico opzione scienze applicate;https://www.vivoscuola.it/content/view/full/29902
"scuola primaria ""l. vicentini"" nomi";https://www.vivoscuola.it/content/view/full/29751
"scuola primaria ""p. lodron"" villa lagarina";https://www.vivoscuola.it/content/view/full/29752
"scuola primaria ""r. galvagni"" pomarolo";https://www.vivoscuola.it/content/view/full/29753
scuola primaria nogaredo;https://www.vivoscuola.it/content/view/full/29754
"scuola secondaria di primo grado ""a. frank"" villa lagarina";https://www.vivoscuola.it/content/view/full/29755
scuola dell'infanzia di stenico;https://www.vivoscuola.it/content/view/full/30154
capes - settore agricoltura e ambiente;https://www.vivoscuola.it/content/view/full/170206
istituto tecnico per il settore tecnologico;https://www.vivoscuola.it/content/view/full/29410
settore agricoltura e ambiente;https://www.vivoscuola.it/content/view/full/29411
"scuola dell'infanzia di daone ""asilo infantile di daone odv""";https://www.vivoscuola.it/content/view/full/29992
scuola dell'infanzia di varone;https://www.vivoscuola.it/content/view/full/30202
"scuola primaria ""a. fogazzaro"" vattaro";https://www.vivoscuola.it/content/view/full/29746
"scuola primaria ""don t. segnana"" centa san nicolo'";https://www.vivoscuola.it/content/view/full/29747
scuola primaria vigolo vattaro;https://www.vivoscuola.it/content/view/full/29748
scuola secondaria di primo grado vigolo vattaro;https://www.vivoscuola.it/content/view/full/29749
scuola dell'infanzia di pinzolo;https://www.vivoscuola.it/content/view/full/30086
liceo classico;https://www.vivoscuola.it/content/view/full/29897
"scuola primaria ""g. a. tomasi"" villazzano";https://www.vivoscuola.it/content/view/full/29676
"scuola primaria ""u. moggioli"" povo";https://www.vivoscuola.it/content/view/full/29677
"scuola secondaria di primo grado ""g. pascoli"" povo";https://www.vivoscuola.it/content/view/full/29678
"scuola dell'infanzia di taio ""asilo infantile di taio odv""";https://www.vivoscuola.it/content/view/full/30162
scuola dell'infanzia di denno;https://www.vivoscuola.it/content/view/full/29994
scuola secondaria di primo grado maria ausiliatrice trento;https://www.vivoscuola.it/content/view/full/29828
scuola dell'infanzia di strigno;https://www.vivoscuola.it/content/view/full/30158
capes - settore industria e artigianato;https://www.vivoscuola.it/content/view/full/170191
settore industria e artigianato;https://www.vivoscuola.it/content/view/full/29247
"scuola primaria ""c. chiesa"" caldonazzo";https://www.vivoscuola.it/content/view/full/29579
"scuola primaria ""g. rosanelli"" tenna";https://www.vivoscuola.it/content/view/full/29580
"scuola primaria ""padre b. martinelli"" calceranica al lago";https://www.vivoscuola.it/content/view/full/29581
scuola primaria levico terme;https://www.vivoscuola.it/content/view/full/29582
"scuola secondaria di primo grado ""g. b. de gasparis"" levico terme";https://www.vivoscuola.it/content/view/full/29583
scuola dell'infanzia di ronchi valsugana;https://www.vivoscuola.it/content/view/full/30110
educazione per adulti relativa al primo ciclo;https://www.vivoscuola.it/content/view/full/29772
istituto tecnico per il settore economico;https://www.vivoscuola.it/content/view/full/29773
istituto tecnico per il settore economico serale;https://www.vivoscuola.it/content/view/full/29774
istituto tecnico per il settore tecnologico;https://www.vivoscuola.it/content/view/full/29775
istituto tecnico per il settore tecnologico serale;https://www.vivoscuola.it/content/view/full/29776
liceo delle scienze umane;https://www.vivoscuola.it/content/view/full/29777
liceo linguistico;https://www.vivoscuola.it/content/view/full/29778
liceo scientifico;https://www.vivoscuola.it/content/view/full/29779
liceo scientifico opzione scienze applicate;https://www.vivoscuola.it/content/view/full/29780
educazione per adulti relativa al primo ciclo;https://www.vivoscuola.it/content/view/full/29810
istituto professionale per il settore dei servizi;https://www.vivoscuola.it/content/view/full/29811
istituto professionale per il settore dei servizi serale;https://www.vivoscuola.it/content/view/full/29812
istituto tecnico per il settore economico;https://www.vivoscuola.it/content/view/full/29813
istituto tecnico per il settore economico serale;https://www.vivoscuola.it/content/view/full/29814
"scuola primaria ""a. prandini"" roncone";https://www.vivoscuola.it/content/view/full/29668
scuola primaria bondo-breguzzo;https://www.vivoscuola.it/content/view/full/29669
scuola primaria ragoli;https://www.vivoscuola.it/content/view/full/29670
scuola primaria tione di trento;https://www.vivoscuola.it/content/view/full/29671
scuola primaria zuclo;https://www.vivoscuola.it/content/view/full/29672
"scuola secondaria di primo grado ""legione trentina"" tione di trento";https://www.vivoscuola.it/content/view/full/29673
scuola secondaria di primo grado roncone;https://www.vivoscuola.it/content/view/full/29674
settore servizi;https://www.vivoscuola.it/content/view/full/29269
capes - settore servizi;https://www.vivoscuola.it/content/view/full/170205
settore servizi;https://www.vivoscuola.it/content/view/full/29283
settore servizi serale;https://www.vivoscuola.it/content/view/full/29284
scuola primaria mori;https://www.vivoscuola.it/content/view/full/29602
scuola primaria ronzo chienis;https://www.vivoscuola.it/content/view/full/29603
"scuola secondaria di primo grado ""b. malfatti"" mori";https://www.vivoscuola.it/content/view/full/29604
scuola dell'infanzia di campitello di fassa;https://www.vivoscuola.it/content/view/full/29954
"scuola primaria ""a.de valentini"" calliano";https://www.vivoscuola.it/content/view/full/29441
"scuola primaria ""g. tovazzi"" volano";https://www.vivoscuola.it/content/view/full/29442
"scuola primaria ""s. pellico"" besenello";https://www.vivoscuola.it/content/view/full/29443
"scuola secondaria di primo grado ""alta vallagarina"" volano";https://www.vivoscuola.it/content/view/full/29444
scuola dell'infanzia di sarche;https://www.vivoscuola.it/content/view/full/30132
scuola dell'infanzia di nave san rocco;https://www.vivoscuola.it/content/view/full/30062
"scuola dell'infanzia di trento  ""crosina sartori""";https://www.vivoscuola.it/content/view/full/29340
"scuola dell'infanzia di trento  ""gianni rodari""";https://www.vivoscuola.it/content/view/full/29341
"scuola dell'infanzia di trento  povo ""m.c. conotter""";https://www.vivoscuola.it/content/view/full/29342
"scuola dell'infanzia di trento villazzano 3 ""l'officina degli gnomi""";https://www.vivoscuola.it/content/view/full/29343
"scuola dell'infanzia di trento clarina   ""piccolo mondo""";https://www.vivoscuola.it/content/view/full/29344
"scuola dell'infanzia di trento cristo re ""piccolo principe""";https://www.vivoscuola.it/content/view/full/29345
"scuola dell'infanzia di trento madonna bianca ""l'albero del sole""";https://www.vivoscuola.it/content/view/full/29346
scuola dell'infanzia di trento s.martino;https://www.vivoscuola.it/content/view/full/29347
educazione per adulti relativa al primo ciclo;https://www.vivoscuola.it/content/view/full/29791
istituto tecnico per il settore economico - levico;https://www.vivoscuola.it/content/view/full/29792
istituto tecnico per il settore economico - pergine;https://www.vivoscuola.it/content/view/full/29793
istituto tecnico per il settore economico serale;https://www.vivoscuola.it/content/view/full/29794
istituto tecnico per il settore tecnologico;https://www.vivoscuola.it/content/view/full/29795
istituto tecnico per il settore tecnologico serale;https://www.vivoscuola.it/content/view/full/29796
liceo delle scienze umane;https://www.vivoscuola.it/content/view/full/29797
liceo delle scienze umane opzione economico sociale;https://www.vivoscuola.it/content/view/full/29798
liceo linguistico;https://www.vivoscuola.it/content/view/full/29799
liceo scientifico;https://www.vivoscuola.it/content/view/full/29800
liceo del made in italy;https://www.vivoscuola.it/content/view/full/439665
scuola dell'infanzia di mezzolombardo;https://www.vivoscuola.it/content/view/full/30046
istituto tecnico per il settore economico;https://www.vivoscuola.it/content/view/full/29833
istituto tecnico per il settore economico serale;https://www.vivoscuola.it/content/view/full/29834
scuola primaria aldeno;https://www.vivoscuola.it/content/view/full/29426
scuola primaria cimone;https://www.vivoscuola.it/content/view/full/29427
scuola primaria mattarello;https://www.vivoscuola.it/content/view/full/29428
scuola primaria romagnano trento;https://www.vivoscuola.it/content/view/full/29429
"scuola secondaria di primo grado ""a. fogazzaro"" mattarello";https://www.vivoscuola.it/content/view/full/29430
scuola secondaria di primo grado aldeno;https://www.vivoscuola.it/content/view/full/29431
capes - settore servizi;https://www.vivoscuola.it/content/view/full/170194
settore servizi;https://www.vivoscuola.it/content/view/full/29256
"scuola dell'infanzia di trento ""g. b. zanella odv""";https://www.vivoscuola.it/content/view/full/30190
"scuola dell'infanzia di trento san donà ""b. kofler""";https://www.vivoscuola.it/content/view/full/30198
"scuola primaria ""f. cavallin"" vallarsa raossi";https://www.vivoscuola.it/content/view/full/29638
"scuola primaria ""n. valduga"" terragnolo";https://www.vivoscuola.it/content/view/full/29639
"scuola primaria ""regina elena"" rovereto";https://www.vivoscuola.it/content/view/full/29640
scuola primaria moscheri trambileno;https://www.vivoscuola.it/content/view/full/29641
"scuola secondaria di primo grado ""d. chiesa"" rovereto";https://www.vivoscuola.it/content/view/full/29642
scuola dell'infanzia di padergnone;https://www.vivoscuola.it/content/view/full/30070
scuola dell'infanzia di tezze valsugana;https://www.vivoscuola.it/content/view/full/30170
"scuola primaria ""f.lli filzi"" rovereto";https://www.vivoscuola.it/content/view/full/29570
"scuola primaria ""r. levi montalcini"" isera";https://www.vivoscuola.it/content/view/full/29571
"scuola secondaria di primo grado ""a. degasperi"" rovereto";https://www.vivoscuola.it/content/view/full/29572
scuola dell'infanzia di borgo sacco;https://www.vivoscuola.it/content/view/full/29944
scuola dell'infanzia di calceranica;https://www.vivoscuola.it/content/view/full/29950
"scuola dell'infanzia di lavis  ""madre maddalena di canossa odv""";https://www.vivoscuola.it/content/view/full/30016
"scuola dell'infanzia di riva del garda  ""s. alessandro""";https://www.vivoscuola.it/content/view/full/30106
"scuola dell'infanzia di trento  ""pedrotti""";https://www.vivoscuola.it/content/view/full/30182
"liceo artistico ""depero""- rovereto";https://www.vivoscuola.it/content/view/full/29816
"liceo artistico ""vittoria"" - trento";https://www.vivoscuola.it/content/view/full/29817
liceo musicale coreutico;https://www.vivoscuola.it/content/view/full/29819
scuola dell'infanzia di coredo;https://www.vivoscuola.it/content/view/full/29984
scuola dell'infanzia di masi di cavalese;https://www.vivoscuola.it/content/view/full/92008
"scuola primaria ""a. nicolodi"" trento";https://www.vivoscuola.it/content/view/full/29686
"scuola primaria ""d. savio"" trento";https://www.vivoscuola.it/content/view/full/29687
"scuola primaria ""g. b. de gaspari"" trento";https://www.vivoscuola.it/content/view/full/29688
scuola primaria ravina;https://www.vivoscuola.it/content/view/full/29689
"scuola secondaria di primo grado ""bronzetti - segantini"" trento";https://www.vivoscuola.it/content/view/full/29690
"scuola primaria ""o.focherini m.marchesi"" mione rumo";https://www.vivoscuola.it/content/view/full/29519
scuola primaria cles;https://www.vivoscuola.it/content/view/full/29520
"scuola primaria ""chiara lubich"" livo";https://www.vivoscuola.it/content/view/full/29521
"scuola secondaria di primo grado ""v. inama"" cles";https://www.vivoscuola.it/content/view/full/29522
liceo classico;https://www.vivoscuola.it/content/view/full/29870
liceo delle scienze umane;https://www.vivoscuola.it/content/view/full/29871
liceo linguistico;https://www.vivoscuola.it/content/view/full/29872
liceo musicale e coreutico;https://www.vivoscuola.it/content/view/full/29873
liceo scientifico;https://www.vivoscuola.it/content/view/full/29874
liceo scientifico opzione scienze applicate;https://www.vivoscuola.it/content/view/full/29875
scuola primaria avio;https://www.vivoscuola.it/content/view/full/29457
scuola primaria sabbionara di avio;https://www.vivoscuola.it/content/view/full/29458
"scuola secondaria di primo grado ""d. alighieri"" avio";https://www.vivoscuola.it/content/view/full/29459
scuola dell'infanzia di predazzo;https://www.vivoscuola.it/content/view/full/30094
"scuola dell'infanzia di roncone  ""mario amistadi sciavina odv""";https://www.vivoscuola.it/content/view/full/30114
scuola dell'infanzia di s. lorenzo in banale;https://www.vivoscuola.it/content/view/full/30124
scuola dell'infanzia di malè;https://www.vivoscuola.it/content/view/full/30028
istituto tecnico per il settore economico;https://www.vivoscuola.it/content/view/full/29230
istituto tecnico per il settore tecnologico;https://www.vivoscuola.it/content/view/full/29231
liceo classico arcivescovile - trento;https://www.vivoscuola.it/content/view/full/29232
liceo scientifico arcivescovile - trento;https://www.vivoscuola.it/content/view/full/29234
scuola primaria arcivescovile trento;https://www.vivoscuola.it/content/view/full/29235
scuola secondaria di primo grado arcivescovile trento;https://www.vivoscuola.it/content/view/full/29236
istituto tecnico per il settore tecnologico;https://www.vivoscuola.it/content/view/full/134612
istituto tecnico per il settore economico;https://www.vivoscuola.it/content/view/full/29413
liceo scientifico opzione scienze applicate;https://www.vivoscuola.it/content/view/full/29414
scuola primaria gardascuola arco;https://www.vivoscuola.it/content/view/full/29415
scuola secondaria di primo grado gardascuola arco;https://www.vivoscuola.it/content/view/full/29416
scuola dell'infanzia di madrano;https://www.vivoscuola.it/content/view/full/30026
capes - settore servizi;https://www.vivoscuola.it/content/view/full/170209
settore servizi;https://www.vivoscuola.it/content/view/full/29862
settore servizi serale;https://www.vivoscuola.it/content/view/full/29863
settore industria e artigianato;https://www.vivoscuola.it/content/view/full/92004
capes - settore servizi;https://www.vivoscuola.it/content/view/full/170200
settore servizi;https://www.vivoscuola.it/content/view/full/29271
scuola dell'infanzia di castelnuovo;https://www.vivoscuola.it/content/view/full/29968
liceo classico;https://www.vivoscuola.it/content/view/full/29877
liceo linguistico;https://www.vivoscuola.it/content/view/full/29878
liceo scientifico;https://www.vivoscuola.it/content/view/full/29879
liceo scientifico opzione scienze applicate;https://www.vivoscuola.it/content/view/full/29880
scuola dell'infanzia di vigo di ton;https://www.vivoscuola.it/content/view/full/30216
scuola dell'infanzia di trento  canossiane;https://www.vivoscuola.it/content/view/full/30186
"scuola dell'infanzia di lizzanella ""asilo infantile di lizzanella odv""";https://www.vivoscuola.it/content/view/full/30018
istituto tecnico per il settore economico;https://www.vivoscuola.it/content/view/full/29531
istituto tecnico per il settore tecnologico;https://www.vivoscuola.it/content/view/full/29532
liceo scientifico opzione scienze applicate;https://www.vivoscuola.it/content/view/full/29534
"scuola primaria ""b. zanetel"" s.martino di castrozza";https://www.vivoscuola.it/content/view/full/29535
"scuola primaria ""card. j. bernardin"" tonadico";https://www.vivoscuola.it/content/view/full/29536
"scuola primaria ""f. loss"" canal san bovo";https://www.vivoscuola.it/content/view/full/29537
scuola primaria mezzano;https://www.vivoscuola.it/content/view/full/29538
"scuola secondaria di primo grado ""l. negrelli""  - fiera di primiero";https://www.vivoscuola.it/content/view/full/29539
scuola secondaria di primo grado canal san bovo;https://www.vivoscuola.it/content/view/full/29540
scuola dell'infanzia di villazzano;https://www.vivoscuola.it/content/view/full/30222
"scuola primaria ""la vela"" rovereto";https://www.vivoscuola.it/content/view/full/29242
"scuola secondaria di primo grado ""la vela"" rovereto";https://www.vivoscuola.it/content/view/full/29243
"scuola primaria ""g. graffer"" stenico";https://www.vivoscuola.it/content/view/full/29562
"scuola primaria ""san g. bosco"" s.lorenzo in banale";https://www.vivoscuola.it/content/view/full/29563
scuola primaria campo lomaso;https://www.vivoscuola.it/content/view/full/29564
scuola primaria fiave';https://www.vivoscuola.it/content/view/full/29565
scuola primaria rango bleggio superiore;https://www.vivoscuola.it/content/view/full/29566
"scuola secondaria di primo grado ""g. prati"" ponte arche";https://www.vivoscuola.it/content/view/full/29567
scuola dell'infanzia di lodrone odv;https://www.vivoscuola.it/content/view/full/30020
liceo scientifico opzione scienze applicate;https://www.vivoscuola.it/content/view/full/170207
liceo artistico;https://www.vivoscuola.it/content/view/full/29823
liceo delle scienze umane;https://www.vivoscuola.it/content/view/full/29824
scuola primaria sacro cuore trento;https://www.vivoscuola.it/content/view/full/29825
scuola secondaria di primo grado sacro cuore trento;https://www.vivoscuola.it/content/view/full/29826
scuola dell'infanzia di chizzola;https://www.vivoscuola.it/content/view/full/29976
scuola dell'infanzia di sopramonte;https://www.vivoscuola.it/content/view/full/30148
educazione per adulti relativa al primo ciclo;https://www.vivoscuola.it/content/view/full/29802
istituto tecnico per il settore economico;https://www.vivoscuola.it/content/view/full/29803
istituto tecnico per il settore economico serale;https://www.vivoscuola.it/content/view/full/29804
istituto tecnico per il settore tecnologico;https://www.vivoscuola.it/content/view/full/29805
liceo delle scienze umane opzione economico sociale;https://www.vivoscuola.it/content/view/full/29806
liceo scientifico;https://www.vivoscuola.it/content/view/full/29807
liceo scientifico opzione scienze applicate;https://www.vivoscuola.it/content/view/full/29808
liceo del made in italy;https://www.vivoscuola.it/content/view/full/439666
"scuola primaria ""mons. a. negri"" tres";https://www.vivoscuola.it/content/view/full/29662
scuola primaria coredo;https://www.vivoscuola.it/content/view/full/29663
scuola primaria taio;https://www.vivoscuola.it/content/view/full/29664
"scuola secondaria di primo grado ""f. barbacovi"" coredo";https://www.vivoscuola.it/content/view/full/29665
"scuola secondaria di primo grado ""f. barbacovi"" taio";https://www.vivoscuola.it/content/view/full/29666
scuola dell'infanzia di segonzano;https://www.vivoscuola.it/content/view/full/30138
capes - settore servizi;https://www.vivoscuola.it/content/view/full/170210
settore industria e artigianato;https://www.vivoscuola.it/content/view/full/29865
settore industria e artigianato serale;https://www.vivoscuola.it/content/view/full/29866
settore servizi;https://www.vivoscuola.it/content/view/full/29867
settore servizi serale;https://www.vivoscuola.it/content/view/full/29868
"scuola dell'infanzia di rovereto ""clementino vannetti odv""";https://www.vivoscuola.it/content/view/full/149208
scuola dell'infanzia di torcegno odv;https://www.vivoscuola.it/content/view/full/30176
scuola dell'infanzia di fornace;https://www.vivoscuola.it/content/view/full/30006
scuola dell'infanzia di ischia di pergine;https://www.vivoscuola.it/content/view/full/30014
scuola dell'infanzia di lona;https://www.vivoscuola.it/content/view/full/30022
"scuola primaria ""b. pezzen"" croviana";https://www.vivoscuola.it/content/view/full/29471
"scuola primaria ""c. cristoforetti"" male'";https://www.vivoscuola.it/content/view/full/29472
scuola primaria caldes;https://www.vivoscuola.it/content/view/full/29473
scuola primaria dimaro;https://www.vivoscuola.it/content/view/full/29474
scuola primaria s.bernardo rabbi;https://www.vivoscuola.it/content/view/full/29475
"scuola secondaria di primo grado ""g. ciccolini"" male'";https://www.vivoscuola.it/content/view/full/29476
istituto tecnico per il settore tecnologico;https://www.vivoscuola.it/content/view/full/29856
istituto tecnico per il settore tecnologico serale;https://www.vivoscuola.it/content/view/full/29857
scuola dell'infanzia di nomi;https://www.vivoscuola.it/content/view/full/30064
scuola dell'infanzia di fondo;https://www.vivoscuola.it/content/view/full/30004
scuola dell'infanzia di faver;https://www.vivoscuola.it/content/view/full/29998
"scuola primaria ""e. bernardi"" cognola";https://www.vivoscuola.it/content/view/full/29680
"scuola primaria ""r. belenzani"" s.vito";https://www.vivoscuola.it/content/view/full/29681
"scuola primaria ""r. zandonai"" martignano";https://www.vivoscuola.it/content/view/full/29682
scuola primaria casa serena;https://www.vivoscuola.it/content/view/full/29683
"scuola secondaria di primo grado ""argentario"" trento";https://www.vivoscuola.it/content/view/full/29684
scuola dell'infanzia di albiano;https://www.vivoscuola.it/content/view/full/29928
scuola dell'infanzia di castellano;https://www.vivoscuola.it/content/view/full/29964
capes - settore servizi;https://www.vivoscuola.it/content/view/full/170195
settore industria e artigianato;https://www.vivoscuola.it/content/view/full/29258
settore servizi;https://www.vivoscuola.it/content/view/full/29259
scuola dell'infanzia di transacqua;https://www.vivoscuola.it/content/view/full/30178
scuola dell'infanzia di cavalese;https://www.vivoscuola.it/content/view/full/92006
"scuola primaria ""g. segantini"" arco";https://www.vivoscuola.it/content/view/full/29451
scuola primaria bolognano;https://www.vivoscuola.it/content/view/full/29452
scuola primaria massone;https://www.vivoscuola.it/content/view/full/29453
scuola primaria romarzollo;https://www.vivoscuola.it/content/view/full/29454
"scuola secondaria di primo grado ""n. d'arco"" arco";https://www.vivoscuola.it/content/view/full/29455
"scuola primaria ""a. rosmini"" marco";https://www.vivoscuola.it/content/view/full/29648
"scuola primaria ""d. alighieri"" rovereto";https://www.vivoscuola.it/content/view/full/29649
"scuola primaria ""f. guella"" lizzana";https://www.vivoscuola.it/content/view/full/29650
"scuola secondaria di primo grado ""f. halbherr"" rovereto";https://www.vivoscuola.it/content/view/full/29651
liceo scientifico;https://www.vivoscuola.it/content/view/full/29905
liceo scientifico opzione scienze applicate;https://www.vivoscuola.it/content/view/full/29906
"scuola dell'infanzia di tione di trento ""don giovanni failoni""";https://www.vivoscuola.it/content/view/full/61888
"scuola primaria ""a. degasperi"" pieve tesino";https://www.vivoscuola.it/content/view/full/29653
scuola primaria ospedaletto;https://www.vivoscuola.it/content/view/full/29654
scuola primaria samone;https://www.vivoscuola.it/content/view/full/29655
scuola primaria scurelle;https://www.vivoscuola.it/content/view/full/29656
scuola primaria strigno;https://www.vivoscuola.it/content/view/full/29657
scuola primaria villa agnedo;https://www.vivoscuola.it/content/view/full/29658
"scuola secondaria di primo grado ""o. brentari"" strigno";https://www.vivoscuola.it/content/view/full/29659
scuola secondaria di primo grado castello tesino;https://www.vivoscuola.it/content/view/full/29660
"scuola primaria ""g. rodari"" pergine valsugana";https://www.vivoscuola.it/content/view/full/29614
scuola primaria canale;https://www.vivoscuola.it/content/view/full/29615
scuola primaria madrano;https://www.vivoscuola.it/content/view/full/29616
scuola primaria susa';https://www.vivoscuola.it/content/view/full/29617
"scuola secondaria di primo grado ""t. garbari"" pergine valsugana";https://www.vivoscuola.it/content/view/full/29618
scuola dell'infanzia di gardolo;https://www.vivoscuola.it/content/view/full/30008
scuola dell'infanzia di avio;https://www.vivoscuola.it/content/view/full/29936
settore industria e artigianato;https://www.vivoscuola.it/content/view/full/29254
settore industria e artigianato;https://www.vivoscuola.it/content/view/full/29286
settore servizi;https://www.vivoscuola.it/content/view/full/29287
"scuola primaria ""m. pezzi"" campodenno";https://www.vivoscuola.it/content/view/full/29462
"scuola primaria ""mons. s. weber"" denno";https://www.vivoscuola.it/content/view/full/29463
"scuola primaria ""v. maistrelli"" tuenno";https://www.vivoscuola.it/content/view/full/29464
scuola primaria flavon;https://www.vivoscuola.it/content/view/full/29465
scuola primaria tassullo;https://www.vivoscuola.it/content/view/full/29466
scuola primaria vigo ton;https://www.vivoscuola.it/content/view/full/29467
"scuola secondaria di primo grado ""e. leonardi"" tuenno";https://www.vivoscuola.it/content/view/full/29468
"scuola secondaria di primo grado ""v. vielmetti"" denno";https://www.vivoscuola.it/content/view/full/29469
scuola dell'infanzia di roncegno;https://www.vivoscuola.it/content/view/full/30108
settore servizi;https://www.vivoscuola.it/content/view/full/29279
capes - settore servizi;https://www.vivoscuola.it/content/view/full/439664
"scuola dell'infanzia di pergine  ""g.b. chimelli""";https://www.vivoscuola.it/content/view/full/30076
scuola dell'infanzia di storo;https://www.vivoscuola.it/content/view/full/30156
capes - settore servizi;https://www.vivoscuola.it/content/view/full/170203
settore servizi;https://www.vivoscuola.it/content/view/full/29277
educazione per adulti relativa al primo ciclo;https://www.vivoscuola.it/content/view/full/29836
istituto tecnico per il settore economico;https://www.vivoscuola.it/content/view/full/29837
istituto tecnico per il settore economico serale;https://www.vivoscuola.it/content/view/full/29838
istituto tecnico per il settore tecnologico;https://www.vivoscuola.it/content/view/full/29839
istituto tecnico per il settore tecnologico serale;https://www.vivoscuola.it/content/view/full/29840
"scuola primaria ""g. papaleoni"" condino";https://www.vivoscuola.it/content/view/full/29524
"scuola primaria ""padre c. gnesotti"" storo";https://www.vivoscuola.it/content/view/full/29525
scuola primaria pieve di bono - creto;https://www.vivoscuola.it/content/view/full/29526
scuola primaria storo - lodrone;https://www.vivoscuola.it/content/view/full/29527
"scuola secondaria di primo grado ""g. leopardi"" storo";https://www.vivoscuola.it/content/view/full/29528
"scuola secondaria di primo grado ""g. pascoli"" pieve di bono";https://www.vivoscuola.it/content/view/full/29529
"scuola dell'infanzia di trento cognola ""b. kofler""";https://www.vivoscuola.it/content/view/full/30194
scuola dell'infanzia di massone;https://www.vivoscuola.it/content/view/full/30038
scuola dell'infanzia di trento la clarina;https://www.vivoscuola.it/content/view/full/30196
liceo artistico;https://www.vivoscuola.it/content/view/full/29908
liceo ladino delle lingue;https://www.vivoscuola.it/content/view/full/29909
liceo scientifico;https://www.vivoscuola.it/content/view/full/29910
"scuola primaria ""don g. b. massar"" vigo di fassa";https://www.vivoscuola.it/content/view/full/29911
"scuola primaria ""don l. gross"" pozza di fassa";https://www.vivoscuola.it/content/view/full/29912
"scuola primaria ""g. rizzi"" canazei";https://www.vivoscuola.it/content/view/full/29913
"scuola primaria ""padre e. chiocchetti"" moena";https://www.vivoscuola.it/content/view/full/29914
"scuola secondaria di primo grado ""don g. jori"" moena";https://www.vivoscuola.it/content/view/full/29915
"scuola secondaria di primo grado ""t. soraruf"" campitello di fassa";https://www.vivoscuola.it/content/view/full/29916
scuola secondaria di primo grado pozza di fassa;https://www.vivoscuola.it/content/view/full/29917
scuola dell'infanzia di tuenno;https://www.vivoscuola.it/content/view/full/30200
"scuola dell'infanzia di breguzzo - bondo  ""giuseppina bonazza odv""";https://www.vivoscuola.it/content/view/full/29924
settore servizi;https://www.vivoscuola.it/content/view/full/122610
scuola dell'infanzia di calavino;https://www.vivoscuola.it/content/view/full/29356
scuola dell'infanzia di lasino;https://www.vivoscuola.it/content/view/full/29357
scuola dell'infanzia di terlago;https://www.vivoscuola.it/content/view/full/29358
"scuola dell'infanzia di trento  cadine  ""il melograno""";https://www.vivoscuola.it/content/view/full/29359
scuola dell'infanzia di trento  sardagna;https://www.vivoscuola.it/content/view/full/29360
"scuola dell'infanzia di trento gardolo paludi  ""biancaneve""";https://www.vivoscuola.it/content/view/full/29361
scuola dell'infanzia di trento piedicastello;https://www.vivoscuola.it/content/view/full/29362
"scuola dell'infanzia di trento roncafort  ""margit levinson""";https://www.vivoscuola.it/content/view/full/29363
scuola dell'infanzia di nago;https://www.vivoscuola.it/content/view/full/30060
scuola dell'infanzia di telve;https://www.vivoscuola.it/content/view/full/30164
liceo classico;https://www.vivoscuola.it/content/view/full/29887
liceo delle scienze umane;https://www.vivoscuola.it/content/view/full/29888
liceo delle scienze umane opzione economico sociale;https://www.vivoscuola.it/content/view/full/29889
liceo linguistico;https://www.vivoscuola.it/content/view/full/29890
liceo scientifico;https://www.vivoscuola.it/content/view/full/29891
liceo scientifico opzione scienze applicate;https://www.vivoscuola.it/content/view/full/29892
liceo del made in italy;https://www.vivoscuola.it/content/view/full/439668
scuola dell'infanzia di condino;https://www.vivoscuola.it/content/view/full/29982
scuola dell'infanzia di crosano;https://www.vivoscuola.it/content/view/full/29988
scuola primaria clarina trento;https://www.vivoscuola.it/content/view/full/29692
scuola primaria localita' madonna bianca trento;https://www.vivoscuola.it/content/view/full/29693
scuola primaria ospedale infantile trento;https://www.vivoscuola.it/content/view/full/29694
"scuola secondaria di primo grado ""o. winkler"" trento";https://www.vivoscuola.it/content/view/full/29695
scuola dell'infanzia di pietramurata;https://www.vivoscuola.it/content/view/full/30078
"scuola primaria ""rita levi montalcini"" borgo valsugana";https://www.vivoscuola.it/content/view/full/29478
scuola primaria grigno;https://www.vivoscuola.it/content/view/full/29479
"scuola secondaria di primo grado ""ora e veglia"" borgo valsugana";https://www.vivoscuola.it/content/view/full/29480
"scuola secondaria di primo grado ""s. fante"" grigno";https://www.vivoscuola.it/content/view/full/29481
scuola dell'infanzia di spiazzo rendena;https://www.vivoscuola.it/content/view/full/30150
"scuola dell'infanzia di trento ""antonio tambosi odv""";https://www.vivoscuola.it/content/view/full/30180
scuola dell'infanzia di fiera di primiero;https://www.vivoscuola.it/content/view/full/30002
scuola dell'infanzia di bondone;https://www.vivoscuola.it/content/view/full/29942
scuola dell'infanzia di aldeno;https://www.vivoscuola.it/content/view/full/29930
capes - settore industria e artigianato;https://www.vivoscuola.it/content/view/full/170201
settore industria e artigianato;https://www.vivoscuola.it/content/view/full/29273
capes - settore servizi;https://www.vivoscuola.it/content/view/full/170198
settore servizi;https://www.vivoscuola.it/content/view/full/29264
scuola dell'infanzia di mezzano;https://www.vivoscuola.it/content/view/full/30042
scuola dell'infanzia di mechel;https://www.vivoscuola.it/content/view/full/30040
scuola dell'infanzia di susà;https://www.vivoscuola.it/content/view/full/30160
capes - settore industria e artigianato;https://www.vivoscuola.it/content/view/full/170196
capes - settore servizi;https://www.vivoscuola.it/content/view/full/170197
settore industria e artigianato;https://www.vivoscuola.it/content/view/full/29261
settore servizi;https://www.vivoscuola.it/content/view/full/29262
"scuola dell'infanzia di caldonazzo ""maria bambina""";https://www.vivoscuola.it/content/view/full/180181
scuola dell'infanzia di bieno;https://www.vivoscuola.it/content/view/full/29327
scuola dell'infanzia di bosentino;https://www.vivoscuola.it/content/view/full/29328
"scuola dell'infanzia di canal san bovo ""lausen""";https://www.vivoscuola.it/content/view/full/29329
scuola dell'infanzia di castello tesino;https://www.vivoscuola.it/content/view/full/29330
scuola dell'infanzia di centa san nicolò;https://www.vivoscuola.it/content/view/full/29331
scuola dell'infanzia di imer;https://www.vivoscuola.it/content/view/full/29332
"scuola dell'infanzia di levico terme ""taita marcos""";https://www.vivoscuola.it/content/view/full/29333
"scuola dell'infanzia di novaledo ""don evaristo forrer""";https://www.vivoscuola.it/content/view/full/29334
"scuola dell'infanzia di tenna ""il sentiero""";https://www.vivoscuola.it/content/view/full/29335
scuola dell'infanzia di vattaro;https://www.vivoscuola.it/content/view/full/29336
"scuola dell'infanzia di vigolo vattaro ""giardino dell'amicizia""";https://www.vivoscuola.it/content/view/full/29337
"scuola dell'infanzia di villa agnedo ""natale alpino""";https://www.vivoscuola.it/content/view/full/29338
scuola dell'infanzia di ala;https://www.vivoscuola.it/content/view/full/29926
scuola dell'infanzia di ziano di fiemme;https://www.vivoscuola.it/content/view/full/30226
scuola dell'infanzia di mezzocorona;https://www.vivoscuola.it/content/view/full/30044
"scuola primaria  ""abramo andreatta"" bedollo";https://www.vivoscuola.it/content/view/full/29446
"scuola primaria ""g. dallafior"" baselga di pine'";https://www.vivoscuola.it/content/view/full/29447
"scuola primaria ""g. verdi"" miola baselga di pine'";https://www.vivoscuola.it/content/view/full/29448
"scuola secondaria di primo grado ""don giuseppe tarter""baselga di pine'";https://www.vivoscuola.it/content/view/full/29449
scuola dell'infanzia di bolognano;https://www.vivoscuola.it/content/view/full/29940
"scuola primaria ""n. pernici"" riva del garda";https://www.vivoscuola.it/content/view/full/29626
scuola primaria nago torbole;https://www.vivoscuola.it/content/view/full/29627
scuola primaria s. alessandro riva del garda;https://www.vivoscuola.it/content/view/full/29628
"scuola secondaria di primo grado ""d. chiesa"" riva del garda";https://www.vivoscuola.it/content/view/full/29630
scuola dell'infanzia di tonadico;https://www.vivoscuola.it/content/view/full/30172
"scuola primaria ""g. b. righi"" madonna di campiglio";https://www.vivoscuola.it/content/view/full/29718
"scuola primaria ""n. bolognini"" pinzolo";https://www.vivoscuola.it/content/view/full/29719
"scuola primaria ""s. massari"" spiazzo";https://www.vivoscuola.it/content/view/full/29720
"scuola primaria ""t. giustina"" caderzone";https://www.vivoscuola.it/content/view/full/29721
"scuola primaria ""v. gabriotti"" giustino";https://www.vivoscuola.it/content/view/full/29722
scuola primaria carisolo;https://www.vivoscuola.it/content/view/full/29723
scuola primaria dare';https://www.vivoscuola.it/content/view/full/29724
"scuola secondaria di primo grado ""b. de averaria"" spiazzo";https://www.vivoscuola.it/content/view/full/29725
"scuola secondaria di primo grado ""g. b. righi"" madonna di campiglio";https://www.vivoscuola.it/content/view/full/29726
"scuola secondaria di primo grado ""l. da vinci"" pinzolo";https://www.vivoscuola.it/content/view/full/29727
"scuola dell'infanzia di trento ""sacro cuore odv""";https://www.vivoscuola.it/content/view/full/92010
"scuola primaria ""g. manega"" tesero";https://www.vivoscuola.it/content/view/full/29620
"scuola primaria ""i. masia"" ziano di fiemme";https://www.vivoscuola.it/content/view/full/29621
"scuola primaria ""m. morandini degasperi"" predazzo";https://www.vivoscuola.it/content/view/full/29622
"scuola secondaria di primo grado ""g. alberti"" tesero";https://www.vivoscuola.it/content/view/full/29623
"scuola secondaria di primo grado ""marzari pencati"" predazzo";https://www.vivoscuola.it/content/view/full/29624
scuola dell'infanzia di villamontagna;https://www.vivoscuola.it/content/view/full/30220
scuola dell'infanzia di quadra - cavrasto;https://www.vivoscuola.it/content/view/full/30098
scuola dell'infanzia di castello di fiemme;https://www.vivoscuola.it/content/view/full/29966
capes - settore servizi;https://www.vivoscuola.it/content/view/full/170202
settore servizi;https://www.vivoscuola.it/content/view/full/29275
istituto professionale per il settore dei servizi;https://www.vivoscuola.it/content/view/full/29919
istituto tecnico per il settore economico;https://www.vivoscuola.it/content/view/full/29920
istituto tecnico per il settore tecnologico;https://www.vivoscuola.it/content/view/full/29921
settore servizi;https://www.vivoscuola.it/content/view/full/29922
"scuola primaria ""don l. milani"" pergine valsugana";https://www.vivoscuola.it/content/view/full/29607
scuola primaria canezza;https://www.vivoscuola.it/content/view/full/29608
scuola primaria s.felice fierozzo;https://www.vivoscuola.it/content/view/full/29609
scuola primaria sant'orsola;https://www.vivoscuola.it/content/view/full/29610
scuola primaria zivignago;https://www.vivoscuola.it/content/view/full/29611
"scuola secondaria di primo grado ""c. andreatta"" pergine valsugana";https://www.vivoscuola.it/content/view/full/29612
capes - settore industria e artigianato;https://www.vivoscuola.it/content/view/full/170192
settore industria e artigianato;https://www.vivoscuola.it/content/view/full/29249
scuola dell'infanzia di pieve tesino;https://www.vivoscuola.it/content/view/full/30080
scuola dell'infanzia di pressano;https://www.vivoscuola.it/content/view/full/30096
scuola dell'infanzia di ronzo-chienis;https://www.vivoscuola.it/content/view/full/30116
scuola dell'infanzia di andalo;https://www.vivoscuola.it/content/view/full/29932
"scuola dell'infanzia di lizzana ""asilo infantile di lizzana odv""";https://www.vivoscuola.it/content/view/full/61886
istituto tecnico per il settore tecnologico;https://www.vivoscuola.it/content/view/full/29853
istituto tecnico per il settore tecnologico serale;https://www.vivoscuola.it/content/view/full/29854
scuola dell'infanzia di tesero;https://www.vivoscuola.it/content/view/full/30168
scuola dell'infanzia di vigo cavedine;https://www.vivoscuola.it/content/view/full/30208
scuola dell'infanzia di roncogno di pergine;https://www.vivoscuola.it/content/view/full/30112
asilo colle fiorito;https://www.vivoscuola.it/content/view/full/29228
"scuola dell'infanzia di riva  ""giardino""";https://www.vivoscuola.it/content/view/full/30102
scuola dell'infanzia di madonna di campiglio;https://www.vivoscuola.it/content/view/full/30024
liceo delle scienze umane;https://www.vivoscuola.it/content/view/full/29894
liceo delle scienze umane opzione economico sociale;https://www.vivoscuola.it/content/view/full/29895
scuola dell'infanzia di daiano-varena;https://www.vivoscuola.it/content/view/full/180180
scuola dell'infanzia di baselga di piné;https://www.vivoscuola.it/content/view/full/29289
"scuola dell'infanzia di capriana ""maddalena lazzeri""";https://www.vivoscuola.it/content/view/full/29290
scuola dell'infanzia di casatta;https://www.vivoscuola.it/content/view/full/29291
scuola dell'infanzia di civezzano;https://www.vivoscuola.it/content/view/full/29292
"scuola dell'infanzia di fierozzo ""himblring""";https://www.vivoscuola.it/content/view/full/29294
scuola dell'infanzia di miola di pinè;https://www.vivoscuola.it/content/view/full/29295
scuola dell'infanzia di molina di fiemme;https://www.vivoscuola.it/content/view/full/29296
scuola dell'infanzia di piazze;https://www.vivoscuola.it/content/view/full/29297
"scuola dell'infanzia di rizzolaga di pinè ""raggio di sole""";https://www.vivoscuola.it/content/view/full/29298
"scuola dell'infanzia di s. orsola ""il girotondo""";https://www.vivoscuola.it/content/view/full/29299
"scuola dell'infanzia di seregnano ""arcobaleno""";https://www.vivoscuola.it/content/view/full/29300
capes - settore industria e artigianato;https://www.vivoscuola.it/content/view/full/170211
liceo scientifico opzione scienze applicate steam;https://www.vivoscuola.it/content/view/full/29418
settore industria e artigianato;https://www.vivoscuola.it/content/view/full/29419
settore industria e artigianato serale;https://www.vivoscuola.it/content/view/full/29420
scuola dell'infanzia di arco;https://www.vivoscuola.it/content/view/full/29934
"scuola primaria ""d. chiesa"" noriglio";https://www.vivoscuola.it/content/view/full/29644
"scuola primaria ""m. k. gandhi"" rovereto";https://www.vivoscuola.it/content/view/full/29645
"scuola secondaria di primo grado ""l. negrelli"" rovereto";https://www.vivoscuola.it/content/view/full/29646
scuola dell'infanzia di besenello;https://www.vivoscuola.it/content/view/full/29303
"scuola dell'infanzia di calliano ""matite colorate""";https://www.vivoscuola.it/content/view/full/29304
scuola dell'infanzia di isera;https://www.vivoscuola.it/content/view/full/29305
scuola dell'infanzia di nogaredo;https://www.vivoscuola.it/content/view/full/29306
"scuola dell'infanzia di pomarolo  ""don rainoldi""";https://www.vivoscuola.it/content/view/full/29307
"scuola dell'infanzia di rovereto  s.ilario ""amici della scuola""";https://www.vivoscuola.it/content/view/full/29308
scuola dell'infanzia di rovereto brione;https://www.vivoscuola.it/content/view/full/29309
"scuola dell'infanzia di rovereto rione nord ""mille colori""";https://www.vivoscuola.it/content/view/full/29310
scuola dell'infanzia di smarano;https://www.vivoscuola.it/content/view/full/30146
"scuola primaria ""a. degasperi"" mezzocorona";https://www.vivoscuola.it/content/view/full/29585
"scuola primaria ""f. biasi"" s.michele all'adige";https://www.vivoscuola.it/content/view/full/29586
"scuola primaria ""f.lli bronzetti"" rovere' della luna";https://www.vivoscuola.it/content/view/full/29587
scuola primaria grumo;https://www.vivoscuola.it/content/view/full/29588
"scuola secondaria di primo grado ""e. chini"" mezzocorona";https://www.vivoscuola.it/content/view/full/29589
scuola dell'infanzia di san martino di c.;https://www.vivoscuola.it/content/view/full/30130
settore industria e artigianato;https://www.vivoscuola.it/content/view/full/122612
capes - settore servizi;https://www.vivoscuola.it/content/view/full/170208
settore servizi;https://www.vivoscuola.it/content/view/full/29859
settore servizi serale;https://www.vivoscuola.it/content/view/full/76225
scuola primaria capriana;https://www.vivoscuola.it/content/view/full/29483
scuola primaria carano;https://www.vivoscuola.it/content/view/full/29484
scuola primaria casatta valfloriana;https://www.vivoscuola.it/content/view/full/29485
scuola primaria castello di fiemme;https://www.vivoscuola.it/content/view/full/29486
scuola primaria cavalese;https://www.vivoscuola.it/content/view/full/29487
scuola primaria masi cavalese;https://www.vivoscuola.it/content/view/full/29488
scuola primaria molina di fiemme;https://www.vivoscuola.it/content/view/full/29489
scuola primaria varena;https://www.vivoscuola.it/content/view/full/29490
"scuola secondaria di primo grado ""g. segantini"" cavalese";https://www.vivoscuola.it/content/view/full/29491
scuola dell'infanzia di vermiglio;https://www.vivoscuola.it/content/view/full/30204
"scuola dell'infanzia di cimone ""mamma teresa""";https://www.vivoscuola.it/content/view/full/29349
"scuola dell'infanzia di trento  ""torrione""";https://www.vivoscuola.it/content/view/full/29350
"scuola dell'infanzia di trento  mattarello  ""il castello""";https://www.vivoscuola.it/content/view/full/29351
"scuola dell'infanzia di trento  ravina  ""girotondo""";https://www.vivoscuola.it/content/view/full/29352
"scuola dell'infanzia di trento  romagnano  ""gli gnomi del bosco""";https://www.vivoscuola.it/content/view/full/29353
"scuola dell'infanzia di trento s.giuseppe ""maso ginocchio - collodi""";https://www.vivoscuola.it/content/view/full/29354
scuola dell'infanzia di ospedaletto;https://www.vivoscuola.it/content/view/full/30066
