school link;api id
https://www.vivoscuola.it/content/view/full/29266;0222059697
https://www.vivoscuola.it/content/view/full/29267;0222059692
https://www.vivoscuola.it/content/view/full/170199;2046
https://www.vivoscuola.it/content/view/full/29632;0221532106
https://www.vivoscuola.it/content/view/full/29633;0221532105
https://www.vivoscuola.it/content/view/full/29634;0221912101
https://www.vivoscuola.it/content/view/full/29635;0221533002
https://www.vivoscuola.it/content/view/full/29512;0220892101
https://www.vivoscuola.it/content/view/full/30030;0221611009
https://www.vivoscuola.it/content/view/full/29513;0220612101
https://www.vivoscuola.it/content/view/full/29514;0220022101
https://www.vivoscuola.it/content/view/full/29516;0220613001
https://www.vivoscuola.it/content/view/full/29515;0220612102
https://www.vivoscuola.it/content/view/full/29517;0220023001
https://www.vivoscuola.it/content/view/full/30010;0222051020
https://www.vivoscuola.it/content/view/full/29980;0220631001
https://www.vivoscuola.it/content/view/full/29996;0220751001
https://www.vivoscuola.it/content/view/full/30056;0221771001
https://www.vivoscuola.it/content/view/full/30050;0221191001
https://www.vivoscuola.it/content/view/full/30084;0220011003
https://www.vivoscuola.it/content/view/full/30048;0221181001
https://www.vivoscuola.it/content/view/full/141892;2031
https://www.vivoscuola.it/content/view/full/30074;0222221003
https://www.vivoscuola.it/content/view/full/29713;0222052127
https://www.vivoscuola.it/content/view/full/29712;0222052126
https://www.vivoscuola.it/content/view/full/29714;0222052146
https://www.vivoscuola.it/content/view/full/29716;0222053008
https://www.vivoscuola.it/content/view/full/29591;0221172101
https://www.vivoscuola.it/content/view/full/29715;0222052125
https://www.vivoscuola.it/content/view/full/29594;0221802101
https://www.vivoscuola.it/content/view/full/29592;0220812101
https://www.vivoscuola.it/content/view/full/29593;0221202101
https://www.vivoscuola.it/content/view/full/29595;0220052101
https://www.vivoscuola.it/content/view/full/29596;0221262101
https://www.vivoscuola.it/content/view/full/29597;0221173001
https://www.vivoscuola.it/content/view/full/29598;0220053001
https://www.vivoscuola.it/content/view/full/29599;0221803001
https://www.vivoscuola.it/content/view/full/30000;0220831001
https://www.vivoscuola.it/content/view/full/30054;0221201001
https://www.vivoscuola.it/content/view/full/29986;0222051018
https://www.vivoscuola.it/content/view/full/30092;0222031001
https://www.vivoscuola.it/content/view/full/30166;0221911001
https://www.vivoscuola.it/content/view/full/29761;0220227902
https://www.vivoscuola.it/content/view/full/29899;0222057135
https://www.vivoscuola.it/content/view/full/29762;0220225511
https://www.vivoscuola.it/content/view/full/29764;0220225509
https://www.vivoscuola.it/content/view/full/29765;0220225503
https://www.vivoscuola.it/content/view/full/29763;0220225402
https://www.vivoscuola.it/content/view/full/29766;0220225510
https://www.vivoscuola.it/content/view/full/29767;0220227105
https://www.vivoscuola.it/content/view/full/29958;0220411001
https://www.vivoscuola.it/content/view/full/29768;0220227103
https://www.vivoscuola.it/content/view/full/29769;0220227104
https://www.vivoscuola.it/content/view/full/30100;0222151002
https://www.vivoscuola.it/content/view/full/30128;0220071002
https://www.vivoscuola.it/content/view/full/170204;2058
https://www.vivoscuola.it/content/view/full/30218;0222221001
https://www.vivoscuola.it/content/view/full/29281;0221999697
https://www.vivoscuola.it/content/view/full/29374;0220621003
https://www.vivoscuola.it/content/view/full/29373;0220521001
https://www.vivoscuola.it/content/view/full/29375;0220691001
https://www.vivoscuola.it/content/view/full/30120;0221611004
https://www.vivoscuola.it/content/view/full/29376;0220811001
https://www.vivoscuola.it/content/view/full/29378;0221871002
https://www.vivoscuola.it/content/view/full/29377;0221671002
https://www.vivoscuola.it/content/view/full/29379;0221521001
https://www.vivoscuola.it/content/view/full/29381;0221671001
https://www.vivoscuola.it/content/view/full/29380;0221601001
https://www.vivoscuola.it/content/view/full/29883;0222057132
https://www.vivoscuola.it/content/view/full/29383;0222061002
https://www.vivoscuola.it/content/view/full/29382;0221811001
https://www.vivoscuola.it/content/view/full/439667;2066
https://www.vivoscuola.it/content/view/full/29885;0222056235
https://www.vivoscuola.it/content/view/full/29882;0222059901
https://www.vivoscuola.it/content/view/full/29884;0222057133
https://www.vivoscuola.it/content/view/full/457155;2073
https://www.vivoscuola.it/content/view/full/457154;2072
https://www.vivoscuola.it/content/view/full/30212;0221071001
https://www.vivoscuola.it/content/view/full/29385;0220141001
https://www.vivoscuola.it/content/view/full/29387;0221831002
https://www.vivoscuola.it/content/view/full/29388;0220791001
https://www.vivoscuola.it/content/view/full/29389;0221481001
https://www.vivoscuola.it/content/view/full/29391;0220061002
https://www.vivoscuola.it/content/view/full/29390;0221531007
https://www.vivoscuola.it/content/view/full/29392;0221971001
https://www.vivoscuola.it/content/view/full/29393;0220191001
https://www.vivoscuola.it/content/view/full/30052;0221861002
https://www.vivoscuola.it/content/view/full/29365;0220921002
https://www.vivoscuola.it/content/view/full/29366;0220961001
https://www.vivoscuola.it/content/view/full/29367;0222051046
https://www.vivoscuola.it/content/view/full/29370;0222051017
https://www.vivoscuola.it/content/view/full/29368;0222051022
https://www.vivoscuola.it/content/view/full/29369;0222051021
https://www.vivoscuola.it/content/view/full/29730;0220532101
https://www.vivoscuola.it/content/view/full/29371;0222251001
https://www.vivoscuola.it/content/view/full/29729;0220312101
https://www.vivoscuola.it/content/view/full/29731;0220792101
https://www.vivoscuola.it/content/view/full/29732;0220792102
https://www.vivoscuola.it/content/view/full/29734;0221922101
https://www.vivoscuola.it/content/view/full/29733;0220312102
https://www.vivoscuola.it/content/view/full/29735;0222152101
https://www.vivoscuola.it/content/view/full/29736;0220532102
https://www.vivoscuola.it/content/view/full/29737;0220533001
https://www.vivoscuola.it/content/view/full/29739;0222153001
https://www.vivoscuola.it/content/view/full/29738;0220793001
https://www.vivoscuola.it/content/view/full/29698;0222052122
https://www.vivoscuola.it/content/view/full/29699;0222052101
https://www.vivoscuola.it/content/view/full/29700;0222052117
https://www.vivoscuola.it/content/view/full/29702;0222053002
https://www.vivoscuola.it/content/view/full/30206;0222151001
https://www.vivoscuola.it/content/view/full/30174;0221241002
https://www.vivoscuola.it/content/view/full/29948;0220251001
https://www.vivoscuola.it/content/view/full/30136;0221861003
https://www.vivoscuola.it/content/view/full/30122;0220161002
https://www.vivoscuola.it/content/view/full/30134;0221711001
https://www.vivoscuola.it/content/view/full/30104;0221531006
https://www.vivoscuola.it/content/view/full/30090;0222051040
https://www.vivoscuola.it/content/view/full/63289;2011
https://www.vivoscuola.it/content/view/full/30058;0221231001
https://www.vivoscuola.it/content/view/full/65577;2012
https://www.vivoscuola.it/content/view/full/30140;0220011005
https://www.vivoscuola.it/content/view/full/29974;0220551001
https://www.vivoscuola.it/content/view/full/30082;0221401001
https://www.vivoscuola.it/content/view/full/30214;0222171001
https://www.vivoscuola.it/content/view/full/29574;0222252101
https://www.vivoscuola.it/content/view/full/29575;0221032101
https://www.vivoscuola.it/content/view/full/29576;0221032103
https://www.vivoscuola.it/content/view/full/29577;0221033001
https://www.vivoscuola.it/content/view/full/30126;0220011004
https://www.vivoscuola.it/content/view/full/29830;0221152102
https://www.vivoscuola.it/content/view/full/29831;0221153001
https://www.vivoscuola.it/content/view/full/30034;0222051037
https://www.vivoscuola.it/content/view/full/29238;0221617115
https://www.vivoscuola.it/content/view/full/29240;0221613006
https://www.vivoscuola.it/content/view/full/29239;0221612103
https://www.vivoscuola.it/content/view/full/30088;0220161001
https://www.vivoscuola.it/content/view/full/29552;0221552101
https://www.vivoscuola.it/content/view/full/29551;0221522101
https://www.vivoscuola.it/content/view/full/29553;0220882101
https://www.vivoscuola.it/content/view/full/29554;0220272101
https://www.vivoscuola.it/content/view/full/29555;0220462101
https://www.vivoscuola.it/content/view/full/29556;0220512101
https://www.vivoscuola.it/content/view/full/29557;0221692101
https://www.vivoscuola.it/content/view/full/29558;0221702101
https://www.vivoscuola.it/content/view/full/29559;0221523001
https://www.vivoscuola.it/content/view/full/29560;0220883001
https://www.vivoscuola.it/content/view/full/29978;0220621001
https://www.vivoscuola.it/content/view/full/29422;0220012101
https://www.vivoscuola.it/content/view/full/29424;0220013001
https://www.vivoscuola.it/content/view/full/29423;0220012105
https://www.vivoscuola.it/content/view/full/30152;0221801001
https://www.vivoscuola.it/content/view/full/29848;0221535402
https://www.vivoscuola.it/content/view/full/29847;0221539901
https://www.vivoscuola.it/content/view/full/29946;0220221001
https://www.vivoscuola.it/content/view/full/29849;0221535408
https://www.vivoscuola.it/content/view/full/29850;0221535201
https://www.vivoscuola.it/content/view/full/29851;0221535409
https://www.vivoscuola.it/content/view/full/29960;0220421001
https://www.vivoscuola.it/content/view/full/29434;0221362104
https://www.vivoscuola.it/content/view/full/29433;0221312101
https://www.vivoscuola.it/content/view/full/29435;0220642101
https://www.vivoscuola.it/content/view/full/29436;0222132102
https://www.vivoscuola.it/content/view/full/29438;0222132101
https://www.vivoscuola.it/content/view/full/29439;0221313001
https://www.vivoscuola.it/content/view/full/29938;0221041003
https://www.vivoscuola.it/content/view/full/30224;0222241001
https://www.vivoscuola.it/content/view/full/30012;0220951001
https://www.vivoscuola.it/content/view/full/29503;0221292102
https://www.vivoscuola.it/content/view/full/29505;0220492102
https://www.vivoscuola.it/content/view/full/29504;0221562104
https://www.vivoscuola.it/content/view/full/29507;0221882102
https://www.vivoscuola.it/content/view/full/29506;0221562103
https://www.vivoscuola.it/content/view/full/29508;0221892102
https://www.vivoscuola.it/content/view/full/29509;0221883002
https://www.vivoscuola.it/content/view/full/29510;0221563002
https://www.vivoscuola.it/content/view/full/65578;2009
https://www.vivoscuola.it/content/view/full/30210;0222051023
https://www.vivoscuola.it/content/view/full/29543;0221022101
https://www.vivoscuola.it/content/view/full/29542;0220872101
https://www.vivoscuola.it/content/view/full/29544;0221023001
https://www.vivoscuola.it/content/view/full/29545;0220873001
https://www.vivoscuola.it/content/view/full/29546;0220871001
https://www.vivoscuola.it/content/view/full/29549;0220871002
https://www.vivoscuola.it/content/view/full/29547;0221021001
https://www.vivoscuola.it/content/view/full/29251;0220229699
https://www.vivoscuola.it/content/view/full/29548;0221091001
https://www.vivoscuola.it/content/view/full/170193;2063
https://www.vivoscuola.it/content/view/full/29705;0222052144
https://www.vivoscuola.it/content/view/full/29706;0222052124
https://www.vivoscuola.it/content/view/full/29972;0220531001
https://www.vivoscuola.it/content/view/full/29704;0222052114
https://www.vivoscuola.it/content/view/full/29707;0222052115
https://www.vivoscuola.it/content/view/full/29709;0222052112
https://www.vivoscuola.it/content/view/full/29708;0222052111
https://www.vivoscuola.it/content/view/full/30192;0222051002
https://www.vivoscuola.it/content/view/full/29710;0222053004
https://www.vivoscuola.it/content/view/full/30032;0221561002
https://www.vivoscuola.it/content/view/full/30188;0222051033
https://www.vivoscuola.it/content/view/full/122611;2029
https://www.vivoscuola.it/content/view/full/29956;0220371001
https://www.vivoscuola.it/content/view/full/29396;0221611003
https://www.vivoscuola.it/content/view/full/29397;0221611019
https://www.vivoscuola.it/content/view/full/29398;0221611018
https://www.vivoscuola.it/content/view/full/29399;0221611013
https://www.vivoscuola.it/content/view/full/29400;0221611006
https://www.vivoscuola.it/content/view/full/29401;0221611016
https://www.vivoscuola.it/content/view/full/29404;0221231002
https://www.vivoscuola.it/content/view/full/29403;0221931001
https://www.vivoscuola.it/content/view/full/29743;0221972101
https://www.vivoscuola.it/content/view/full/29741;0220652101
https://www.vivoscuola.it/content/view/full/29744;0220143001
https://www.vivoscuola.it/content/view/full/29225;0222052148
https://www.vivoscuola.it/content/view/full/29742;0221192101
https://www.vivoscuola.it/content/view/full/29782;0220509902
https://www.vivoscuola.it/content/view/full/29783;0221475403
https://www.vivoscuola.it/content/view/full/148606;2033
https://www.vivoscuola.it/content/view/full/29226;0222053018
https://www.vivoscuola.it/content/view/full/29785;0220505404
https://www.vivoscuola.it/content/view/full/29786;0221475405
https://www.vivoscuola.it/content/view/full/29784;0221475404
https://www.vivoscuola.it/content/view/full/29788;0220507103
https://www.vivoscuola.it/content/view/full/29789;0220507102
https://www.vivoscuola.it/content/view/full/29787;0220507104
https://www.vivoscuola.it/content/view/full/29407;0221451001
https://www.vivoscuola.it/content/view/full/65579;2008
https://www.vivoscuola.it/content/view/full/29406;0220391001
https://www.vivoscuola.it/content/view/full/29493;0221082101
https://www.vivoscuola.it/content/view/full/29494;0220822101
https://www.vivoscuola.it/content/view/full/29408;0221761001
https://www.vivoscuola.it/content/view/full/29495;0221772101
https://www.vivoscuola.it/content/view/full/29496;0220552101
https://www.vivoscuola.it/content/view/full/29497;0221722101
https://www.vivoscuola.it/content/view/full/29498;0220922101
https://www.vivoscuola.it/content/view/full/29499;0220553001
https://www.vivoscuola.it/content/view/full/29500;0221723001
https://www.vivoscuola.it/content/view/full/29501;0220923001
https://www.vivoscuola.it/content/view/full/29312;0220461001
https://www.vivoscuola.it/content/view/full/29313;0220511001
https://www.vivoscuola.it/content/view/full/29315;0221061001
https://www.vivoscuola.it/content/view/full/29316;0221141001
https://www.vivoscuola.it/content/view/full/29314;0221361003
https://www.vivoscuola.it/content/view/full/29317;0221631001
https://www.vivoscuola.it/content/view/full/29318;0221211001
https://www.vivoscuola.it/content/view/full/29320;0221371001
https://www.vivoscuola.it/content/view/full/29321;0221501003
https://www.vivoscuola.it/content/view/full/29322;0221551001
https://www.vivoscuola.it/content/view/full/29323;0221621001
https://www.vivoscuola.it/content/view/full/29324;0221701001
https://www.vivoscuola.it/content/view/full/29962;0221691002
https://www.vivoscuola.it/content/view/full/29843;0221615508
https://www.vivoscuola.it/content/view/full/29325;0221951001
https://www.vivoscuola.it/content/view/full/29842;0221615404
https://www.vivoscuola.it/content/view/full/29844;0221615506
https://www.vivoscuola.it/content/view/full/29845;0221615507
https://www.vivoscuola.it/content/view/full/29901;0222057111
https://www.vivoscuola.it/content/view/full/29751;0221282101
https://www.vivoscuola.it/content/view/full/29245;0222052121
https://www.vivoscuola.it/content/view/full/29752;0222222101
https://www.vivoscuola.it/content/view/full/29902;0222057130
https://www.vivoscuola.it/content/view/full/29753;0221442101
https://www.vivoscuola.it/content/view/full/29754;0221272101
https://www.vivoscuola.it/content/view/full/29755;0222223001
https://www.vivoscuola.it/content/view/full/30154;0221821001
https://www.vivoscuola.it/content/view/full/170206;2049
https://www.vivoscuola.it/content/view/full/29410;0221675102
https://www.vivoscuola.it/content/view/full/29411;0221679698
https://www.vivoscuola.it/content/view/full/30202;0221531005
https://www.vivoscuola.it/content/view/full/29748;0222192101
https://www.vivoscuola.it/content/view/full/29992;0220721001
https://www.vivoscuola.it/content/view/full/29746;0222122101
https://www.vivoscuola.it/content/view/full/30086;0221431001
https://www.vivoscuola.it/content/view/full/29749;0222193001
https://www.vivoscuola.it/content/view/full/29747;0220562101
https://www.vivoscuola.it/content/view/full/29897;0222057213
https://www.vivoscuola.it/content/view/full/29676;0222052105
https://www.vivoscuola.it/content/view/full/29678;0222053010
https://www.vivoscuola.it/content/view/full/29677;0222052141
https://www.vivoscuola.it/content/view/full/30162;0221861001
https://www.vivoscuola.it/content/view/full/29994;0220741001
https://www.vivoscuola.it/content/view/full/29828;0222053012
https://www.vivoscuola.it/content/view/full/30158;0221851001
https://www.vivoscuola.it/content/view/full/170191;2048
https://www.vivoscuola.it/content/view/full/29581;0220322101
https://www.vivoscuola.it/content/view/full/29580;0221902101
https://www.vivoscuola.it/content/view/full/29247;0222059698
https://www.vivoscuola.it/content/view/full/29582;0221042101
https://www.vivoscuola.it/content/view/full/29583;0221043001
https://www.vivoscuola.it/content/view/full/29579;0220342101
https://www.vivoscuola.it/content/view/full/30110;0221571001
https://www.vivoscuola.it/content/view/full/29772;0221999902
https://www.vivoscuola.it/content/view/full/29773;0221995403
https://www.vivoscuola.it/content/view/full/29775;0221995206
https://www.vivoscuola.it/content/view/full/29774;0221996204
https://www.vivoscuola.it/content/view/full/29776;0221996203
https://www.vivoscuola.it/content/view/full/29777;0221997106
https://www.vivoscuola.it/content/view/full/29778;0221997105
https://www.vivoscuola.it/content/view/full/29779;0221997103
https://www.vivoscuola.it/content/view/full/29780;0221997104
https://www.vivoscuola.it/content/view/full/29811;0221614402
https://www.vivoscuola.it/content/view/full/29810;0221619901
https://www.vivoscuola.it/content/view/full/29813;0221615401
https://www.vivoscuola.it/content/view/full/29812;0221614416
https://www.vivoscuola.it/content/view/full/29814;0221614415
https://www.vivoscuola.it/content/view/full/29668;0221582101
https://www.vivoscuola.it/content/view/full/29671;0221992101
https://www.vivoscuola.it/content/view/full/29669;0220242101
https://www.vivoscuola.it/content/view/full/29670;0221512101
https://www.vivoscuola.it/content/view/full/29674;0221583001
https://www.vivoscuola.it/content/view/full/29672;0222272101
https://www.vivoscuola.it/content/view/full/29673;0221993001
https://www.vivoscuola.it/content/view/full/29269;0221049699
https://www.vivoscuola.it/content/view/full/170205;2044
https://www.vivoscuola.it/content/view/full/29602;0221232101
https://www.vivoscuola.it/content/view/full/29283;0222059699
https://www.vivoscuola.it/content/view/full/29284;0222059694
https://www.vivoscuola.it/content/view/full/29604;0221233001
https://www.vivoscuola.it/content/view/full/29954;0220361001
https://www.vivoscuola.it/content/view/full/29603;0221352101
https://www.vivoscuola.it/content/view/full/29442;0222242101
https://www.vivoscuola.it/content/view/full/29441;0220352101
https://www.vivoscuola.it/content/view/full/29443;0220132101
https://www.vivoscuola.it/content/view/full/30132;0220311002
https://www.vivoscuola.it/content/view/full/29340;0222051032
https://www.vivoscuola.it/content/view/full/30062;0221261001
https://www.vivoscuola.it/content/view/full/29444;0222243001
https://www.vivoscuola.it/content/view/full/29341;0222051001
https://www.vivoscuola.it/content/view/full/29342;0222051049
https://www.vivoscuola.it/content/view/full/29343;0222051047
https://www.vivoscuola.it/content/view/full/29346;0222051034
https://www.vivoscuola.it/content/view/full/29344;0222051041
https://www.vivoscuola.it/content/view/full/29345;0222051044
https://www.vivoscuola.it/content/view/full/29347;0222051014
https://www.vivoscuola.it/content/view/full/29791;0221399901
https://www.vivoscuola.it/content/view/full/29792;0221045401
https://www.vivoscuola.it/content/view/full/29794;0221395404
https://www.vivoscuola.it/content/view/full/29793;0221395403
https://www.vivoscuola.it/content/view/full/29795;0221395207
https://www.vivoscuola.it/content/view/full/29796;0221395208
https://www.vivoscuola.it/content/view/full/29797;0221397103
https://www.vivoscuola.it/content/view/full/29798;0221397104
https://www.vivoscuola.it/content/view/full/29800;0221397101
https://www.vivoscuola.it/content/view/full/29799;0221397105
https://www.vivoscuola.it/content/view/full/439665;2068
https://www.vivoscuola.it/content/view/full/30046;0221171001
https://www.vivoscuola.it/content/view/full/29833;0222055431
https://www.vivoscuola.it/content/view/full/29428;0222052130
https://www.vivoscuola.it/content/view/full/29426;0220032101
https://www.vivoscuola.it/content/view/full/29427;0220582101
https://www.vivoscuola.it/content/view/full/29834;0222055406
https://www.vivoscuola.it/content/view/full/29430;0222053009
https://www.vivoscuola.it/content/view/full/29429;0222052132
https://www.vivoscuola.it/content/view/full/29431;0220033001
https://www.vivoscuola.it/content/view/full/170194;2055
https://www.vivoscuola.it/content/view/full/29256;0221319699
https://www.vivoscuola.it/content/view/full/30190;0222051006
https://www.vivoscuola.it/content/view/full/30198;0222051038
https://www.vivoscuola.it/content/view/full/29638;0222102101
https://www.vivoscuola.it/content/view/full/29639;0221932101
https://www.vivoscuola.it/content/view/full/29640;0221612102
https://www.vivoscuola.it/content/view/full/29641;0222032101
https://www.vivoscuola.it/content/view/full/30070;0221321001
https://www.vivoscuola.it/content/view/full/29642;0221613001
https://www.vivoscuola.it/content/view/full/30170;0220951002
https://www.vivoscuola.it/content/view/full/29570;0221612110
https://www.vivoscuola.it/content/view/full/29944;0221611015
https://www.vivoscuola.it/content/view/full/29571;0220982101
https://www.vivoscuola.it/content/view/full/29572;0221613002
https://www.vivoscuola.it/content/view/full/29950;0220321001
https://www.vivoscuola.it/content/view/full/30016;0221031001
https://www.vivoscuola.it/content/view/full/30106;0221531004
https://www.vivoscuola.it/content/view/full/30182;0222051025
https://www.vivoscuola.it/content/view/full/29817;0222057136
https://www.vivoscuola.it/content/view/full/29816;0221617114
https://www.vivoscuola.it/content/view/full/29819;0222057137
https://www.vivoscuola.it/content/view/full/92008;2023
https://www.vivoscuola.it/content/view/full/29984;0220671001
https://www.vivoscuola.it/content/view/full/29686;0222052133
https://www.vivoscuola.it/content/view/full/29687;0222052128
https://www.vivoscuola.it/content/view/full/29690;0222053099
https://www.vivoscuola.it/content/view/full/29688;0222052147
https://www.vivoscuola.it/content/view/full/29689;0222052131
https://www.vivoscuola.it/content/view/full/29519;0221632101
https://www.vivoscuola.it/content/view/full/29521;0221062101
https://www.vivoscuola.it/content/view/full/29520;0220622101
https://www.vivoscuola.it/content/view/full/29522;0220623001
https://www.vivoscuola.it/content/view/full/29871;0221537108
https://www.vivoscuola.it/content/view/full/29872;0221537109
https://www.vivoscuola.it/content/view/full/29870;0221537204
https://www.vivoscuola.it/content/view/full/29873;0221537110
https://www.vivoscuola.it/content/view/full/29874;0221537106
https://www.vivoscuola.it/content/view/full/29875;0221537107
https://www.vivoscuola.it/content/view/full/29457;0220072101
https://www.vivoscuola.it/content/view/full/29459;0220073001
https://www.vivoscuola.it/content/view/full/29458;0220072103
https://www.vivoscuola.it/content/view/full/30094;0221471001
https://www.vivoscuola.it/content/view/full/30124;0221661001
https://www.vivoscuola.it/content/view/full/30114;0221581001
https://www.vivoscuola.it/content/view/full/30028;0221101001
https://www.vivoscuola.it/content/view/full/29230;0222055432
https://www.vivoscuola.it/content/view/full/29231;0222055433
https://www.vivoscuola.it/content/view/full/29232;0222057214
https://www.vivoscuola.it/content/view/full/29235;0222052149
https://www.vivoscuola.it/content/view/full/29234;0222057116
https://www.vivoscuola.it/content/view/full/29236;0222053011
https://www.vivoscuola.it/content/view/full/29413;0220065401
https://www.vivoscuola.it/content/view/full/134612;2032
https://www.vivoscuola.it/content/view/full/29415;0220062106
https://www.vivoscuola.it/content/view/full/29414;0220067103
https://www.vivoscuola.it/content/view/full/29416;0220063002
https://www.vivoscuola.it/content/view/full/30026;0221391003
https://www.vivoscuola.it/content/view/full/170209;2053
https://www.vivoscuola.it/content/view/full/29863;0221619685
https://www.vivoscuola.it/content/view/full/29862;0221619696
https://www.vivoscuola.it/content/view/full/92004;2017
https://www.vivoscuola.it/content/view/full/29271;0221619698
https://www.vivoscuola.it/content/view/full/29968;0220491001
https://www.vivoscuola.it/content/view/full/170200;2043
https://www.vivoscuola.it/content/view/full/29879;0221617109
https://www.vivoscuola.it/content/view/full/29878;0221617111
https://www.vivoscuola.it/content/view/full/29877;0221617207
https://www.vivoscuola.it/content/view/full/30216;0222001001
https://www.vivoscuola.it/content/view/full/29880;0221617110
https://www.vivoscuola.it/content/view/full/30186;0222051012
https://www.vivoscuola.it/content/view/full/29531;0220845402
https://www.vivoscuola.it/content/view/full/30018;0221611008
https://www.vivoscuola.it/content/view/full/29532;0220845503
https://www.vivoscuola.it/content/view/full/29535;0221742102
https://www.vivoscuola.it/content/view/full/29534;0220847102
https://www.vivoscuola.it/content/view/full/29536;0222012101
https://www.vivoscuola.it/content/view/full/29537;0220382101
https://www.vivoscuola.it/content/view/full/29538;0221152101
https://www.vivoscuola.it/content/view/full/29539;0222043001
https://www.vivoscuola.it/content/view/full/29540;0220383001
https://www.vivoscuola.it/content/view/full/30222;0222051004
https://www.vivoscuola.it/content/view/full/29242;0221612113
https://www.vivoscuola.it/content/view/full/29243;0221613050
https://www.vivoscuola.it/content/view/full/29562;0221822101
https://www.vivoscuola.it/content/view/full/29563;0221662101
https://www.vivoscuola.it/content/view/full/29565;0220832101
https://www.vivoscuola.it/content/view/full/29564;0221072101
https://www.vivoscuola.it/content/view/full/29566;0220172101
https://www.vivoscuola.it/content/view/full/30020;0221831003
https://www.vivoscuola.it/content/view/full/29567;0220163001
https://www.vivoscuola.it/content/view/full/170207;2038
https://www.vivoscuola.it/content/view/full/29823;0222057151
https://www.vivoscuola.it/content/view/full/29824;0222057150
https://www.vivoscuola.it/content/view/full/29825;0222052108
https://www.vivoscuola.it/content/view/full/29976;0220011002
https://www.vivoscuola.it/content/view/full/29826;0222053013
https://www.vivoscuola.it/content/view/full/30148;0222051010
https://www.vivoscuola.it/content/view/full/29802;0221179901
https://www.vivoscuola.it/content/view/full/29804;0221174403
https://www.vivoscuola.it/content/view/full/29803;0221175403
https://www.vivoscuola.it/content/view/full/29805;0221175404
https://www.vivoscuola.it/content/view/full/29806;0221177105
https://www.vivoscuola.it/content/view/full/29807;0221177103
https://www.vivoscuola.it/content/view/full/439666;2067
https://www.vivoscuola.it/content/view/full/29662;0222062101
https://www.vivoscuola.it/content/view/full/29808;0221177104
https://www.vivoscuola.it/content/view/full/29663;0220672101
https://www.vivoscuola.it/content/view/full/29666;0221863001
https://www.vivoscuola.it/content/view/full/29664;0221862101
https://www.vivoscuola.it/content/view/full/29665;0220673001
https://www.vivoscuola.it/content/view/full/30138;0221721001
https://www.vivoscuola.it/content/view/full/170210;2054
https://www.vivoscuola.it/content/view/full/29865;0222059693
https://www.vivoscuola.it/content/view/full/29866;0222059671
https://www.vivoscuola.it/content/view/full/29867;0222059695
https://www.vivoscuola.it/content/view/full/29868;0222059670
https://www.vivoscuola.it/content/view/full/30176;0222021001
https://www.vivoscuola.it/content/view/full/149208;2037
https://www.vivoscuola.it/content/view/full/30014;0221391002
https://www.vivoscuola.it/content/view/full/30006;0220891001
https://www.vivoscuola.it/content/view/full/29472;0221102101
https://www.vivoscuola.it/content/view/full/30022;0221081002
https://www.vivoscuola.it/content/view/full/29471;0220682101
https://www.vivoscuola.it/content/view/full/29473;0220332101
https://www.vivoscuola.it/content/view/full/29474;0220752101
https://www.vivoscuola.it/content/view/full/29475;0221502101
https://www.vivoscuola.it/content/view/full/29476;0221103001
https://www.vivoscuola.it/content/view/full/29856;0222055205
https://www.vivoscuola.it/content/view/full/29857;0222055207
https://www.vivoscuola.it/content/view/full/30064;0221281001
https://www.vivoscuola.it/content/view/full/30004;0220881001
https://www.vivoscuola.it/content/view/full/29998;0220821001
https://www.vivoscuola.it/content/view/full/29681;0222052139
https://www.vivoscuola.it/content/view/full/29682;0222052138
https://www.vivoscuola.it/content/view/full/29684;0222053015
https://www.vivoscuola.it/content/view/full/29680;0222052136
https://www.vivoscuola.it/content/view/full/29683;0222052237
https://www.vivoscuola.it/content/view/full/29928;0220021001
https://www.vivoscuola.it/content/view/full/29964;0222221002
https://www.vivoscuola.it/content/view/full/170195;2061
https://www.vivoscuola.it/content/view/full/30178;0222041001
https://www.vivoscuola.it/content/view/full/92006;2025
https://www.vivoscuola.it/content/view/full/29258;0221969698
https://www.vivoscuola.it/content/view/full/29451;0220062101
https://www.vivoscuola.it/content/view/full/29452;0220062104
https://www.vivoscuola.it/content/view/full/29453;0220062105
https://www.vivoscuola.it/content/view/full/29454;0220062102
https://www.vivoscuola.it/content/view/full/29259;0221969699
https://www.vivoscuola.it/content/view/full/29455;0220063001
https://www.vivoscuola.it/content/view/full/29648;0221612106
https://www.vivoscuola.it/content/view/full/29651;0221613003
https://www.vivoscuola.it/content/view/full/29650;0221612105
https://www.vivoscuola.it/content/view/full/29649;0221612104
https://www.vivoscuola.it/content/view/full/29906;0222057134
https://www.vivoscuola.it/content/view/full/61888;0221991001
https://www.vivoscuola.it/content/view/full/29905;0222057112
https://www.vivoscuola.it/content/view/full/29654;0221302101
https://www.vivoscuola.it/content/view/full/29655;0221652101
https://www.vivoscuola.it/content/view/full/29653;0221422101
https://www.vivoscuola.it/content/view/full/29656;0221712101
https://www.vivoscuola.it/content/view/full/29657;0221852101
https://www.vivoscuola.it/content/view/full/29658;0222212101
https://www.vivoscuola.it/content/view/full/29660;0220483001
https://www.vivoscuola.it/content/view/full/29659;0221853001
https://www.vivoscuola.it/content/view/full/29614;0221392112
https://www.vivoscuola.it/content/view/full/29616;0221392104
https://www.vivoscuola.it/content/view/full/29615;0221392102
https://www.vivoscuola.it/content/view/full/29617;0221392107
https://www.vivoscuola.it/content/view/full/30008;0222051019
https://www.vivoscuola.it/content/view/full/29618;0221393002
https://www.vivoscuola.it/content/view/full/29254;0220629699
https://www.vivoscuola.it/content/view/full/29936;0220071001
https://www.vivoscuola.it/content/view/full/29287;0222049698
https://www.vivoscuola.it/content/view/full/29463;0220742101
https://www.vivoscuola.it/content/view/full/29286;0222049699
https://www.vivoscuola.it/content/view/full/29462;0220372101
https://www.vivoscuola.it/content/view/full/29464;0222072101
https://www.vivoscuola.it/content/view/full/29465;0220862101
https://www.vivoscuola.it/content/view/full/29466;0221872101
https://www.vivoscuola.it/content/view/full/29469;0220743001
https://www.vivoscuola.it/content/view/full/29467;0222002101
https://www.vivoscuola.it/content/view/full/29468;0222073001
https://www.vivoscuola.it/content/view/full/30108;0221561001
https://www.vivoscuola.it/content/view/full/29279;0221619694
https://www.vivoscuola.it/content/view/full/30076;0221391001
https://www.vivoscuola.it/content/view/full/439664;2070
https://www.vivoscuola.it/content/view/full/30156;0221831001
https://www.vivoscuola.it/content/view/full/170203;2057
https://www.vivoscuola.it/content/view/full/29277;0220629698
https://www.vivoscuola.it/content/view/full/29837;0220625208
https://www.vivoscuola.it/content/view/full/29836;0220629903
https://www.vivoscuola.it/content/view/full/29838;0220625509
https://www.vivoscuola.it/content/view/full/29839;0220625209
https://www.vivoscuola.it/content/view/full/29840;0220625508
https://www.vivoscuola.it/content/view/full/29524;0220662101
https://www.vivoscuola.it/content/view/full/29525;0221832101
https://www.vivoscuola.it/content/view/full/29526;0221402102
https://www.vivoscuola.it/content/view/full/29528;0221833001
https://www.vivoscuola.it/content/view/full/29527;0221832103
https://www.vivoscuola.it/content/view/full/29529;0221403002
https://www.vivoscuola.it/content/view/full/30194;0222051036
https://www.vivoscuola.it/content/view/full/30038;0220061004
https://www.vivoscuola.it/content/view/full/30196;0222051031
https://www.vivoscuola.it/content/view/full/29908;0221457103
https://www.vivoscuola.it/content/view/full/29910;0221457101
https://www.vivoscuola.it/content/view/full/29909;0221457102
https://www.vivoscuola.it/content/view/full/29913;0220392101
https://www.vivoscuola.it/content/view/full/29912;0221452101
https://www.vivoscuola.it/content/view/full/29911;0222172101
https://www.vivoscuola.it/content/view/full/29914;0221182101
https://www.vivoscuola.it/content/view/full/29915;0221183001
https://www.vivoscuola.it/content/view/full/29916;0220363001
https://www.vivoscuola.it/content/view/full/29917;0221453001
https://www.vivoscuola.it/content/view/full/29924;0220241001
https://www.vivoscuola.it/content/view/full/30200;0222071001
https://www.vivoscuola.it/content/view/full/122610;2019
https://www.vivoscuola.it/content/view/full/29357;0221011001
https://www.vivoscuola.it/content/view/full/29356;0220311001
https://www.vivoscuola.it/content/view/full/29358;0221921001
https://www.vivoscuola.it/content/view/full/29359;0222051008
https://www.vivoscuola.it/content/view/full/29360;0222051009
https://www.vivoscuola.it/content/view/full/29361;0222051043
https://www.vivoscuola.it/content/view/full/29363;0222051016
https://www.vivoscuola.it/content/view/full/29362;0222051007
https://www.vivoscuola.it/content/view/full/30060;0221241001
https://www.vivoscuola.it/content/view/full/30164;0221881001
https://www.vivoscuola.it/content/view/full/29887;0220627104
https://www.vivoscuola.it/content/view/full/29889;0220627108
https://www.vivoscuola.it/content/view/full/29890;0220627106
https://www.vivoscuola.it/content/view/full/29892;0220627105
https://www.vivoscuola.it/content/view/full/29891;0220627103
https://www.vivoscuola.it/content/view/full/439668;2069
https://www.vivoscuola.it/content/view/full/29888;0220627107
https://www.vivoscuola.it/content/view/full/29988;0220251003
https://www.vivoscuola.it/content/view/full/29692;0222052145
https://www.vivoscuola.it/content/view/full/29693;0222052134
https://www.vivoscuola.it/content/view/full/29694;0222052219
https://www.vivoscuola.it/content/view/full/29695;0222053001
https://www.vivoscuola.it/content/view/full/30078;0220791002
https://www.vivoscuola.it/content/view/full/29478;0220222101
https://www.vivoscuola.it/content/view/full/29479;0220952101
https://www.vivoscuola.it/content/view/full/29480;0220223001
https://www.vivoscuola.it/content/view/full/29481;0220953001
https://www.vivoscuola.it/content/view/full/30150;0221791001
https://www.vivoscuola.it/content/view/full/30180;0222051015
https://www.vivoscuola.it/content/view/full/30002;0220841001
https://www.vivoscuola.it/content/view/full/29942;0220211001
https://www.vivoscuola.it/content/view/full/29930;0220031001
https://www.vivoscuola.it/content/view/full/170201;2045
https://www.vivoscuola.it/content/view/full/29273;0222059696
https://www.vivoscuola.it/content/view/full/170198;2052
https://www.vivoscuola.it/content/view/full/29264;0221539699
https://www.vivoscuola.it/content/view/full/30160;0221391006
https://www.vivoscuola.it/content/view/full/30042;0221151001
https://www.vivoscuola.it/content/view/full/30040;0220621002
https://www.vivoscuola.it/content/view/full/170196;2060
https://www.vivoscuola.it/content/view/full/29261;0221999698
https://www.vivoscuola.it/content/view/full/170197;2051
https://www.vivoscuola.it/content/view/full/29262;0221999699
https://www.vivoscuola.it/content/view/full/180181;2064
https://www.vivoscuola.it/content/view/full/29327;0220151001
https://www.vivoscuola.it/content/view/full/29328;0220231001
https://www.vivoscuola.it/content/view/full/29330;0220481001
https://www.vivoscuola.it/content/view/full/29329;0220381001
https://www.vivoscuola.it/content/view/full/29331;0220561001
https://www.vivoscuola.it/content/view/full/29332;0220971001
https://www.vivoscuola.it/content/view/full/29333;0221041001
https://www.vivoscuola.it/content/view/full/29334;0221291001
https://www.vivoscuola.it/content/view/full/29336;0222121001
https://www.vivoscuola.it/content/view/full/29335;0221901001
https://www.vivoscuola.it/content/view/full/29338;0222211001
https://www.vivoscuola.it/content/view/full/29337;0222191001
https://www.vivoscuola.it/content/view/full/30226;0222261001
https://www.vivoscuola.it/content/view/full/30044;0221161001
https://www.vivoscuola.it/content/view/full/29926;0220011001
https://www.vivoscuola.it/content/view/full/29446;0220112101
https://www.vivoscuola.it/content/view/full/29447;0220092101
https://www.vivoscuola.it/content/view/full/29448;0220092102
https://www.vivoscuola.it/content/view/full/29449;0220093001
https://www.vivoscuola.it/content/view/full/29940;0220061003
https://www.vivoscuola.it/content/view/full/29626;0221532101
https://www.vivoscuola.it/content/view/full/29627;0221242101
https://www.vivoscuola.it/content/view/full/29628;0221532104
https://www.vivoscuola.it/content/view/full/29630;0221533001
https://www.vivoscuola.it/content/view/full/29718;0221432102
https://www.vivoscuola.it/content/view/full/30172;0222011001
https://www.vivoscuola.it/content/view/full/29719;0221432101
https://www.vivoscuola.it/content/view/full/29721;0220292101
https://www.vivoscuola.it/content/view/full/29722;0220932101
https://www.vivoscuola.it/content/view/full/29720;0221792101
https://www.vivoscuola.it/content/view/full/29724;0220732101
https://www.vivoscuola.it/content/view/full/29725;0221793001
https://www.vivoscuola.it/content/view/full/29723;0220422101
https://www.vivoscuola.it/content/view/full/29726;0221433002
https://www.vivoscuola.it/content/view/full/92010;2021
https://www.vivoscuola.it/content/view/full/29727;0221433001
https://www.vivoscuola.it/content/view/full/29622;0221472101
https://www.vivoscuola.it/content/view/full/29620;0221962101
https://www.vivoscuola.it/content/view/full/29621;0222262101
https://www.vivoscuola.it/content/view/full/30220;0222051039
https://www.vivoscuola.it/content/view/full/29624;0221473001
https://www.vivoscuola.it/content/view/full/29623;0221963001
https://www.vivoscuola.it/content/view/full/170202;2056
https://www.vivoscuola.it/content/view/full/29966;0220471001
https://www.vivoscuola.it/content/view/full/30098;0220171003
https://www.vivoscuola.it/content/view/full/29275;0221539698
https://www.vivoscuola.it/content/view/full/29919;0220614705
https://www.vivoscuola.it/content/view/full/29920;0220615401
https://www.vivoscuola.it/content/view/full/29921;0220615402
https://www.vivoscuola.it/content/view/full/29922;0220614704
https://www.vivoscuola.it/content/view/full/29607;0221392101
https://www.vivoscuola.it/content/view/full/29608;0221392103
https://www.vivoscuola.it/content/view/full/29611;0221392110
https://www.vivoscuola.it/content/view/full/29612;0221393001
https://www.vivoscuola.it/content/view/full/170192;2062
https://www.vivoscuola.it/content/view/full/29609;0220852101
https://www.vivoscuola.it/content/view/full/29249;0220069699
https://www.vivoscuola.it/content/view/full/30080;0221421001
https://www.vivoscuola.it/content/view/full/29610;0221682101
https://www.vivoscuola.it/content/view/full/30116;0221351001
https://www.vivoscuola.it/content/view/full/30096;0221031002
https://www.vivoscuola.it/content/view/full/61886;0221611007
https://www.vivoscuola.it/content/view/full/29932;0220051001
https://www.vivoscuola.it/content/view/full/29853;0221615204
https://www.vivoscuola.it/content/view/full/30208;0220531002
https://www.vivoscuola.it/content/view/full/29854;0221615205
https://www.vivoscuola.it/content/view/full/29228;0221611001
https://www.vivoscuola.it/content/view/full/30168;0221961001
https://www.vivoscuola.it/content/view/full/30112;0221391004
https://www.vivoscuola.it/content/view/full/30102;0221531001
https://www.vivoscuola.it/content/view/full/30024;0221431002
https://www.vivoscuola.it/content/view/full/29895;0221617113
https://www.vivoscuola.it/content/view/full/29894;0221617112
https://www.vivoscuola.it/content/view/full/180180;2065
https://www.vivoscuola.it/content/view/full/29289;0220091001
https://www.vivoscuola.it/content/view/full/29290;0220401001
https://www.vivoscuola.it/content/view/full/29291;0222091001
https://www.vivoscuola.it/content/view/full/29292;0220611001
https://www.vivoscuola.it/content/view/full/29294;0220851001
https://www.vivoscuola.it/content/view/full/29296;0220471002
https://www.vivoscuola.it/content/view/full/29295;0220091003
https://www.vivoscuola.it/content/view/full/29982;0220661001
https://www.vivoscuola.it/content/view/full/29297;0220111002
https://www.vivoscuola.it/content/view/full/29298;0220091004
https://www.vivoscuola.it/content/view/full/29299;0221681001
https://www.vivoscuola.it/content/view/full/29300;0220611003
https://www.vivoscuola.it/content/view/full/170211;2041
https://www.vivoscuola.it/content/view/full/29418;0221619690
https://www.vivoscuola.it/content/view/full/29420;0221619695
https://www.vivoscuola.it/content/view/full/29419;0221619699
https://www.vivoscuola.it/content/view/full/29934;0220061001
https://www.vivoscuola.it/content/view/full/29644;0221612108
https://www.vivoscuola.it/content/view/full/29645;0221612112
https://www.vivoscuola.it/content/view/full/29646;0221613004
https://www.vivoscuola.it/content/view/full/29305;0220981001
https://www.vivoscuola.it/content/view/full/29304;0220351001
https://www.vivoscuola.it/content/view/full/29303;0220131001
https://www.vivoscuola.it/content/view/full/29306;0221271001
https://www.vivoscuola.it/content/view/full/29307;0221441001
https://www.vivoscuola.it/content/view/full/29309;0221611017
https://www.vivoscuola.it/content/view/full/29308;0221611014
https://www.vivoscuola.it/content/view/full/29310;0221611012
https://www.vivoscuola.it/content/view/full/30146;0221751001
https://www.vivoscuola.it/content/view/full/29585;0221162101
https://www.vivoscuola.it/content/view/full/29587;0221602101
https://www.vivoscuola.it/content/view/full/29586;0221672101
https://www.vivoscuola.it/content/view/full/29588;0221672102
https://www.vivoscuola.it/content/view/full/29589;0221163001
https://www.vivoscuola.it/content/view/full/30130;0221741002
https://www.vivoscuola.it/content/view/full/122612;2028
https://www.vivoscuola.it/content/view/full/170208;2050
https://www.vivoscuola.it/content/view/full/29859;0221049698
https://www.vivoscuola.it/content/view/full/76225;2013
https://www.vivoscuola.it/content/view/full/29484;0220412101
https://www.vivoscuola.it/content/view/full/29483;0220402101
https://www.vivoscuola.it/content/view/full/29488;0220502102
https://www.vivoscuola.it/content/view/full/29486;0220472101
https://www.vivoscuola.it/content/view/full/29485;0222092101
https://www.vivoscuola.it/content/view/full/29487;0220502101
https://www.vivoscuola.it/content/view/full/29490;0222112101
https://www.vivoscuola.it/content/view/full/29489;0220472102
https://www.vivoscuola.it/content/view/full/29350;0222051003
https://www.vivoscuola.it/content/view/full/29491;0220503001
https://www.vivoscuola.it/content/view/full/30204;0222131001
https://www.vivoscuola.it/content/view/full/29349;0220581001
https://www.vivoscuola.it/content/view/full/29354;0222051026
https://www.vivoscuola.it/content/view/full/29351;0222051027
https://www.vivoscuola.it/content/view/full/29353;0222051029
https://www.vivoscuola.it/content/view/full/29352;0222051028
https://www.vivoscuola.it/content/view/full/30066;0221301001
