main institute;institute type;administration type;manager;director;educational coordinator;address;municipality;telephone;fax;institute email;management email;secretary's office email;website;miur code;vivoscuola institute link;wikipedia municipality link
associazione pedagogica steineriana - trento;istituzione scolastica e formativa;paritaria/equiparata;carlo musio;;;via conci, 86 38123;trento;0461930658;;associazione@pec.scuolasteiner-trento.it;;segreteria@scuolasteiner-trento.it;https://www.scuolasteiner-trento.it;;https://www.vivoscuola.it/content/view/full/29224;https://it.wikipedia.org/wiki/Trento
associazione rudolf steiner per la pedagogia aps - rovereto;scuola dell'infanzia;paritaria/equiparata;;;;via stazione mori, 10 38068;rovereto;;;;;;;;https://www.vivoscuola.it/content/view/full/29227;https://it.wikipedia.org/wiki/Rovereto
"centro formazione professionale ""centromoda canossa"" ";istituzione scolastica e formativa;paritaria/equiparata;;michele filippini;;via grazioli, 2 38122;trento;0461260454;0461/267864;canossatrento@pec.it;direzione@centromoda.tn.it;didattica@centromoda.tn.it;https://www.centromoda.tn.it;;https://www.vivoscuola.it/content/view/full/29246;https://it.wikipedia.org/wiki/Trento
centro formazione professionale enaip - arco;istituzione scolastica e formativa;paritaria/equiparata;;diego freo;;via gazzoletti, 8 38062;arco;0464516465;0464/516497;cfp.arco@pec.it;;cfp.arco@enaip.tn.it;https://arco.enaiptrentino.it;;https://www.vivoscuola.it/content/view/full/29248;https://it.wikipedia.org/wiki/Arco_(Italia)
centro formazione professionale enaip - borgo valsugana;istituzione scolastica e formativa;paritaria/equiparata;;francesco micheletti;;via giamaolle, 15 38051;borgo valsugana;0461753037;0461/752070;cfp.borgo@pec.it;;cfp.borgo@enaip.tn.it;https://borgo.enaiptrentino.it/;;https://www.vivoscuola.it/content/view/full/29250;https://it.wikipedia.org/wiki/Borgo_Valsugana
centro formazione professionale enaip - cles;istituzione scolastica e formativa;paritaria/equiparata;;luca branz;;via mitterer, 10 38023;cles;0463421362;0463/421606;cfp.cles@pec.it;;cfp.cles@enaip.tn.it;https://cles.enaiptrentino.it/;;https://www.vivoscuola.it/content/view/full/29253;https://it.wikipedia.org/wiki/Cles
centro formazione professionale enaip - ossana;istituzione scolastica e formativa;paritaria/equiparata;;claudia gosetti;;via di s antonio - ossana, 1 38026;ossana;0463751102;0463/751987;cfp.ossana@pec.it;;cfp.ossana@enaip.tn.it;https://ossana.enaiptrentino.it/;;https://www.vivoscuola.it/content/view/full/29255;https://it.wikipedia.org/wiki/Ossana
centro formazione professionale enaip - primiero;istituzione scolastica e formativa;paritaria/equiparata;;fausto eccher;;via forno - transacqua, 12 38054;primiero san martino di castrozza;0439762057;0439/762833;cfp.primiero@pec.it;;cfp.primiero@enaip.tn.it;https://primiero.enaiptrentino.it/;;https://www.vivoscuola.it/content/view/full/29285;https://it.wikipedia.org/wiki/Primiero_San_Martino_di_Castrozza
centro formazione professionale enaip - tesero;istituzione scolastica e formativa;paritaria/equiparata;;dino moser;;via caltrezza, 13 38038;tesero;0462813133;0462/813145;cfp.tesero@pec.it;;cfp.tesero@enaip.tn.it;https://tesero.enaiptrentino.it/;;https://www.vivoscuola.it/content/view/full/29257;https://it.wikipedia.org/wiki/Tesero
centro formazione professionale enaip - tione di trento;istituzione scolastica e formativa;paritaria/equiparata;;ketty pellizzari;;via durone, 57 38079;tione di trento;0465321316;0465/322091;cfp.tione@pec.it;;cfp.tione@enaip.tn.it;https://tione.enaiptrentino.it/;tncf001001;https://www.vivoscuola.it/content/view/full/29260;https://it.wikipedia.org/wiki/Tione_di_Trento
centro formazione professionale enaip - varone di riva del garda;istituzione scolastica e formativa;paritaria/equiparata;;elisabetta filippi;;rione europa, 3 38066;riva del garda;0464521300;0464/521553;cfp.rivadelgarda@pec.it;;cfp.rivadelgarda@enaip.tn.it;https://rivadelgarda.enaiptrentino.it/;tncf007001;https://www.vivoscuola.it/content/view/full/29263;https://it.wikipedia.org/wiki/Riva_del_Garda
centro formazione professionale enaip - villazzano;istituzione scolastica e formativa;paritaria/equiparata;;paola coccia;;via asiago, 14 38123;trento;0461920386;0461/914935;cfp.villazzano@pec.it;;cfp.villazzano@enaip.tn.it;https://villazzano.enaiptrentino.it/;tncf008001;https://www.vivoscuola.it/content/view/full/29265;https://it.wikipedia.org/wiki/Trento
centro formazione professionale opera armida barelli - levico;istituzione scolastica e formativa;paritaria/equiparata;bernardo zanoner;michele linardi;;viale roma, 61 38056;levico terme;0461706145;0461/701940;cfplevico@pec.operaarmidabarelli.org;;cfplevico@operaarmidabarelli.org;https://www.operaarmidabarelli.org;;https://www.vivoscuola.it/content/view/full/29268;https://it.wikipedia.org/wiki/Levico_Terme
centro formazione professionale opera armida barelli - rovereto;istituzione scolastica e formativa;paritaria/equiparata;bernardo zanoner;camilla cestari;;via setaioli, 5 38068;rovereto;0464433771;0464/431711;cfprovereto@pec.operaarmidabarelli.org;;cfprovereto@operaarmidabarelli.org;https://www.operaarmidabarelli.org;tncf005001;https://www.vivoscuola.it/content/view/full/29270;https://it.wikipedia.org/wiki/Rovereto
centro formazione professionale pavoniano artigianelli - trento;istituzione scolastica e formativa;paritaria/equiparata;erik gadotti;;;piazza di fiera, 4 38122;trento;0461270244;0461/270241;scuolagrafica@pec.artigianelli.tn.it;;scuolagrafica@artigianelli.tn.it;http://www.artigianelli.tn.it/;tncf004001;https://www.vivoscuola.it/content/view/full/29272;https://it.wikipedia.org/wiki/Trento
centro formazione professionale upt - arco;istituzione scolastica e formativa;paritaria/equiparata;;claudio nicolussi;;via gazzoletti, 10 38062;arco;0464556585;0464/556599;cfp-upt@pec.it;;segreteria.arco@cfp-upt.it;https://www.cfpupt.it/sede-di-arco;;https://www.vivoscuola.it/content/view/full/29274;https://it.wikipedia.org/wiki/Arco_(Italia)
centro formazione professionale upt - borgo valsugana;istituzione scolastica e formativa;paritaria/equiparata;;claudia mammani;;via del mercato, 9/a 38051;borgo valsugana;04611830221;0461/233877;cfp-upt@pec.it;;segreteria.sede@cfp-upt.it;https://www.cfp-upt.it;;https://www.vivoscuola.it/content/view/full/122609;https://it.wikipedia.org/wiki/Borgo_Valsugana
centro formazione professionale upt - cles;istituzione scolastica e formativa;paritaria/equiparata;;walter iori;;via d agostin, 2 38023;cles;0463422820;0463/424409;cfp-upt@pec.it;;segreteria.cles@cfp-upt.it;https://www.cfp-upt.it;;https://www.vivoscuola.it/content/view/full/29276;https://it.wikipedia.org/wiki/Cles
centro formazione professionale upt - rovereto;istituzione scolastica e formativa;paritaria/equiparata;;paolo zanlucchi;;via pasqui, 10 38068;rovereto;0464630050;;cfp-upt@pec.it;;segreteria.rovereto@cfp-upt.it;https://www.cfp-upt.it;;https://www.vivoscuola.it/content/view/full/29278;https://it.wikipedia.org/wiki/Rovereto
centro formazione professionale upt - tione di trento;istituzione scolastica e formativa;paritaria/equiparata;;maurizio cadonna ;;via roma, 15 38079;tione di trento;0465321889;0465/324518;cfp-upt@pec.it;;segreteria.tione@cfp-upt.it;https://www.cfp-upt.it;;https://www.vivoscuola.it/content/view/full/29280;https://it.wikipedia.org/wiki/Tione_di_Trento
centro formazione professionale upt - trento;istituzione scolastica e formativa;paritaria/equiparata;;walter iori;;via borsieri, 2 38122;trento;0461239997;0461/260235;cfp-upt@pec.it;;segreteria.sede@cfp-upt.it;https://www.cfp-upt.it;tncf003001;https://www.vivoscuola.it/content/view/full/29282;https://it.wikipedia.org/wiki/Trento
circolo di coordinamento n. 1;circolo di coordinamento pedagogico;a carattere statale/provinciale;;;katia pegoretti;viale dante, 5 38057;pergine valsugana;0461493491;0461/493495;circolo.coordinamento01@provincia.tn.it;;circolo.coordinamento01@provincia.tn.it;;;https://www.vivoscuola.it/content/view/full/29288;https://it.wikipedia.org/wiki/Pergine_Valsugana
circolo di coordinamento n. 10;circolo di coordinamento pedagogico;a carattere statale/provinciale;;;ginevra rella;viale trento, 37/e 38068;rovereto;0464493114;0464/493115;circolo.coordinamento10@provincia.tn.it;;circolo.coordinamento10@provincia.tn.it;;;https://www.vivoscuola.it/content/view/full/29302;https://it.wikipedia.org/wiki/Rovereto
circolo di coordinamento n. 11;circolo di coordinamento pedagogico;a carattere statale/provinciale;;;simonetta errigo;via della gana, 10 38027;malé;0461491939;0461/491940;circolo.coordinamento11@provincia.tn.it;;circolo.coordinamento11@provincia.tn.it;;;https://www.vivoscuola.it/content/view/full/29311;https://it.wikipedia.org/wiki/Mal%C3%A9_(Italia)
circolo di coordinamento n. 2;circolo di coordinamento pedagogico;a carattere statale/provinciale;;;helene giacomelli;via temanza, 4 38051;borgo valsugana;0461491980;0461 491976;circolo.coordinamento02@provincia.tn.it;;circolo.coordinamento02@provincia.tn.it;;;https://www.vivoscuola.it/content/view/full/29326;https://it.wikipedia.org/wiki/Borgo_Valsugana
circolo di coordinamento n. 3;circolo di coordinamento pedagogico;a carattere statale/provinciale;;;chiara nadalon;via gilli, 3 38121;trento;0461496000;0461/497257;circolo.coordinamento03@provincia.tn.it;;circolo.coordinamento03@provincia.tn.it;;;https://www.vivoscuola.it/content/view/full/29339;https://it.wikipedia.org/wiki/Trento
circolo di coordinamento n. 4;circolo di coordinamento pedagogico;a carattere statale/provinciale;;;rita ferenzena;via gilli, 3 38121;trento;0461496000;0461/496950;circolo.coordinamento04@provincia.tn.it;;circolo.coordinamento04@provincia.tn.it;;;https://www.vivoscuola.it/content/view/full/29348;https://it.wikipedia.org/wiki/Trento
circolo di coordinamento n. 5;circolo di coordinamento pedagogico;a carattere statale/provinciale;;;martina bassetti;via gilli, 3 38121;trento;0461496000;0461/497257;circolo.coordinamento05@provincia.tn.it;;circolo.coordinamento05@provincia.tn.it;;;https://www.vivoscuola.it/content/view/full/29355;https://it.wikipedia.org/wiki/Trento
circolo di coordinamento n. 6;circolo di coordinamento pedagogico;a carattere statale/provinciale;;;valentina rizzon;via gilli, 3 38121;trento;0461496000;0461/499283;circolo.coordinamento06@provincia.tn.it;;circolo.coordinamento06@provincia.tn.it;;;https://www.vivoscuola.it/content/view/full/29364;https://it.wikipedia.org/wiki/Trento
circolo di coordinamento n. 7;circolo di coordinamento pedagogico;a carattere statale/provinciale;;;laura bertoldi;via filos, 2 38017;mezzolombardo;0461494331;0461/494334;circolo.coordinamento07@provincia.tn.it;;circolo.coordinamento07@provincia.tn.it;;;https://www.vivoscuola.it/content/view/full/29372;https://it.wikipedia.org/wiki/Mezzolombardo
circolo di coordinamento n. 8;circolo di coordinamento pedagogico;a carattere statale/provinciale;;;maria teresa scarpellini;via circonvallazione, 65 38079;tione di trento;0461493385;0461/493389;circolo.coordinamento08@provincia.tn.it;;circolo.coordinamento08@provincia.tn.it;;;https://www.vivoscuola.it/content/view/full/29384;https://it.wikipedia.org/wiki/Tione_di_Trento
circolo di coordinamento n. 9;circolo di coordinamento pedagogico;a carattere statale/provinciale;;;donatella segnana;viale trento, 37/e 38068;rovereto;0464493116;0464/493117;circolo.coordinamento09@provincia.tn.it;;circolo.coordinamento09@provincia.tn.it;;;https://www.vivoscuola.it/content/view/full/29394;https://it.wikipedia.org/wiki/Rovereto
collegio arcivescovile c.endrici - trento;istituzione scolastica e formativa;paritaria/equiparata;christian bonazza;bruno daves;;via monsignor  endrici, 23 38122;trento;04611731200;0461/1731288;collegioarcivescovile@pec.it;collegioarcivescovile@arcivescoviletrento.it;didatticatn@arcivescoviletrento.it;https://www.arcivescoviletrento.it;;https://www.vivoscuola.it/content/view/full/29229;https://it.wikipedia.org/wiki/Trento
collegio arcivescovile dame inglesi - rovereto;istituzione scolastica e formativa;paritaria/equiparata;christian bonazza;bruno daves;;corso bettini, 71 38068;rovereto;0464406000;0464/406077;collegioarcivescovile@pec.it;dameinglesi@arcivescoviletrento.it;lia@arcivescoviletrento.it;https://www.arcivescoviletrento.it;;https://www.vivoscuola.it/content/view/full/29237;https://it.wikipedia.org/wiki/Rovereto
cooperativa sociale sacra famiglia onlus;istituzione scolastica e formativa;paritaria/equiparata;marcello sottopietra;;;via della saluga, 7 38121;trento;0461080041;;cooperativasacrafamiglia@pec.it;segreteria@sacrafamigliatrento.it;segreteria@sacrafamigliatrento.it;https://www.sacrafamigliatrento.it;;https://www.vivoscuola.it/content/view/full/29244;https://it.wikipedia.org/wiki/Trento
coordinamento pedagogico scuole provinciali dell'infanzia ladine;circolo di coordinamento pedagogico;a carattere statale/provinciale;;;tatiana soraperra;strada giuseppe soraperra - pozza di fassa, 6 38036;san giovanni di fassa;0462760340;0462/760001;coordinamento.scuoleladine@provincia.tn.it;;coordinamento.scuoleladine@provincia.tn.it;;;https://www.vivoscuola.it/content/view/full/29405;https://it.wikipedia.org/wiki/San_Giovanni_di_Fassa
fondazione edmund mach - istituto agrario san michele all'adige;istituzione scolastica e formativa;paritaria/equiparata;manuel penasa;claudia bisognin;;via mach, 1 38098;san michele all'adige;0461615213;0461/615273;amministrazione.cif@pec.iasma.it;;segreteria.scuola@fmach.it;https://www.fmach.it;;https://www.vivoscuola.it/content/view/full/29409;https://it.wikipedia.org/wiki/San_Michele_all%27Adige
"istituto comprensivo ala ""antonio bresciani""";istituzione scolastica e formativa;a carattere statale/provinciale;maura maino;;;via don anzelini, 2 38061;ala;0464671119;0464/674138;ic.ala@pec.provincia.tn.it;dir.ic.ala@scuole.provincia.tn.it;segr.ic.ala@scuole.provincia.tn.it;https://www.istitutocomprensivoala.it;tnic84800q;https://www.vivoscuola.it/content/view/full/29421;https://it.wikipedia.org/wiki/Ala_(Italia)
istituto comprensivo aldeno mattarello;istituzione scolastica e formativa;a carattere statale/provinciale;michele ruele;;;via della torre franca, 1 38123;trento;0461945237;0464/946007;ic.aldeno-mattarello@pec.provincia.tn.it;dir.aldeno.mattarello@scuole.provincia.tn.it;segr.aldeno.mattarello@scuole.provincia.tn.it;https://www.icaldenomattarello.it;tnic82100q;https://www.vivoscuola.it/content/view/full/29425;https://it.wikipedia.org/wiki/Trento
istituto comprensivo alta val di sole;istituzione scolastica e formativa;a carattere statale/provinciale;franco vanin;;;via s michele, 11 38026;ossana;0463751129;0463/750043;ic.altavaldisole@pec.provincia.tn.it;dir.icaltavaldisole@scuole.provincia.tn.it;segr.icaltavaldisole@scuole.provincia.tn.it;https://www.icaltavaldisole.it;tnic832006;https://www.vivoscuola.it/content/view/full/29432;https://it.wikipedia.org/wiki/Ossana
istituto comprensivo alta vallagarina;istituzione scolastica e formativa;a carattere statale/provinciale;pasquale tappa;;;via stazione, 30 38060;volano;0464410475;0461/490699;ic.altavallagarina@pec.provincia.tn.it;dir.ic.altavallagarina@scuole.provincia.tn.it;segr.ic.altavallagarina@scuole.provincia.tn.it;https://www.ic-altavallagarina.it;tnic86000a;https://www.vivoscuola.it/content/view/full/29440;https://it.wikipedia.org/wiki/Volano_(Italia)
istituto comprensivo altopiano di pine';istituzione scolastica e formativa;a carattere statale/provinciale;elisabetta pizio;;;via del xxvi maggio - baselga, 6 38042;baselga di piné;0461557138;0461/558163;ic.pine@pec.provincia.tn.it;dir.ic.altopianodipine@scuole.provincia.tn.it;segr.ic.altopianodipine@scuole.provincia.tn.it;https://www.icpine.eu;tnic816008;https://www.vivoscuola.it/content/view/full/29445;https://it.wikipedia.org/wiki/Baselga_di_Pin%C3%A9
istituto comprensivo arco;istituzione scolastica e formativa;a carattere statale/provinciale;paola maroni;;;localita prabi,   38062;arco;0464516429;0464/517064;ic.arco@pec.provincia.tn.it;dir.ic.arco@scuole.provincia.tn.it;segr.ic.arco@scuole.provincia.tn.it;https://www.icarco.edu.it;tnic840005;https://www.vivoscuola.it/content/view/full/29450;https://it.wikipedia.org/wiki/Arco_(Italia)
istituto comprensivo avio;istituzione scolastica e formativa;a carattere statale/provinciale;niccolo' dai pra';;;viale degasperi, 69 38063;avio;0464684029;0464/687570;ic.avio@pec.provincia.tn.it;dir.ic.avio@scuole.provincia.tn.it;segr.ic.avio@scuole.provincia.tn.it;https://www.istitutoavio.it;tnic84700x;https://www.vivoscuola.it/content/view/full/29456;https://it.wikipedia.org/wiki/Avio
istituto comprensivo bassa anaunia - tuenno;istituzione scolastica e formativa;a carattere statale/provinciale;licia campi;;;via colle verde, 3 38010;denno;0461655783;0461/655783;ic.bassaanaunia@pec.provincia.tn.it;dir.ic.bassaanauniatuenno@scuole.provincia.tn.it;segr.ic.denno@scuole.provincia.tn.it;https://www.icbassaanauniatuenno.it;tnic82900a;https://www.vivoscuola.it/content/view/full/29461;https://it.wikipedia.org/wiki/Denno
"istituto comprensivo bassa val di sole ""g. ciccolini""";istituzione scolastica e formativa;a carattere statale/provinciale;nicola parzian;;;via taddei de mauris, 4 38027;malé;0463901237;0463/902866;ic.bassavaldisole@pec.provincia.tn.it;dir.ciccolini.male@scuole.provincia.tn.it;segr.ciccolini.male@scuole.provincia.tn.it;https://www.icbassavaldisole.it;tnic833002;https://www.vivoscuola.it/content/view/full/29470;https://it.wikipedia.org/wiki/Mal%C3%A9_(Italia)
istituto comprensivo borgo valsugana;istituzione scolastica e formativa;a carattere statale/provinciale;luigi vitullo;;;via spagolla, 1 38051;borgo valsugana;0461753179;0461/754131;ic.borgovalsugana@pec.provincia.tn.it;dir.ic.borgovalsugana@scuole.provincia.tn.it;segr.ic.borgovalsugana@scuole.provincia.tn.it;http://www.icborgovalsugana.edu.it/;tnic812001;https://www.vivoscuola.it/content/view/full/29477;https://it.wikipedia.org/wiki/Borgo_Valsugana
istituto comprensivo brentonico;istituzione scolastica e formativa;a carattere statale/provinciale;enrica rigotti;;;via calzolari - localita fontana, 2 38060;brentonico;0464395189;0464/392710;ic.brentonico@pec.provincia.tn.it;dir.ic.brentonico@scuole.provincia.tn.it;segr.ic.brentonico@scuole.provincia.tn.it;https://www.icbrentonico.it/;tnic861006;https://www.vivoscuola.it/content/view/full/63288;https://it.wikipedia.org/wiki/Brentonico
istituto comprensivo cavalese;istituzione scolastica e formativa;a carattere statale/provinciale;roberto trolli;;;piazza verdi, 6 38033;cavalese;0462340314;0462/342294;ic.cavalese@pec.provincia.tn.it;dir.cavalese@scuole.provincia.tn.it;segr.cavalese@scuole.provincia.tn.it;https://www.iccavalese.it;tnic809005;https://www.vivoscuola.it/content/view/full/29482;https://it.wikipedia.org/wiki/Cavalese
istituto comprensivo cembra;istituzione scolastica e formativa;a carattere statale/provinciale;stefano chesini;;;via negritelle - cembra, 1 38034;cembra lisignago;0461683006;0461/682166;ic.cembra@pec.provincia.tn.it;dir.cembra@scuole.provincia.tn.it;segr.cembra@scuole.provincia.tn.it;https://www.iccembra.it;tnic82200g;https://www.vivoscuola.it/content/view/full/29492;https://it.wikipedia.org/wiki/Cembra_Lisignago
istituto comprensivo centro valsugana;istituzione scolastica e formativa;a carattere statale/provinciale;loredana montanaro;;;via don meggio, 2/a 38050;roncegno terme;0461764581;0461/771046;ic.centrovalsugana@pec.provincia.tn.it;dir.ic.centrovalsugana@scuole.provincia.tn.it;segr.ic.centrovalsugana@scuole.provincia.tn.it;https://www.iccentrovalsugana.it;tnic81300r;https://www.vivoscuola.it/content/view/full/29502;https://it.wikipedia.org/wiki/Roncegno_Terme
istituto comprensivo civezzano;istituzione scolastica e formativa;a carattere statale/provinciale;venera munafo';;;via murialdo, 27 38045;civezzano;0461858485;0461/858901;ic.civezzano@pec.provincia.tn.it;dir.i.c.civezzano@scuole.provincia.tn.it;segr.i.c.civezzano@scuole.provincia.tn.it;https://www.iccivezzano.eu;tnic817004;https://www.vivoscuola.it/content/view/full/29511;https://it.wikipedia.org/wiki/Civezzano
"istituto comprensivo cles ""b. clesio""";istituzione scolastica e formativa;a carattere statale/provinciale;massimo gaburro;;;via chini, 31 38023;cles;0463421457;0463/424830;ic.cles@pec.provincia.tn.it;dir.ic.cles@scuole.provincia.tn.it;segr.ic.cles@scuole.provincia.tn.it;https://www.iccles.it;tnic83100a;https://www.vivoscuola.it/content/view/full/29518;https://it.wikipedia.org/wiki/Cles
"istituto comprensivo del chiese ""don l. milani""";istituzione scolastica e formativa;a carattere statale/provinciale;romeo collini;;;via papaleoni, 5 38089;storo;0465686039;0465/687076;ic.chiese-storo@pec.provincia.tn.it;dir.ic.chiese@scuole.provincia.tn.it;segr.ic.chiese@scuole.provincia.tn.it;https://www.istitutodelchiese.it;tnic838005;https://www.vivoscuola.it/content/view/full/29523;https://it.wikipedia.org/wiki/Storo
istituto comprensivo di scuola primaria e secondaria di primiero;istituzione scolastica e formativa;a carattere statale/provinciale;maria prodi;;;via delle fonti - transacqua, 10 38054;primiero san martino di castrozza;043962435;0439/762466;ic.primiero@pec.provincia.tn.it;dir.icprimiero@scuole.provincia.tn.it;segr.icprimiero@scuole.provincia.tn.it;https://www.scuoleprimiero.it;tnic810009;https://www.vivoscuola.it/content/view/full/29530;https://it.wikipedia.org/wiki/Primiero_San_Martino_di_Castrozza
istituto comprensivo folgaria - lavarone - luserna;istituzione scolastica e formativa;a carattere statale/provinciale;morena manfrin;;;piazza marconi, 85 38064;folgaria;0464721283;;ic.folgaria-lavarone@pec.provincia.tn.it;dir.rella.folgaria@scuole.provincia.tn.it;segr.rella.folgaria@scuole.provincia.tn.it;https://www.icfolgarialavaroneluserna.it;tnic804002;https://www.vivoscuola.it/content/view/full/29541;https://it.wikipedia.org/wiki/Folgaria
istituto comprensivo fondo - revo';istituzione scolastica e formativa;a carattere statale/provinciale;miriam predelli;;;via laviosa zambotti - fondo, 24 38020;borgo d'anaunia;0463831134;0463/831746;ic.fondo@pec.provincia.tn.it;dir.ic.fondo@scuole.provincia.tn.it;segr.ic.fondo@scuole.provincia.tn.it;https://www.icfondorevo.it;tnic82800e;https://www.vivoscuola.it/content/view/full/29550;https://it.wikipedia.org/wiki/Borgo_d%27Anaunia
istituto comprensivo giudicarie esteriori;istituzione scolastica e formativa;a carattere statale/provinciale;bruno gentilini;;;via s giovanni bosco - ponte arche - bleggio inferiore, 14 38070;comano terme;0465701472;0465/702452;ic.giudicarieesteriori@pec.provincia.tn.it;dir.ic.pontearche@scuole.provincia.tn.it;segr.ic.pontearche@scuole.provincia.tn.it;https://www.giudicariescuola.it;tnic837009;https://www.vivoscuola.it/content/view/full/29561;https://it.wikipedia.org/wiki/Comano_Terme
istituto comprensivo isera - rovereto;istituzione scolastica e formativa;a carattere statale/provinciale;francesca borroi;;;viale della vittoria, 43 38068;rovereto;0464431515;0464/489616;ic.isera-rovereto@pec.provincia.tn.it;dir.ic.isera_rovereto@scuole.provincia.tn.it;segr.ic.isera_rovereto@scuole.provincia.tn.it;https://www.isera-rovereto.it;tnic845008;https://www.vivoscuola.it/content/view/full/29569;https://it.wikipedia.org/wiki/Rovereto
istituto comprensivo lavis;istituzione scolastica e formativa;a carattere statale/provinciale;francesca lasaracina;;;via sette, 13 38015;lavis;0461246535;0461/242955;ic.lavis@pec.provincia.tn.it;dir.ic.lavis@scuole.provincia.tn.it;segr.ic.lavis@scuole.provincia.tn.it;https://www.iclavis.it;tnic825003;https://www.vivoscuola.it/content/view/full/29573;https://it.wikipedia.org/wiki/Lavis
istituto comprensivo levico terme;istituzione scolastica e formativa;a carattere statale/provinciale;ezio montibeller;;;via della pace, 5 38056;levico terme;0461706146;0461/706099;ic.levicoterme@pec.provincia.tn.it;dir.ic.levico@scuole.provincia.tn.it;segr.ic.levico@scuole.provincia.tn.it;https://www.iclevico.eu;tnic81800x;https://www.vivoscuola.it/content/view/full/29578;https://it.wikipedia.org/wiki/Levico_Terme
istituto comprensivo mezzocorona;istituzione scolastica e formativa;a carattere statale/provinciale;paola sigmund;;;via fornai, 1 38016;mezzocorona;0461605409;0461/605142;ic.mezzocorona@pec.provincia.tn.it;dir.ic.mezzocorona@scuole.provincia.tn.it;segr.ic.mezzocorona@scuole.provincia.tn.it;https://www.icmezzocorona.it;tnic82300b;https://www.vivoscuola.it/content/view/full/29584;https://it.wikipedia.org/wiki/Mezzocorona
istituto comprensivo mezzolombardo - paganella;istituzione scolastica e formativa;a carattere statale/provinciale;cinzia casna;;;via degli alpini, 17 38017;mezzolombardo;0461601125;0461/601125;ic.mezzolombardo@pec.provincia.tn.it;dir.ic.mezzolombardo@scuole.provincia.tn.it;segr.ic.mezzolombardo@scuole.provincia.tn.it;https://icmezzolombardopaganella.edu.it;tnic824007;https://www.vivoscuola.it/content/view/full/29590;https://it.wikipedia.org/wiki/Mezzolombardo
istituto comprensivo mori;istituzione scolastica e formativa;a carattere statale/provinciale;massimiliano latino;;;via giovanni xxiii, 64 38065;mori;0464918669;;ic.mori@pec.provincia.tn.it;dir.ic.mori@scuole.provincia.tn.it;segr.ic.mori@scuole.provincia.tn.it;https://www.icmori.it/;tnic84900g;https://www.vivoscuola.it/content/view/full/29600;https://it.wikipedia.org/wiki/Mori_(Italia)
istituto comprensivo pergine 1;istituzione scolastica e formativa;a carattere statale/provinciale;daniela fruet;;;via monte cristallo, 2 38057;pergine valsugana;0461532261;0461/533167;ic.pergine1@pec.provincia.tn.it;dir.ic.pergine1@scuole.provincia.tn.it;segr.ic.pergine1@scuole.provincia.tn.it;https://www.icpergine1.it/;tnic81400l;https://www.vivoscuola.it/content/view/full/29606;https://it.wikipedia.org/wiki/Pergine_Valsugana
"istituto comprensivo pergine 2 ""c. freinet""";istituzione scolastica e formativa;a carattere statale/provinciale;stefano morelato;;;via amstetten, 4 38057;pergine valsugana;0461512312;0461/530043;ic.pergine2@pec.provincia.tn.it;dir.freinet@scuole.provincia.tn.it;segr.freinet@scuole.provincia.tn.it;https://www.icpergine2.it;tnic81500c;https://www.vivoscuola.it/content/view/full/29613;https://it.wikipedia.org/wiki/Pergine_Valsugana
istituto comprensivo predazzo tesero panchia' ziano;istituzione scolastica e formativa;a carattere statale/provinciale;marco felicetti;;;corso degasperi, 8 38037;predazzo;0462501131;0462/500023;ic.predazzo@pec.provincia.tn.it;dir.ic.predazzo@scuole.provincia.tn.it;segr.ic.predazzo@scuole.provincia.tn.it;https://www.ic-predazzotesero.it;tnic808009;https://www.vivoscuola.it/content/view/full/29619;https://it.wikipedia.org/wiki/Predazzo
istituto comprensivo riva 1;istituzione scolastica e formativa;a carattere statale/provinciale;paola bortolotti;;;viale damiano chiesa, 10 38066;riva del garda;0464553088;0464/553088;riva1@pec.provincia.tn.it;dir.riva1@scuole.provincia.tn.it;segr.riva1@scuole.provincia.tn.it;https://www.riva1.it;tnic841001;https://www.vivoscuola.it/content/view/full/29625;https://it.wikipedia.org/wiki/Riva_del_Garda
"istituto comprensivo riva 2 ""l. pizzini""";istituzione scolastica e formativa;a carattere statale/provinciale;maurizio caproni;;;piazza contini, 8 38066;riva del garda;0464552170;0464/520789;ic.riva2@pec.provincia.tn.it;dir.ic.riva2@scuole.provincia.tn.it;segr.ic.riva2@scuole.provincia.tn.it;https://www.riva2.it;tnic84200r;https://www.vivoscuola.it/content/view/full/29631;https://it.wikipedia.org/wiki/Riva_del_Garda
istituto comprensivo rovereto est;istituzione scolastica e formativa;a carattere statale/provinciale;michele rosa;;;corso rosmini, 86 38068;rovereto;0464433709;0464/450456;ic.roveretoest@pec.provincia.tn.it;dir.ic.roveretoest@scuole.provincia.tn.it;segr.ic.roveretoest@scuole.provincia.tn.it;https://www.roveretoest.it;tnic853007;https://www.vivoscuola.it/content/view/full/29637;https://it.wikipedia.org/wiki/Rovereto
istituto comprensivo rovereto nord;istituzione scolastica e formativa;a carattere statale/provinciale;tiziana chiara pasquini;;;corso bettini, 67 38068;rovereto;0464420759;0464/480415;ic.roveretonord@pec.provincia.tn.it;dir.ic.roveretonord@scuole.provincia.tn.it;segr.ic.roveretonord@scuole.provincia.tn.it;https://www.icroveretonord.it;tnic859006;https://www.vivoscuola.it/content/view/full/29643;https://it.wikipedia.org/wiki/Rovereto
istituto comprensivo rovereto sud;istituzione scolastica e formativa;a carattere statale/provinciale;giuseppe gammino;;;via benacense, 32 38068;rovereto;0464420532;0464/432707;ic.roveretosud@pec.provincia.tn.it;dir.ic.roveretosud@scuole.provincia.tn.it;segr.ic.roveretosud@scuole.provincia.tn.it;https://icroveretosud.edu.it;tnic85500v;https://www.vivoscuola.it/content/view/full/29647;https://it.wikipedia.org/wiki/Rovereto
istituto comprensivo strigno e tesino;istituzione scolastica e formativa;a carattere statale/provinciale;giuliana sighel;;;via roma - strigno, 14 38059;castel ivano;0461762046;0461/763409;ic.strignotesino@pec.provincia.tn.it;dir.ic.strignoetesino@scuole.provincia.tn.it;segr.ic.strignoetesino@scuole.provincia.tn.it;https://www.icstrignoetesino.it;tnic80100e;https://www.vivoscuola.it/content/view/full/29652;https://it.wikipedia.org/wiki/Castel_Ivano_(comune)
istituto comprensivo taio;istituzione scolastica e formativa;a carattere statale/provinciale;maura zini;;;via degli alpini - taio, 17 38012;predaia;0463468193;0463/467616;ic.taio@pec.provincia.tn.it;dir.ictaio@scuole.provincia.tn.it;segr.ictaio@scuole.provincia.tn.it;https://www.ictaio.it;tnic82600v;https://www.vivoscuola.it/content/view/full/29661;https://it.wikipedia.org/wiki/Predaia
istituto comprensivo tione;istituzione scolastica e formativa;a carattere statale/provinciale;alessandro bonesini;;;via circonvallazione, 44 38079;tione di trento;0465321053;0465/324039;ic.tione@pec.provincia.tn.it;dir.ictione@scuole.provincia.tn.it;segr.ictione@scuole.provincia.tn.it;https://www.ictione.tn.it;tnic83600d;https://www.vivoscuola.it/content/view/full/29667;https://it.wikipedia.org/wiki/Tione_di_Trento
"istituto comprensivo trento 1 ""margherita hack""";istituzione scolastica e formativa;a carattere statale/provinciale;piera pegoretti;;;via znojmo, 24 38123;trento;0461912740;0461/912065;ic.trento1@pec.provincia.tn.it;dir.ic.tn1@scuole.provincia.tn.it;segr.ic.tn1@scuole.provincia.tn.it;https://www.ictrento1.it;tnic81900q;https://www.vivoscuola.it/content/view/full/29675;https://it.wikipedia.org/wiki/Trento
"istituto comprensivo trento 2 ""j. a. comenius""";istituzione scolastica e formativa;a carattere statale/provinciale;carlo zanetti;;;via ponte alto, 2/1 38121;trento;0461982113;0461/237554;ic.comenius@pec.provincia.tn.it;dir.ictn2@scuole.provincia.tn.it;segr.ictn2@scuole.provincia.tn.it;https://www.icomenius.it;tnic82000x;https://www.vivoscuola.it/content/view/full/29679;https://it.wikipedia.org/wiki/Trento
istituto comprensivo trento 3;istituzione scolastica e formativa;a carattere statale/provinciale;lina broch;;;via vittorio veneto, 61 38122;trento;04611825610;0461/920605;ic.trento3@pec.provincia.tn.it;dir.ic.tn3@scuole.provincia.tn.it;segr.ic.tn3@scuole.provincia.tn.it;http://www.ictrento3.it;tnic85600p;https://www.vivoscuola.it/content/view/full/29685;https://it.wikipedia.org/wiki/Trento
istituto comprensivo trento 4;istituzione scolastica e formativa;a carattere statale/provinciale;elena  valduga;;;viale degli olmi, 22 38123;trento;0461920316;0461/922030;ic.trento4@pec.provincia.tn.it;dir.ictn4@scuole.provincia.tn.it;segr.ictn4@scuole.provincia.tn.it;https://www.ictrento4.it;tnic85700e;https://www.vivoscuola.it/content/view/full/29691;https://it.wikipedia.org/wiki/Trento
istituto comprensivo trento 5;istituzione scolastica e formativa;a carattere statale/provinciale;paola pasqualin;;;via s giovanni bosco, 8 38122;trento;0461986634;0461/984463;ic.tn5@pec.provincia.tn.it;dir.ic.tn5@scuole.provincia.tn.it;segr.ic.tn5@scuole.provincia.tn.it;http://www.istitutotrento5.it/;tnic85200b;https://www.vivoscuola.it/content/view/full/29697;https://it.wikipedia.org/wiki/Trento
istituto comprensivo trento 6;istituzione scolastica e formativa;a carattere statale/provinciale;chiara ghetta;;;corso buonarroti, 50 38122;trento;0461236214;0461/230583;ic.trento6@pec.provincia.tn.it;dir.ic.tn6@scuole.provincia.tn.it;segr.ic.tn6@scuole.provincia.tn.it;https://www.ictrento6.it;tnic85800a;https://www.vivoscuola.it/content/view/full/29703;https://it.wikipedia.org/wiki/Trento
"istituto comprensivo trento 7 ""rita levi montalcini""";istituzione scolastica e formativa;a carattere statale/provinciale;laura de donno;;;via iv novembre, 35/1 38121;trento;0461990287;0461/994418;ic.trento7@pec.provincia.tn.it;dir.ic.tn7@scuole.provincia.tn.it;segr.ic.tn7@scuole.provincia.tn.it;https://www.trento7.it;tnic85100g;https://www.vivoscuola.it/content/view/full/29711;https://it.wikipedia.org/wiki/Trento
istituto comprensivo val rendena;istituzione scolastica e formativa;a carattere statale/provinciale;giuseppe prigiotti;;;viale della pace, 10 38086;pinzolo;0465501139;0465/512119;ic.valrendena@pec.provincia.tn.it;dir.ic.valrendena@scuole.provincia.tn.it;segr.ic.valrendena@scuole.provincia.tn.it;https://www.icvalrendena.edu.it;tnic83400t;https://www.vivoscuola.it/content/view/full/29717;https://it.wikipedia.org/wiki/Pinzolo
istituto comprensivo valle dei laghi - dro;istituzione scolastica e formativa;a carattere statale/provinciale;alessandro fabris;;;via roma - vezzano, 3 38070;vallelaghi;0461864026;0461/340648;ic.valledeilaghi@pec.provincia.tn.it;dir.ic.valledeilaghi@scuole.provincia.tn.it;segr.ic.valledeilaghi@scuole.provincia.tn.it;https://www.icvalledeilaghidro.it;tnic84400c;https://www.vivoscuola.it/content/view/full/29728;https://it.wikipedia.org/wiki/Vallelaghi
istituto comprensivo valle di ledro;istituzione scolastica e formativa;a carattere statale/provinciale;massimo amistadi;;;via falcone e borsellino - bezzecca, 2 38067;ledro;0464592800;0464/592819;ic.vallediledro@pec.provincia.tn.it;dir.ic.bezzecca@scuole.provincia.tn.it;segr.ic.bezzecca@scuole.provincia.tn.it;https://www.icvallediledro.it;tnic80600n;https://www.vivoscuola.it/content/view/full/29740;https://it.wikipedia.org/wiki/Ledro
istituto comprensivo vigolo vattaro;istituzione scolastica e formativa;a carattere statale/provinciale;gabriella vitale;;;via garibaldi - vigolo vattaro, 8 38049;altopiano della vigolana;0461848878;0461/845217;ic.vigolovattaro@pec.provincia.tn.it;dir.vigolovattaro@scuole.provincia.tn.it;segr.vigolovattaro@scuole.provincia.tn.it;https://www.icvigolovattaro.it;tnic803006;https://www.vivoscuola.it/content/view/full/29745;https://it.wikipedia.org/wiki/Altopiano_della_Vigolana
istituto comprensivo villa lagarina;istituzione scolastica e formativa;a carattere statale/provinciale;tiziana chemotti;;;via stockstadt am rhein, 3 38060;villa lagarina;0464411312;0464/411705;ic.villalagarina@pec.provincia.tn.it;dir.ic.villalagarina@scuole.provincia.tn.it;segr.ic.villalagarina@scuole.provincia.tn.it;https://www.icvillalagarina.it;tnic846004;https://www.vivoscuola.it/content/view/full/29750;https://it.wikipedia.org/wiki/Villa_Lagarina
"istituto di formazione professionale alberghiero ""giuseppe cipriani""- levico";istituzione scolastica e formativa;a carattere statale/provinciale;lucia russo;targa walter;;via ziehl, 5 38056;levico terme;0461706294;0461/702025;ifpa.levicoterme@pec.provincia.tn.it;dir.ifpa.levicoterme@scuole.provincia.tn.it;segr.ifpa.levicoterme@scuole.provincia.tn.it;https://www.alberghierolevico.it;tncf010001;https://www.vivoscuola.it/content/view/full/29858;https://it.wikipedia.org/wiki/Levico_Terme
istituto di formazione professionale alberghiero - rovereto;istituzione scolastica e formativa;a carattere statale/provinciale;vito rovigo;cazzani daniela;;viale dei colli, 17 38068;rovereto;0464439164;0464/435851;ifpa.rovereto@pec.provincia.tn.it;dir.ifpa.rovereto@scuole.provincia.tn.it;segr.ifpa.rovereto@scuole.provincia.tn.it;https://www.alberghierorovereto.it;tncf011001;https://www.vivoscuola.it/content/view/full/29861;https://it.wikipedia.org/wiki/Rovereto
"istituto di formazione professionale servizi alla persona e legno ""s. pertini"" ";istituzione scolastica e formativa;a carattere statale/provinciale;maria rita magistro;maria rita magistro;;viale verona, 141 38123;trento;0461933147;0461/931682;ifp.trento@pec.provincia.tn.it;ifp.trento@scuole.provincia.tn.it;ifp.trento@scuole.provincia.tn.it;https://ifpsandropertinitrento.it;tncf012001;https://www.vivoscuola.it/content/view/full/29864;https://it.wikipedia.org/wiki/Trento
"istituto di istruzione ""a. degasperi"" - borgo valsugana";istituzione scolastica e formativa;a carattere statale/provinciale;giulio bertoldi;;;via xxiv maggio, 7 38051;borgo valsugana;0461753647;0461/753364;degasperi@pec.provincia.tn.it;dir.istalcidedegasperi@scuole.provincia.tn.it;segr.istalcidedegasperi@scuole.provincia.tn.it;https://www.istalcidedegasperi.it;tnis00200e;https://www.vivoscuola.it/content/view/full/29760;https://it.wikipedia.org/wiki/Borgo_Valsugana
"istituto di istruzione ""don l.milani"" - rovereto";istituzione scolastica e formativa;a carattere statale/provinciale;maria teresa dosso;;;via balista, 2 38068;rovereto;0464485511;0464/485550;donmilani@pec.provincia.tn.it;dir.donmilani@scuole.provincia.tn.it;segr.donmilani@scuole.provincia.tn.it;www.domir.edu.it;tnis009009;https://www.vivoscuola.it/content/view/full/29809;https://it.wikipedia.org/wiki/Rovereto
"istituto di istruzione ""l. guetti"" - tione di trento";istituzione scolastica e formativa;a carattere statale/provinciale;renato paoli;;;via durone, 53 38079;tione di trento;0465321735;0465/322811;guetti@pec.provincia.tn.it;dir.guetti@scuole.provincia.tn.it;segr.guetti@scuole.provincia.tn.it;https://www.guetti.tn.it;tnis00700n;https://www.vivoscuola.it/content/view/full/29771;https://it.wikipedia.org/wiki/Tione_di_Trento
"istituto di istruzione ""la rosa bianca"" - cavalese";istituzione scolastica e formativa;a carattere statale/provinciale;marco felicetti;;;via gandhi, 1 38033;cavalese;0462341449;0462/248071;weisserose@pec.provincia.tn.it;dir.iicavalese@scuole.provincia.tn.it;segr.iicavalese@scuole.provincia.tn.it;https://www.scuolefiemme.tn.it;tnis00100p;https://www.vivoscuola.it/content/view/full/29781;https://it.wikipedia.org/wiki/Cavalese
"istituto di istruzione ""m. curie"" - pergine valsugana";istituzione scolastica e formativa;a carattere statale/provinciale;tiziana gulli;;;via s pietro, 4 38057;pergine valsugana;0461511397;0461/531743;curie@pec.provincia.tn.it;dir.curie.pergine@scuole.provincia.tn.it;segr.curie.pergine@scuole.provincia.tn.it;https://www.curiepergine.it;tnis004006;https://www.vivoscuola.it/content/view/full/29790;https://it.wikipedia.org/wiki/Pergine_Valsugana
"istituto di istruzione ""m. martini"" - mezzolombardo";istituzione scolastica e formativa;a carattere statale/provinciale;valentina zanolla;;;via perlasca, 4 38017;mezzolombardo;0461601122;0461/601470;martini@pec.provincia.tn.it;dir.martini.mezzolombardo@scuole.provincia.tn.it;segr.martini.mezzolombardo@scuole.provincia.tn.it;https://www.martinomartini.eu;tnis00300a;https://www.vivoscuola.it/content/view/full/29801;https://it.wikipedia.org/wiki/Mezzolombardo
istituto gardascuola;istituzione scolastica e formativa;paritaria/equiparata;lorenzo angeli;;;via xxiv maggio, 1 38062;arco;0464519546;0464/519959;gardascuola@pec.cooperazionetrentina.it;;segreteria@gardascuola.it;https://www.gardascuola.it;;https://www.vivoscuola.it/content/view/full/29412;https://it.wikipedia.org/wiki/Arco_(Italia)
istituto sacro cuore - trento;istituzione scolastica e formativa;paritaria/equiparata;alberto ventroni;;;piazza s teresa verzeri, 4 38122;trento;0461981465;0461/982734;;;istitutocomprensivo@istitutosacrocuore.it;https://www.istitutosacrocuore.it;;https://www.vivoscuola.it/content/view/full/29820;https://it.wikipedia.org/wiki/Trento
istituto salesiano maria ausiliatrice - trento;istituzione scolastica e formativa;paritaria/equiparata;lara pisetta;;;via barbacovi, 22 38122;trento;0461885555;;sdbtrento@pcert.postecert.it;;segreteria@sdbtrento.it;https://www.sdbtrento.it;;https://www.vivoscuola.it/content/view/full/29827;https://it.wikipedia.org/wiki/Trento
istituto salesiano s. croce - mezzano;istituzione scolastica e formativa;paritaria/equiparata;agostino pradel;;;via molaren, 29 38050;mezzano;0439762019;0439/762664;salesianimezzano@pec.it;;segreteria@sdbmezzano.it;https://www.salesianimezzano.it;;https://www.vivoscuola.it/content/view/full/29829;https://it.wikipedia.org/wiki/Mezzano_(comune)
"istituto tecnico economico ""a. tambosi"" - trento";istituzione scolastica e formativa;a carattere statale/provinciale;andrea bezzi;;;via brigata acqui, 19 38122;trento;0461239955;0461230175;tambosibattisti@pec.provincia.tn.it;dir.tambositn@scuole.provincia.tn.it;segr.tambositn@scuole.provincia.tn.it;https://tambosi.tn.it;tntd18000t;https://www.vivoscuola.it/content/view/full/29832;https://it.wikipedia.org/wiki/Trento
"istituto tecnico economico e tecnologico ""c.a. pilati"" - cles";istituzione scolastica e formativa;a carattere statale/provinciale;alfredo romantini;;;via iv novembre, 35 38023;cles;0463421695;0463/421477;pilati@pec.provincia.tn.it;dir.itetpilati@scuole.provincia.tn.it;segr.itetpilati@scuole.provincia.tn.it;https://www.istitutopilati.it;tntd100001;https://www.vivoscuola.it/content/view/full/29835;https://it.wikipedia.org/wiki/Cles
"istituto tecnico economico e tecnologico ""f. e g. fontana"" - rovereto";istituzione scolastica e formativa;a carattere statale/provinciale;giuseppe santoli;;;via del teatro, 4 38068;rovereto;0464436100;0464/434116;fontana@pec.provincia.tn.it;dir.fontana@scuole.provincia.tn.it;segr.fontana@scuole.provincia.tn.it;https://www.fgfontana.eu;tntd020009;https://www.vivoscuola.it/content/view/full/29841;https://it.wikipedia.org/wiki/Rovereto
"istituto tecnico economico e tecnologico ""g. floriani"" - riva del garda";istituzione scolastica e formativa;a carattere statale/provinciale;paolo chincarini;;;viale dei tigli, 43 38066;riva del garda;0464578511;0464/578555;floriani@pec.provincia.tn.it;dir.istitutofloriani@scuole.provincia.tn.it;segr.istitutofloriani@scuole.provincia.tn.it;https://www.g-floriani.it;tnis00800d;https://www.vivoscuola.it/content/view/full/29846;https://it.wikipedia.org/wiki/Riva_del_Garda
"istituto tecnico tecnologico ""g. marconi"" - rovereto";istituzione scolastica e formativa;a carattere statale/provinciale;daniela depentori;;;via monti, 1 38068;rovereto;0464411400;0464/419130;marconi@pec.provincia.tn.it;dir.itimarconi@scuole.provincia.tn.it;segr.itimarconi@scuole.provincia.tn.it;https://www.marconirovereto.it;tntf02000g;https://www.vivoscuola.it/content/view/full/29852;https://it.wikipedia.org/wiki/Rovereto
"istituto tecnico tecnologico ""m. buonarroti"" - trento";istituzione scolastica e formativa;a carattere statale/provinciale;tiziana rossi;;;via brigata acqui, 15 38122;trento;0461216811;0461/984216;buonarroti@pec.provincia.tn.it;dir.buonarroti@scuole.provincia.tn.it;istituto.tecnico@buonarroti.tn.it;https://www.buonarroti.tn.it/;tnis013001;https://www.vivoscuola.it/content/view/full/29855;https://it.wikipedia.org/wiki/Trento
"liceo ""a. maffei"" - riva del garda";istituzione scolastica e formativa;a carattere statale/provinciale;roberta bisoffi;;;via alberti lutti, 7 38066;riva del garda;0464552316;0464/552316;maffei@pec.provincia.tn.it;dir.liceo.maffei@scuole.provincia.tn.it;segr.liceo.maffei@scuole.provincia.tn.it;https://e.liceomaffei.it;tnpc01000q;https://www.vivoscuola.it/content/view/full/29869;https://it.wikipedia.org/wiki/Riva_del_Garda
"liceo ""a. rosmini"" - rovereto";istituzione scolastica e formativa;a carattere statale/provinciale;paolo pendenza;;;corso bettini, 86 38068;rovereto;0464437700;0464/420025;rosmini.rovereto@pec.provincia.tn.it;dir.liceorosmini@scuole.provincia.tn.it;segr.liceorosmini@scuole.provincia.tn.it;https://www.liceorosmini.eu;tnpc02000a;https://www.vivoscuola.it/content/view/full/29876;https://it.wikipedia.org/wiki/Rovereto
"liceo ""a. rosmini"" - trento";istituzione scolastica e formativa;a carattere statale/provinciale;patrizia visconti;;;via malfatti, 2 38122;trento;0461914400;0461/914498;rosmini.trento@pec.provincia.tn.it;dir.rosmini.tn@scuole.provincia.tn.it;segr.rosmini.tn@scuole.provincia.tn.it;https://www.rosmini.eu;tnpm01000x;https://www.vivoscuola.it/content/view/full/29881;https://it.wikipedia.org/wiki/Trento
"liceo ""b. russell"" - cles";istituzione scolastica e formativa;a carattere statale/provinciale;roberta gambaro;;;via iv novembre, 35 38023;cles;0463424049;0463/424577;russell@pec.provincia.tn.it;dir.russell@scuole.provincia.tn.it;segr.russell@scuole.provincia.tn.it;https://www.liceorussell.eu;tnis00600t;https://www.vivoscuola.it/content/view/full/29886;https://it.wikipedia.org/wiki/Cles
"liceo ""f. filzi"" - rovereto";istituzione scolastica e formativa;a carattere statale/provinciale;norma borgogno;;;corso rosmini, 61 38068;rovereto;0464421223;0464/433003;filzi@pec.provincia.tn.it;dir.isup.filzi@scuole.provincia.tn.it;segr.isup.filzi@scuole.provincia.tn.it;https://www.liceofilzi.it;tnpm02000e;https://www.vivoscuola.it/content/view/full/29893;https://it.wikipedia.org/wiki/Rovereto
"liceo classico ""g. prati"" - trento";istituzione scolastica e formativa;a carattere statale/provinciale;paola baratter;;;via s trinita, 38 38122;trento;0461980190;0461/980747;prati@pec.provincia.tn.it;dir.liceoprati@scuole.provincia.tn.it;segr.liceoprati@scuole.provincia.tn.it;https://www.liceoprati.it;tnpc04000g;https://www.vivoscuola.it/content/view/full/29896;https://it.wikipedia.org/wiki/Trento
"liceo delle arti di trento e rovereto ""vittoria-bonporti-depero""";istituzione scolastica e formativa;a carattere statale/provinciale;daniela simoncelli;;;via zambra, 3 38121;trento;0461824422;;vittoria@pec.provincia.tn.it;dir.istitutodellearti@scuole.provincia.tn.it;info@liceodellearti.tn.it;https://www.liceodellearti.tn.it;tnsd02000x;https://www.vivoscuola.it/content/view/full/29815;https://it.wikipedia.org/wiki/Trento
"liceo linguistico ""s. m. scholl"" - trento";istituzione scolastica e formativa;a carattere statale/provinciale;chiara motter;;;via mattioli, 8 38122;trento;0461914499;0461915472;linguisticotrento@pec.provincia.tn.it;dir.linguisticotrento@scuole.provincia.tn.it;segr.linguisticotrento@scuole.provincia.tn.it;https://www.linguisticotrento.it;tnps11000q;https://www.vivoscuola.it/content/view/full/29898;https://it.wikipedia.org/wiki/Trento
"liceo scientifico ""g. galilei"" - trento";istituzione scolastica e formativa;a carattere statale/provinciale;elena ruggieri;;;viale bolognini, 88 38122;trento;0461913479;0461/913367;galilei@pec.provincia.tn.it;dir.liceogalilei@scuole.provincia.tn.it;segr.liceogalilei@scuole.provincia.tn.it;https://www.lsgalilei.org/;tnps01000v;https://www.vivoscuola.it/content/view/full/29900;https://it.wikipedia.org/wiki/Trento
"liceo scientifico ""l. da vinci"" - trento";istituzione scolastica e formativa;a carattere statale/provinciale;viviana sbardella ;;;via madruzzo, 24 38122;trento;0461984099;0461/986257;davinci@pec.provincia.tn.it;dir.liceodavinci@scuole.provincia.tn.it;segr.liceodavinci@scuole.provincia.tn.it;https://www.liceodavincitn.it;tnps02000d;https://www.vivoscuola.it/content/view/full/29904;https://it.wikipedia.org/wiki/Trento
polo giuseppe veronesi;istituzione scolastica e formativa;paritaria/equiparata;;laura scalfi;;piazzale orsi, 1 38068;rovereto;0464433484;0464/436873;iscrizioni.veronesi@pec.it;;segreteria.dir@cfpgveronesi.it;https://www.poloveronesi.it/;tncf002001;https://www.vivoscuola.it/content/view/full/29417;https://it.wikipedia.org/wiki/Rovereto
scuola dell'infanzia di ala;scuola dell'infanzia;paritaria/equiparata;;;francesca vareschi;via de ferrari, 1 38061;ala;0464671113;0464 674717;ala.presidente@fpsm.tn.it;;ala.segretario@fpsm.tn.it;;;https://www.vivoscuola.it/content/view/full/29925;https://it.wikipedia.org/wiki/Ala_(Italia)
scuola dell'infanzia di albiano;scuola dell'infanzia;paritaria/equiparata;;;pamela tomaselli;via s antonio, 22 38041;albiano;0461689486;0461 723325;albiano.presidente@fpsm.tn.it;;albiano.segretario@fpsm.tn.it;;;https://www.vivoscuola.it/content/view/full/29927;https://it.wikipedia.org/wiki/Albiano_(Trentino-Alto_Adige)
scuola dell'infanzia di aldeno;scuola dell'infanzia;paritaria/equiparata;;;sandra ciappi;via xxv aprile, 5 38060;aldeno;0461842597;;aldeno.presidente@fpsm.tn.it;;aldeno.segretario@fpsm.tn.it;;;https://www.vivoscuola.it/content/view/full/29929;https://it.wikipedia.org/wiki/Aldeno
scuola dell'infanzia di andalo;scuola dell'infanzia;paritaria/equiparata;;;elena ricci;via paganella, 5 38010;andalo;0461585898;;andalo.presidente@fpsm.tn.it;;andalo.segretario@fpsm.tn.it;;;https://www.vivoscuola.it/content/view/full/29931;https://it.wikipedia.org/wiki/Andalo
scuola dell'infanzia di arco;scuola dell'infanzia;paritaria/equiparata;;;gianna angeli;viale capitelli, 16 38062;arco;0464516369;;arco.segretario@fpsm.tn.it;;arco.segretario@fpsm.tn.it;;;https://www.vivoscuola.it/content/view/full/29933;https://it.wikipedia.org/wiki/Arco_(Italia)
scuola dell'infanzia di avio;scuola dell'infanzia;paritaria/equiparata;;;francesca vareschi;via dante, 5 38063;avio;0464684102;;avio.presidente@fpsm.tn.it;;avio.segretario@fpsm.tn.it;;;https://www.vivoscuola.it/content/view/full/29935;https://it.wikipedia.org/wiki/Avio
scuola dell'infanzia di barco di levico;scuola dell'infanzia;paritaria/equiparata;;;mariangela simoncini;via di s taddeo, 8 38056;levico terme;0461707295;;barco.presidente@fpsm.tn.it;;barco.segretario@fpsm.tn.it;;;https://www.vivoscuola.it/content/view/full/29937;https://it.wikipedia.org/wiki/Levico_Terme
scuola dell'infanzia di bolognano;scuola dell'infanzia;paritaria/equiparata;;;gianna angeli;piazza vittoria, 1 38062;arco;0464516315;;bolognano.presidente@fpsm.tn.it;;bolognano.segretario@fpsm.tn.it;;;https://www.vivoscuola.it/content/view/full/29939;https://it.wikipedia.org/wiki/Arco_(Italia)
scuola dell'infanzia di bondone;scuola dell'infanzia;paritaria/equiparata;;;alessandra pomilio;via giusti, 46 38080;bondone;0465898770;;bondone.presidente@fpsm.tn.it;;bondone.segretario@fpsm.tn.it;;;https://www.vivoscuola.it/content/view/full/29941;https://it.wikipedia.org/wiki/Bondone
scuola dell'infanzia di borgo sacco;scuola dell'infanzia;paritaria/equiparata;;;roberta medeghini;via fedrigotti, 9 38068;rovereto;0464430541;;borgo.sacco.presidente@fpsm.tn.it;;borgo.sacco.segretario@fpsm.tn.it;;;https://www.vivoscuola.it/content/view/full/29943;https://it.wikipedia.org/wiki/Rovereto
scuola dell'infanzia di borgo valsugana;scuola dell'infanzia;paritaria/equiparata;;;paola sangiorgi;piazza romani, 8 38051;borgo valsugana;0461754771;;borgo.valsugana.presidente@fpsm.tn.it;;borgo.valsugana.segretario@fpsm.tn.it;;;https://www.vivoscuola.it/content/view/full/29945;https://it.wikipedia.org/wiki/Borgo_Valsugana
"scuola dell'infanzia di breguzzo - bondo ""giuseppina bonazza odv""";scuola dell'infanzia;paritaria/equiparata;;;;via marconi - breguzzo, 5 38087;sella giudicarie;0465901550;;breguzzo.bondo.materna@associazionecoesi.com;;;;;https://www.vivoscuola.it/content/view/full/29923;https://it.wikipedia.org/wiki/Sella_Giudicarie
scuola dell'infanzia di brentonico;scuola dell'infanzia;paritaria/equiparata;;;francesca vareschi;via mantova, 5 38060;brentonico;0464395628;;brentonico.segretario@fpsm.tn.it;;brentonico.segretario@fpsm.tn.it;;;https://www.vivoscuola.it/content/view/full/29947;https://it.wikipedia.org/wiki/Brentonico
scuola dell'infanzia di calceranica;scuola dell'infanzia;paritaria/equiparata;;;mariangela simoncini;via cavour, 2 38050;calceranica al lago;0461723325;;calceranica.contabile@fpsm.tn.it;;calceranica.segretario@fpsm.tn.it;;;https://www.vivoscuola.it/content/view/full/29949;https://it.wikipedia.org/wiki/Calceranica_al_Lago
scuola dell'infanzia di campitello di fassa;scuola dell'infanzia;paritaria/equiparata;;;sara de zolt;strèda sènc felip e giacum, 9 38031;campitello di fassa;0462750470;;campitello.presidente@fpsm.tn.it;;campitello.segretario@fpsm.tn.it;;;https://www.vivoscuola.it/content/view/full/29953;https://it.wikipedia.org/wiki/Campitello_di_Fassa
scuola dell'infanzia di campodenno;scuola dell'infanzia;paritaria/equiparata;;;ute pancher;via s maurizio, 3 38010;campodenno;0461655166;;campodenno.presidente@fpsm.tn.it;;campodenno.segretario@fpsm.tn.it;;;https://www.vivoscuola.it/content/view/full/29955;https://it.wikipedia.org/wiki/Campodenno
scuola dell'infanzia di carano;scuola dell'infanzia;paritaria/equiparata;;;tiziana ceol;via giovanelli, 40 38033;ville di fiemme;0462341759;;carano.presidente@fpsm.tn.it;;carano.segretario@fpsm.tn.it;;;https://www.vivoscuola.it/content/view/full/29957;https://it.wikipedia.org/wiki/Ville_di_Fiemme
scuola dell'infanzia di carisolo;scuola dell'infanzia;paritaria/equiparata;;;alessandra pomilio;viale trento, 4 38080;carisolo;0465501433;;carisolo.presidente@fpsm.tn.it;;carisolo.segretario@fpsm.tn.it;;;https://www.vivoscuola.it/content/view/full/29959;https://it.wikipedia.org/wiki/Carisolo
scuola dell'infanzia di casez;scuola dell'infanzia;paritaria/equiparata;;;ilaria mancini;via della pontara - casez, 10 38010;sanzeno;0463434219;;casez.presidente@fpsm.tn.it;;casez.segretario@fpsm.tn.it;;;https://www.vivoscuola.it/content/view/full/29961;https://it.wikipedia.org/wiki/Sanzeno
scuola dell'infanzia di castellano;scuola dell'infanzia;paritaria/equiparata;;;roberta medeghini;via caduti, 1 38060;villa lagarina;0464801242;;castellano.presidente@fpsm.tn.it;;castellano.segretario@fpsm.tn.it;;;https://www.vivoscuola.it/content/view/full/29963;https://it.wikipedia.org/wiki/Villa_Lagarina
scuola dell'infanzia di castello di fiemme;scuola dell'infanzia;paritaria/equiparata;;;tiziana ceol;via latemar, 2 38030;castello-molina di fiemme;0462341153;;castello.fiemme.segretario@fpsm.tn.it;;castello.fiemme.segretario@fpsm.tn.it;;;https://www.vivoscuola.it/content/view/full/29965;https://it.wikipedia.org/wiki/Castello-Molina_di_Fiemme
scuola dell'infanzia di castelnuovo;scuola dell'infanzia;paritaria/equiparata;;;paola sangiorgi;piazza municipio, 2 38050;castelnuovo;0461753637;;entesantamargherita@gmail.com;;castelnuovo.segretario@fpsm.tn.it;;;https://www.vivoscuola.it/content/view/full/29967;https://it.wikipedia.org/wiki/Castelnuovo_(Trentino-Alto_Adige)
scuola dell'infanzia di cavalese;scuola dell'infanzia;paritaria/equiparata;;;tiziana ceol;via regolani, 4 38033;cavalese;0462341673;;cavalese.segretario@fpsm.tn.it;;cavalese.presidente@fpsm.tn.it;;;https://www.vivoscuola.it/content/view/full/92005;https://it.wikipedia.org/wiki/Cavalese
scuola dell'infanzia di cavedine;scuola dell'infanzia;paritaria/equiparata;;;gianna angeli;via iv novembre, 19 38073;cavedine;0461568548;;cavedine.presidente@fpsm.tn.it;;cavedine.segretario@fpsm.tn.it;;;https://www.vivoscuola.it/content/view/full/29971;https://it.wikipedia.org/wiki/Cavedine
scuola dell'infanzia di cembra;scuola dell'infanzia;paritaria/equiparata;;;pamela tomaselli;piazza zanotelli - cembra, 1 38034;cembra lisignago;0461680173;;cembra.presidente@fpsm.tn.it;;cembra.segretario@fpsm.tn.it;;;https://www.vivoscuola.it/content/view/full/29973;https://it.wikipedia.org/wiki/Cembra_Lisignago
scuola dell'infanzia di chizzola;scuola dell'infanzia;paritaria/equiparata;;;francesca vareschi;via canestrini - chizzola, 1 38061;ala;0464696397;;chizzola.presidente@fpsm.tn.it;;chizzola.segretario@fpsm.tn.it;;;https://www.vivoscuola.it/content/view/full/29975;https://it.wikipedia.org/wiki/Ala_(Italia)
scuola dell'infanzia di cles;scuola dell'infanzia;paritaria/equiparata;;;ilaria mancini;via mattioli, 13 38023;cles;0463625164;;cles.presidente@fpsm.tn.it;;cles.segretario@fpsm.tn.it;;;https://www.vivoscuola.it/content/view/full/29977;https://it.wikipedia.org/wiki/Cles
scuola dell'infanzia di cloz e brez;scuola dell'infanzia;paritaria/equiparata;;;ilaria mancini;via di s stefano, 2/a 38028;novella;04631980632;;cloz.brez.presidente@fpsm.tn.it;;cloz.brez.segretario@fpsm.tn.it;;;https://www.vivoscuola.it/content/view/full/29979;https://it.wikipedia.org/wiki/Novella_(Italia)
scuola dell'infanzia di condino;scuola dell'infanzia;paritaria/equiparata;;;alessandra pomilio;via roma - condino, 37 38083;borgo chiese;0465621009;;condino.presidente@fpsm.tn.it;;condino.segretario@fpsm.tn.it;;;https://www.vivoscuola.it/content/view/full/29981;https://it.wikipedia.org/wiki/Borgo_Chiese
scuola dell'infanzia di coredo;scuola dell'infanzia;paritaria/equiparata;;;ilaria mancini;via delle antiche fontane - coredo, 20 38012;predaia;0463536416;;coredo.segretario@fpsm.tn.it;;coredo.segretario@fpsm.tn.it;;;https://www.vivoscuola.it/content/view/full/29983;https://it.wikipedia.org/wiki/Predaia
scuola dell'infanzia di cristo re -trento;scuola dell'infanzia;paritaria/equiparata;;;carmen fattori;via bresadola, 6 38121;trento;0461823359;;trento.cristore.segretario@fpsm.tn.it;;trento.cristore.segretario@fpsm.tn.it;;;https://www.vivoscuola.it/content/view/full/29985;https://it.wikipedia.org/wiki/Trento
scuola dell'infanzia di crosano;scuola dell'infanzia;paritaria/equiparata;;;silvano medves;via s biagio, 30 38060;brentonico;0464395693;;crosano.segretario@fpsm.tn.it;;crosano.segretario@fpsm.tn.it;;;https://www.vivoscuola.it/content/view/full/29987;https://it.wikipedia.org/wiki/Brentonico
"scuola dell'infanzia di daone ""asilo infantile di daone odv""";scuola dell'infanzia;paritaria/equiparata;;;doris losa;via re di castello - daone, 57 38080;valdaone;0465674060;;daone.materna@associazionecoesi.com;;;;;https://www.vivoscuola.it/content/view/full/29991;https://it.wikipedia.org/wiki/Valdaone
scuola dell'infanzia di denno;scuola dell'infanzia;paritaria/equiparata;;;ute pancher;via ossanna, 3 38010;denno;0461655960;;denno.segretario@fpsm.tn.it;;denno.segretario@fpsm.tn.it;;;https://www.vivoscuola.it/content/view/full/29993;https://it.wikipedia.org/wiki/Denno
scuola dell'infanzia di dimaro;scuola dell'infanzia;paritaria/equiparata;;;roberta bertolas;via alla chiesa - dimaro, 26 38025;dimaro folgarida;0463974301;;dimaro.contabile@fpsm.tn.it;;dimaro.segretario@fpsm.tn.it;;;https://www.vivoscuola.it/content/view/full/29995;https://it.wikipedia.org/wiki/Dimaro_Folgarida
scuola dell'infanzia di faver;scuola dell'infanzia;paritaria/equiparata;;;pamela tomaselli;via perlaia - faver, 17 38030;altavalle;3287310914;;faver.presidente@fpsm.tn.it;;faver.segretario@fpsm.tn.it;;;https://www.vivoscuola.it/content/view/full/29997;https://it.wikipedia.org/wiki/Altavalle
scuola dell'infanzia di fiavè;scuola dell'infanzia;paritaria/equiparata;;;lorenzo santorum;piazza s sebastiano, 24 38075;fiavé;0465735129;;fiave.contabile@fpsm.tn.it;;fiave.segretario@fpsm.tn.it;;;https://www.vivoscuola.it/content/view/full/29999;https://it.wikipedia.org/wiki/Fiav%C3%A9
scuola dell'infanzia di fiera di primiero;scuola dell'infanzia;paritaria/equiparata;;;daniela dalcastagne';viale marconi - pieve, 1 38054;primiero san martino di castrozza;0439762196;0439764911;fiera.presidente@fpsm.tn.it;;fiera.segretario@fpsm.tn.it;;;https://www.vivoscuola.it/content/view/full/30001;https://it.wikipedia.org/wiki/Primiero_San_Martino_di_Castrozza
scuola dell'infanzia di fondo;scuola dell'infanzia;paritaria/equiparata;;;ilaria mancini;piazza don stefenelli - fondo, 5 38020;borgo d'anaunia;0463831254;;fondo.presidente@fpsm.tn.it;;fondo.segretario@fpsm.tn.it;;;https://www.vivoscuola.it/content/view/full/30003;https://it.wikipedia.org/wiki/Borgo_d%27Anaunia
scuola dell'infanzia di fornace;scuola dell'infanzia;paritaria/equiparata;;;mariangela simoncini;via del borgolet, 16 38040;fornace;0461849351;;fornace.presidente@fpsm.tn.it;;fornace.segretario@fpsm.tn.it;;;https://www.vivoscuola.it/content/view/full/30005;https://it.wikipedia.org/wiki/Fornace_(Italia)
scuola dell'infanzia di gardolo;scuola dell'infanzia;paritaria/equiparata;;;carmen fattori;via s anna, 9 38121;trento;0461990296;;gardolo.segretario@fpsm.tn.it;;gardolo.segretario@fpsm.tn.it;;;https://www.vivoscuola.it/content/view/full/30007;https://it.wikipedia.org/wiki/Trento
scuola dell'infanzia di ghiaie di gardolo;scuola dell'infanzia;paritaria/equiparata;;;carmen fattori;via del loghét, 69 38121;trento;0461990050;;ghiaie.segretario@fpsm.tn.it;;ghiaie.segretario@fpsm.tn.it;;;https://www.vivoscuola.it/content/view/full/30009;https://it.wikipedia.org/wiki/Trento
scuola dell'infanzia di grigno;scuola dell'infanzia;paritaria/equiparata;;;daniela dalcastagne';via nazario sauro, 25 38055;grigno;0461765333;;grigno.presidente@fpsm.tn.it;;grigno.segretario@fpsm.tn.it;;;https://www.vivoscuola.it/content/view/full/30011;https://it.wikipedia.org/wiki/Grigno
scuola dell'infanzia di ischia di pergine;scuola dell'infanzia;paritaria/equiparata;;;mariangela simoncini;piazza delle nogare, 2 38057;pergine valsugana;0461532285;;ischia.presidente@fpsm.tn.it;;ischia.segretario@fpsm.tn.it;;;https://www.vivoscuola.it/content/view/full/30013;https://it.wikipedia.org/wiki/Pergine_Valsugana
"scuola dell'infanzia di lavis "" madre maddalena di canossa odv""";scuola dell'infanzia;paritaria/equiparata;;;;via dei colli, 4 38015;lavis;0461240366;0461-249078;lavis.materna@associazionecoesi.com;;;;;https://www.vivoscuola.it/content/view/full/30015;https://it.wikipedia.org/wiki/Lavis
"scuola dell'infanzia di lizzana ""asilo infantile di lizzana odv""";scuola dell'infanzia;paritaria/equiparata;;;;via brigata mantova, 1 38068;rovereto;0464433395;;lizzana.materna@associazionecoesi.com;;;;;https://www.vivoscuola.it/content/view/full/61885;https://it.wikipedia.org/wiki/Rovereto
"scuola dell'infanzia di lizzanella ""asilo infantile di lizzanella odv""";scuola dell'infanzia;paritaria/equiparata;;;;corso verona, 109 38068;rovereto;0464432307;0464-400420;lizzanella.materna@associazionecoesi.com;;;;;https://www.vivoscuola.it/content/view/full/30017;https://it.wikipedia.org/wiki/Rovereto
scuola dell'infanzia di lodrone odv;scuola dell'infanzia;paritaria/equiparata;;;;salita alla bastia, 2 38089;storo;0465685253;;lodrone.materna@associazionecoesi.com;;;;;https://www.vivoscuola.it/content/view/full/30019;https://it.wikipedia.org/wiki/Storo
scuola dell'infanzia di lona;scuola dell'infanzia;paritaria/equiparata;;;pamela tomaselli;via s rocco, 14 38040;lona-lases;0461697101;;lona.presidente@fpsm.tn.it;;lona.segretario@fpsm.tn.it;;;https://www.vivoscuola.it/content/view/full/30021;https://it.wikipedia.org/wiki/Lona-Lases
scuola dell'infanzia di madonna di campiglio;scuola dell'infanzia;paritaria/equiparata;;;alessandra pomilio;via serafini - madonna di campiglio, 13 38070;tre ville;0465442779;0465 442779;madonna.campiglio.segretario@fpsm.tn.it;;madonna.campiglio.segretario@fpsm.tn.it;;;https://www.vivoscuola.it/content/view/full/30023;https://it.wikipedia.org/wiki/Tre_Ville
scuola dell'infanzia di madrano;scuola dell'infanzia;paritaria/equiparata;;;mariangela simoncini;via d oltrefersina, 54 38057;pergine valsugana;0461552109;;madrano.segretario@fpsm.tn.it;;madrano.segretario@fpsm.tn.it;;;https://www.vivoscuola.it/content/view/full/30025;https://it.wikipedia.org/wiki/Pergine_Valsugana
scuola dell'infanzia di malè;scuola dell'infanzia;paritaria/equiparata;;;roberta bertolas;via don rauzi, 6 38027;malé;0463901925;;male.presidente@fpsm.tn.it;;male.segretario@fpsm.tn.it;;;https://www.vivoscuola.it/content/view/full/30027;https://it.wikipedia.org/wiki/Mal%C3%A9_(Italia)
"scuola dell'infanzia di marco - rovereto ""g. e a. rosmini - serbati odv""";scuola dell'infanzia;paritaria/equiparata;;;;via alla stazione, 2 38068;rovereto;0464665395;0464/665395;marco.materna@associazionecoesi.com;;;;;https://www.vivoscuola.it/content/view/full/30029;https://it.wikipedia.org/wiki/Rovereto
scuola dell'infanzia di marter;scuola dell'infanzia;paritaria/equiparata;;;paola sangiorgi;piazza s margherita, 2 38050;roncegno terme;0461764505;;marter.segretario@fpsm.tn.it;;marter.segretario@fpsm.tn.it;;;https://www.vivoscuola.it/content/view/full/30031;https://it.wikipedia.org/wiki/Roncegno_Terme
"scuola dell'infanzia di martignano ""d. leone serafini""";scuola dell'infanzia;paritaria/equiparata;;;carmen fattori;via sabbionare, 3 38121;trento;0461820233;;martignano.segretario@fpsm.tn.it;;martignano.segretario@fpsm.tn.it;;;https://www.vivoscuola.it/content/view/full/30033;https://it.wikipedia.org/wiki/Trento
scuola dell'infanzia di masi di cavalese;scuola dell'infanzia;paritaria/equiparata;;;tiziana ceol;via damiano chiesa, 79 38033;cavalese;0462340557;;cavalese.presidente@fpsm.tn.it;;cavalese.segretario@fpsm.tn.it;;;https://www.vivoscuola.it/content/view/full/92007;https://it.wikipedia.org/wiki/Cavalese
scuola dell'infanzia di massone;scuola dell'infanzia;paritaria/equiparata;;;gianna angeli;via maffei - san martino, 2 38062;arco;0464517719;;massone.presidente@fpsm.tn.it;;massone.segretario@fpsm.tn.it;;;https://www.vivoscuola.it/content/view/full/30037;https://it.wikipedia.org/wiki/Arco_(Italia)
scuola dell'infanzia di mechel;scuola dell'infanzia;paritaria/equiparata;;;ilaria mancini;via don luigi borghesi, 35 38023;cles;0463421247;;mechel.presidente@fpsm.tn.it;;mechel.segretario@fpsm.tn.it;;;https://www.vivoscuola.it/content/view/full/30039;https://it.wikipedia.org/wiki/Cles
scuola dell'infanzia di mezzano;scuola dell'infanzia;paritaria/equiparata;;;daniela dalcastagne';via iv novembre, 16 38050;mezzano;043967027;;mezzano.contabile@fpsm.tn.it;;mezzano.segretario@fpsm.tn.it;;;https://www.vivoscuola.it/content/view/full/30041;https://it.wikipedia.org/wiki/Mezzano_(comune)
scuola dell'infanzia di mezzocorona;scuola dell'infanzia;paritaria/equiparata;;;elena ricci;via s giovanni bosco, 4 38016;mezzocorona;0461603933;;mezzocorona.presidente@fpsm.tn.it;;mezzocorona.segretario@fpsm.tn.it;;;https://www.vivoscuola.it/content/view/full/30043;https://it.wikipedia.org/wiki/Mezzocorona
scuola dell'infanzia di mezzolombardo;scuola dell'infanzia;paritaria/equiparata;;;elena ricci;corso del popolo, 34/b 38017;mezzolombardo;0461601324;;mezzolombardo.presidente@fpsm.tn.it;;mezzolombardo.segretario@fpsm.tn.it;;;https://www.vivoscuola.it/content/view/full/30045;https://it.wikipedia.org/wiki/Mezzolombardo
scuola dell'infanzia di moena;scuola dell'infanzia;paritaria/equiparata;;;sara de zolt;strada don giovanni jori, 10 38035;moena;0462573277;;moena.presidente@fpsm.tn.it;;moena.segretario@fpsm.tn.it;;;https://www.vivoscuola.it/content/view/full/30047;https://it.wikipedia.org/wiki/Moena
scuola dell'infanzia di molina di ledro;scuola dell'infanzia;paritaria/equiparata;;;luisa fontanari;via sartori - molina di ledro, 24/c 38067;ledro;0464876444;;molina.ledro.presidente@fpsm.tn.it;;molina.ledro.segretario@fpsm.tn.it;;;https://www.vivoscuola.it/content/view/full/30049;https://it.wikipedia.org/wiki/Ledro
scuola dell'infanzia di mollaro;scuola dell'infanzia;paritaria/equiparata;;;ute pancher;via della pausa - mollaro, 1 38012;predaia;0463469224;;mollaro.contabile@fpsm.tn.it;;mollaro.segretario@fpsm.tn.it;;;https://www.vivoscuola.it/content/view/full/30051;https://it.wikipedia.org/wiki/Predaia
scuola dell'infanzia di molveno;scuola dell'infanzia;paritaria/equiparata;;;elena ricci;piazza s carlo, 20 38018;molveno;0461586969;;molveno.presidente@fpsm.tn.it;;molveno.segretario@fpsm.tn.it;;;https://www.vivoscuola.it/content/view/full/30053;https://it.wikipedia.org/wiki/Molveno
scuola dell'infanzia di montesover;scuola dell'infanzia;paritaria/equiparata;;;pamela tomaselli;via capitano santuari, 1 38048;sover;0461698351;;sover.presidente@fpsm.tn.it;;sover.segretario@fpsm.tn.it;;;https://www.vivoscuola.it/content/view/full/30055;https://it.wikipedia.org/wiki/Sover
scuola dell'infanzia di mori;scuola dell'infanzia;paritaria/equiparata;;;silvano medves;via scuole, 3 38065;mori;0464918156;;mori.segretario@fpsm.tn.it;;mori.segretario@fpsm.tn.it;;;https://www.vivoscuola.it/content/view/full/30057;https://it.wikipedia.org/wiki/Mori_(Italia)
scuola dell'infanzia di nago;scuola dell'infanzia;paritaria/equiparata;;;luisa fontanari;localita tezze - nago,   38069;nago-torbole;0464506097;;nago.segretario@fpsm.tn.it;;nago.segretario@fpsm.tn.it;;;https://www.vivoscuola.it/content/view/full/30059;https://it.wikipedia.org/wiki/Nago-Torbole
scuola dell'infanzia di nave san rocco;scuola dell'infanzia;paritaria/equiparata;;;pamela tomaselli;via iv novembre, 34/a 38010;terre d'adige;0461870656;;nave.presidente@fpsm.tn.it;;nave.segretario@fpsm.tn.it;;;https://www.vivoscuola.it/content/view/full/30061;https://it.wikipedia.org/wiki/Terre_d%27Adige
scuola dell'infanzia di nomi;scuola dell'infanzia;paritaria/equiparata;;;roberta medeghini;via baroni del moll, 2 38060;nomi;0464835294;;nomi.segretario@fpsm.tn.it;;nomi.segretario@fpsm.tn.it;;;https://www.vivoscuola.it/content/view/full/30063;https://it.wikipedia.org/wiki/Nomi_(Italia)
scuola dell'infanzia di ospedaletto;scuola dell'infanzia;paritaria/equiparata;;;daniela dalcastagne';via  don tosi, 14 38050;ospedaletto;3470362437;;ospedaletto.presidente@fpsm.tn.it;;ospedaletto.segretario@fpsm.tn.it;;;https://www.vivoscuola.it/content/view/full/30065;https://it.wikipedia.org/wiki/Ospedaletto
scuola dell'infanzia di padergnone;scuola dell'infanzia;paritaria/equiparata;;;sandra ciappi;via alle cime - padergnone, 14 38070;vallelaghi;0461864358;;padergnone.presidente@fpsm.tn.it;;padergnone.segretario@fpsm.tn.it;;;https://www.vivoscuola.it/content/view/full/30069;https://it.wikipedia.org/wiki/Vallelaghi
scuola dell'infanzia di pedersano;scuola dell'infanzia;paritaria/equiparata;;;roberta medeghini;via s antonio, 1 38060;villa lagarina;0464412151;;pedersano.presidente@fpsm.tn.it;;pedersano.segretario@fpsm.tn.it;;;https://www.vivoscuola.it/content/view/full/30073;https://it.wikipedia.org/wiki/Villa_Lagarina
"scuola dell'infanzia di pergine  ""g.b. chimelli""";scuola dell'infanzia;paritaria/equiparata;;francesca parolari;;piazza garbari, 5 38057;pergine valsugana;0461502351;;asifchimelli@pec.it;;;;;https://www.vivoscuola.it/content/view/full/30075;https://it.wikipedia.org/wiki/Pergine_Valsugana
scuola dell'infanzia di pietramurata;scuola dell'infanzia;paritaria/equiparata;;;gianna angeli;piazza mercato, 11 38074;dro;0464507142;;pietramurata.presidente@fpsm.tn.it;;pietramurata.segretario@fpsm.tn.it;;;https://www.vivoscuola.it/content/view/full/30077;https://it.wikipedia.org/wiki/Dro
scuola dell'infanzia di pieve di bono;scuola dell'infanzia;paritaria/equiparata;;;alessandra pomilio;via fiera - creto - pieve di bono, 9/b 38085;pieve di bono-prezzo;0465674083;;pieve.bono.presidente@fpsm.tn.it;;pieve.bono.segretario@fpsm.tn.it;;;https://www.vivoscuola.it/content/view/full/30081;https://it.wikipedia.org/wiki/Pieve_di_Bono-Prezzo
scuola dell'infanzia di pieve tesino;scuola dell'infanzia;paritaria/equiparata;;;daniela dalcastagne';via fratelli rizza', 14 38050;pieve tesino;0461594733;;pieve.tesino.presidente@fpsm.tn.it;;pieve.tesino.segretario@fpsm.tn.it;;;https://www.vivoscuola.it/content/view/full/30079;https://it.wikipedia.org/wiki/Pieve_Tesino
scuola dell'infanzia di pilcante;scuola dell'infanzia;paritaria/equiparata;;;francesca vareschi;piazza vittorio veneto - pilcante, 19 38061;ala;0464672588;;pilcante.presidente@fpsm.tn.it;;pilcante.segretario@fpsm.tn.it;;;https://www.vivoscuola.it/content/view/full/30083;https://it.wikipedia.org/wiki/Ala_(Italia)
scuola dell'infanzia di pinzolo;scuola dell'infanzia;paritaria/equiparata;;;alessandra pomilio;via al sole, 43 38086;pinzolo;0465501019;;pinzolo.presidente@fpsm.tn.it;;pinzolo.segretario@fpsm.tn.it;;;https://www.vivoscuola.it/content/view/full/30085;https://it.wikipedia.org/wiki/Pinzolo
scuola dell'infanzia di ponte arche;scuola dell'infanzia;paritaria/equiparata;;;lorenzo santorum;via s giovanni bosco - ponte arche - bleggio inferiore, 7 38070;comano terme;0465702422;;ponte.arche.presidente@fpsm.tn.it;;ponte.arche.segretario@fpsm.tn.it;;;https://www.vivoscuola.it/content/view/full/30087;https://it.wikipedia.org/wiki/Comano_Terme
scuola dell'infanzia di povo;scuola dell'infanzia;paritaria/equiparata;;;ivana leonardelli;via pante', 1 38123;trento;0461810049;;povo.presidente@fpsm.tn.it;;povo.segretario@fpsm.tn.it;;;https://www.vivoscuola.it/content/view/full/30089;https://it.wikipedia.org/wiki/Trento
scuola dell'infanzia di pozza di trambileno;scuola dell'infanzia;paritaria/equiparata;;;roberta medeghini;frazione vanza, 50 38068;trambileno;0464868074;;trambileno.presidente@fpsm.tn.it;;trambileno.segretario@fpsm.tn.it;;;https://www.vivoscuola.it/content/view/full/30091;https://it.wikipedia.org/wiki/Trambileno
scuola dell'infanzia di predazzo;scuola dell'infanzia;paritaria/equiparata;;;sara de zolt;via gabrielli, 1 38037;predazzo;0462501312;;predazzo.presidente@fpsm.tn.it;;predazzo.segretario@fpsm.tn.it;;;https://www.vivoscuola.it/content/view/full/30093;https://it.wikipedia.org/wiki/Predazzo
scuola dell'infanzia di pressano;scuola dell'infanzia;paritaria/equiparata;;;pamela tomaselli;via pilati, 16 38015;lavis;0461240394;;pressano.presidente@fpsm.tn.it;;pressano.segretario@fpsm.tn.it;;;https://www.vivoscuola.it/content/view/full/30095;https://it.wikipedia.org/wiki/Lavis
scuola dell'infanzia di quadra - cavrasto;scuola dell'infanzia;paritaria/equiparata;;;lorenzo santorum;frazione larido, 10 38071;bleggio superiore;0465779575;;quadra.cavrasto.presidente@fpsm.tn.it;;quadra.cavrasto.segretario@fpsm.tn.it;;;https://www.vivoscuola.it/content/view/full/30097;https://it.wikipedia.org/wiki/Bleggio_Superiore
"scuola dell'infanzia di ranzo ""amici scuola infanzia di ranzo odv""";scuola dell'infanzia;paritaria/equiparata;;;;via al castel romano - ranzo - vezzano, 29 38070;vallelaghi;3387970838;;ranzo.materna@associazionecoesi.com;;;;;https://www.vivoscuola.it/content/view/full/30099;https://it.wikipedia.org/wiki/Vallelaghi
"scuola dell'infanzia di riva ""degasperi""";scuola dell'infanzia;paritaria/equiparata;;;luisa fontanari;largo caduti delle foibe, 2 38066;riva del garda;0464553578;;riva.rione.presidente@fpsm.tn.it;;riva.rione.segretario@fpsm.tn.it;;;https://www.vivoscuola.it/content/view/full/30103;https://it.wikipedia.org/wiki/Riva_del_Garda
"scuola dell'infanzia di riva ""giardino di infanzia odv""";scuola dell'infanzia;paritaria/equiparata;;;;viale roma, 32 38066;riva del garda;0464552360;0464-560456;rivagiardinodinfanzia@gmail.com;;;;;https://www.vivoscuola.it/content/view/full/30101;https://it.wikipedia.org/wiki/Riva_del_Garda
"scuola dell'infanzia di riva del garda  ""s. alessandro""";scuola dell'infanzia;paritaria/equiparata;;;luisa fontanari;via s alessandro, 10 38066;riva del garda;0464554051;;s.alessandro.presidente@fpsm.tn.it;;s.alessandro.segretario@fpsm.tn.it;;;https://www.vivoscuola.it/content/view/full/30105;https://it.wikipedia.org/wiki/Riva_del_Garda
scuola dell'infanzia di roncegno;scuola dell'infanzia;paritaria/equiparata;;;paola sangiorgi;via baldessari, 15 38050;roncegno terme;0461764199;;roncegno.presidente@fpsm.tn.it;;roncegno.segretario@fpsm.tn.it;;;https://www.vivoscuola.it/content/view/full/30107;https://it.wikipedia.org/wiki/Roncegno_Terme
scuola dell'infanzia di ronchi valsugana;scuola dell'infanzia;paritaria/equiparata;;;paola sangiorgi;via marchi, 14 38050;ronchi valsugana;0461773197;;ronchi.valsugana.presidente@fpsm.tn.it;;ronchi.valsugana.segretario@fpsm.tn.it;;;https://www.vivoscuola.it/content/view/full/30109;https://it.wikipedia.org/wiki/Ronchi_Valsugana
scuola dell'infanzia di roncogno di pergine;scuola dell'infanzia;paritaria/equiparata;;francesca parolari;;piazza di s anna, 3 38057;pergine valsugana;0461502351;;asifchimelli@pec.it;;;;;https://www.vivoscuola.it/content/view/full/30111;https://it.wikipedia.org/wiki/Pergine_Valsugana
"scuola dell'infanzia di roncone  ""mario amistadi sciavina odv""";scuola dell'infanzia;paritaria/equiparata;;;;via lucchi - roncone, 1 38087;sella giudicarie;0465311525;0465-901285;roncone.materna@associazionecoesi.com;;;;;https://www.vivoscuola.it/content/view/full/30113;https://it.wikipedia.org/wiki/Sella_Giudicarie
scuola dell'infanzia di ronzo-chienis;scuola dell'infanzia;paritaria/equiparata;;;silvano medves;via del car, 40 38060;ronzo-chienis;0464802944;;ronzo.chienis.presidente@fpsm.tn.it;;ronzo.chienis.segretario@fpsm.tn.it;;;https://www.vivoscuola.it/content/view/full/30115;https://it.wikipedia.org/wiki/Ronzo-Chienis
"scuola dell'infanzia di rovereto ""clementino vannetti odv""";scuola dell'infanzia;paritaria/equiparata;;;;via s maria, 58 38068;rovereto;0464420061;;asilovannetti@gmail.com;;;;;https://www.vivoscuola.it/content/view/full/149207;https://it.wikipedia.org/wiki/Rovereto
"scuola dell'infanzia di rovereto ""rosmini""";scuola dell'infanzia;paritaria/equiparata;;;roberta medeghini;corso rosmini, 3 38068;rovereto;0464421541;;rovereto.rosmini.presidente@fpsm.tn.it;;rovereto.rosmini.segretario@fpsm.tn.it;;;https://www.vivoscuola.it/content/view/full/30119;https://it.wikipedia.org/wiki/Rovereto
scuola dell'infanzia di s. croce bleggio;scuola dell'infanzia;paritaria/equiparata;;;lorenzo santorum;frazione santa croce di bleggio inferiore, 7 38070;comano terme;0465779900;;s.croce.presidente@fpsm.tn.it;;s.croce.segretario@fpsm.tn.it;;;https://www.vivoscuola.it/content/view/full/30121;https://it.wikipedia.org/wiki/Comano_Terme
scuola dell'infanzia di s. lorenzo in banale;scuola dell'infanzia;paritaria/equiparata;;;lorenzo santorum;strada del toat - san lorenzo, 4 38078;san lorenzo dorsino;0465734005;;san.lorenzo.banale.segretario@fpsm.tn.it;;san.lorenzo.banale.segretario@fpsm.tn.it;;;https://www.vivoscuola.it/content/view/full/30123;https://it.wikipedia.org/wiki/San_Lorenzo_Dorsino
scuola dell'infanzia di s. margherita di ala;scuola dell'infanzia;paritaria/equiparata;;;francesca vareschi;via gazzoletti - santa margherita, 35 38061;ala;0464696494;;s.margherita.presidente@fpsm.tn.it;;s.margherita.segretario@fpsm.tn.it;;;https://www.vivoscuola.it/content/view/full/30125;https://it.wikipedia.org/wiki/Ala_(Italia)
scuola dell'infanzia di sabbionara;scuola dell'infanzia;paritaria/equiparata;;;francesca vareschi;piazza conciliazione, 3/b 38063;avio;0464683225;;sabbionara.presidente@fpsm.tn.it;;sabbionara.segretario@fpsm.tn.it;;;https://www.vivoscuola.it/content/view/full/30127;https://it.wikipedia.org/wiki/Avio
scuola dell'infanzia di san martino di c.;scuola dell'infanzia;paritaria/equiparata;;;daniela dalcastagne';via laghetto - san martino di castrozza, 30 38054;primiero san martino di castrozza;0439768666;;s.martino.castrozza.presidente@fpsm.tn.it;;s.martino.castrozza.segretario@fpsm.tn.it;;;https://www.vivoscuola.it/content/view/full/30129;https://it.wikipedia.org/wiki/Primiero_San_Martino_di_Castrozza
scuola dell'infanzia di sarche;scuola dell'infanzia;paritaria/equiparata;;;gianna angeli;via caffaro - sarche - calavino, 6 38076;madruzzo;0461564028;;sarche.presidente@fpsm.tn.it;;sarche.segretario@fpsm.tn.it;;;https://www.vivoscuola.it/content/view/full/30131;https://it.wikipedia.org/wiki/Madruzzo_(Italia)
scuola dell'infanzia di scurelle;scuola dell'infanzia;paritaria/equiparata;;;paola sangiorgi;via visintainer, 15 38050;scurelle;0461762268;;scurelle.presidente@fpsm.tn.it;;scurelle.segretario@fpsm.tn.it;;;https://www.vivoscuola.it/content/view/full/30133;https://it.wikipedia.org/wiki/Scurelle
scuola dell'infanzia di segno;scuola dell'infanzia;paritaria/equiparata;;;ute pancher;via sonora - segno - taio, 18 38012;predaia;0463468064;;segno.presidente@fpsm.tn.it;;segno.segretario@fpsm.tn.it;;;https://www.vivoscuola.it/content/view/full/30135;https://it.wikipedia.org/wiki/Predaia
scuola dell'infanzia di segonzano;scuola dell'infanzia;paritaria/equiparata;;;pamela tomaselli;frazione stedro, 80 38047;segonzano;3273311981;;segonzano.presidente@fpsm.tn.it;;segonzano.segretario@fpsm.tn.it;;;https://www.vivoscuola.it/content/view/full/30137;https://it.wikipedia.org/wiki/Segonzano
scuola dell'infanzia di serravalle;scuola dell'infanzia;paritaria/equiparata;;;francesca vareschi;via ingenger tomasi - serravalle, 5 38061;ala;0464696304;;serravalle.presidente@fpsm.tn.it;;serravalle.segretario@fpsm.tn.it;;;https://www.vivoscuola.it/content/view/full/30139;https://it.wikipedia.org/wiki/Ala_(Italia)
"scuola dell'infanzia di serso ""don ochner odv"" ";scuola dell'infanzia;paritaria/equiparata;;;;via al casteler, 1 38057;pergine valsugana;0461533843;;serso.asilo@gmail.com;;scuola.donochner@email.it;;;https://www.vivoscuola.it/content/view/full/141891;https://it.wikipedia.org/wiki/Pergine_Valsugana
scuola dell'infanzia di smarano;scuola dell'infanzia;paritaria/equiparata;;;ilaria mancini;via torre - smarano, 6 38012;predaia;0463536702;;smarano.presidente@fpsm.tn.it;;smarano.segretario@fpsm.tn.it;;;https://www.vivoscuola.it/content/view/full/30145;https://it.wikipedia.org/wiki/Predaia
scuola dell'infanzia di sopramonte;scuola dell'infanzia;paritaria/equiparata;;;carmen fattori;via canelli - sopramonte, 5 38123;trento;0461867021;;sopramonte.presidente@fpsm.tn.it;;sopramonte.segretario@fpsm.tn.it;;;https://www.vivoscuola.it/content/view/full/30147;https://it.wikipedia.org/wiki/Trento
scuola dell'infanzia di spiazzo rendena;scuola dell'infanzia;paritaria/equiparata;;;alessandra pomilio;via s vigilio, 5 38088;spiazzo;0465801326;;spiazzo.rendena.contabile@fpsm.tn.it;;spiazzo.rendena.segretario@fpsm.tn.it;;;https://www.vivoscuola.it/content/view/full/30149;https://it.wikipedia.org/wiki/Spiazzo
scuola dell'infanzia di spormaggiore;scuola dell'infanzia;paritaria/equiparata;;;ute pancher;via dell asilo, 2 38010;spormaggiore;04611827171;;spormaggiore.contabile@fpsm.tn.it;;spormaggiore.segretario@fpsm.tn.it;;;https://www.vivoscuola.it/content/view/full/30151;https://it.wikipedia.org/wiki/Spormaggiore
scuola dell'infanzia di stenico;scuola dell'infanzia;paritaria/equiparata;;;lorenzo santorum;piazza dante, 15 38070;stenico;0465771019;;stenico.presidente@fpsm.tn.it;;stenico.segretario@fpsm.tn.it;;;https://www.vivoscuola.it/content/view/full/30153;https://it.wikipedia.org/wiki/Stenico
scuola dell'infanzia di storo;scuola dell'infanzia;paritaria/equiparata;;;alessandra pomilio;via s floriano, 22 38089;storo;0465898494;;storo.presidente@fpsm.tn.it;;storo.segretario@fpsm.tn.it;;;https://www.vivoscuola.it/content/view/full/30155;https://it.wikipedia.org/wiki/Storo
scuola dell'infanzia di strigno;scuola dell'infanzia;paritaria/equiparata;;;daniela dalcastagne';piazza iv novembre - strigno, 11 38059;castel ivano;0461762327;;strigno.presidente@fpsm.tn.it;;strigno.segretario@fpsm.tn.it;;;https://www.vivoscuola.it/content/view/full/30157;https://it.wikipedia.org/wiki/Castel_Ivano_(comune)
scuola dell'infanzia di susà;scuola dell'infanzia;paritaria/equiparata;;;mariangela simoncini;via dell asilo, 5 38057;pergine valsugana;0461538471;;susa.presidente@fpsm.tn.it;;susa.segretario@fpsm.tn.it;;;https://www.vivoscuola.it/content/view/full/30159;https://it.wikipedia.org/wiki/Pergine_Valsugana
"scuola dell'infanzia di taio ""asilo infantile di taio odv""";scuola dell'infanzia;paritaria/equiparata;;;ute pancher;via edison - taio, 3 38012;predaia;0463468269;;taio.presidente@fpsm.tn.it;;taio.segretario@fpsm.tn.it;;;https://www.vivoscuola.it/content/view/full/30161;https://it.wikipedia.org/wiki/Predaia
scuola dell'infanzia di telve;scuola dell'infanzia;paritaria/equiparata;;;paola sangiorgi;via paradiso, 1 38050;telve;0461766315;;telve.presidente@fpsm.tn.it;;telve.segretario@fpsm.tn.it;;;https://www.vivoscuola.it/content/view/full/30163;https://it.wikipedia.org/wiki/Telve
scuola dell'infanzia di tenno;scuola dell'infanzia;paritaria/equiparata;;;luisa fontanari;via brocchetti, 53 38060;tenno;0464503034;;tenno.presidente@fpsm.tn.it;;tenno.segretario@fpsm.tn.it;;;https://www.vivoscuola.it/content/view/full/30165;https://it.wikipedia.org/wiki/Tenno
scuola dell'infanzia di tesero;scuola dell'infanzia;paritaria/equiparata;;;tiziana ceol;via fia, 20 38038;tesero;0462813045;;tesero.presidente@fpsm.tn.it;;tesero.segretario@fpsm.tn.it;;;https://www.vivoscuola.it/content/view/full/30167;https://it.wikipedia.org/wiki/Tesero
scuola dell'infanzia di tezze valsugana;scuola dell'infanzia;paritaria/equiparata;;;daniela dalcastagne';via marconi, 8/a 38055;grigno;0461769192;;tezze.presidente@fpsm.tn.it;;tezze.segretario@fpsm.tn.it;;;https://www.vivoscuola.it/content/view/full/30169;https://it.wikipedia.org/wiki/Grigno
"scuola dell'infanzia di tione di trento ""don giovanni failoni odv""";scuola dell'infanzia;paritaria/equiparata;;;;piazza battisti, 4 38079;tione di trento;0461321314;0461/329714;tione.materna@associazionecoesi.com;;;;;https://www.vivoscuola.it/content/view/full/61887;https://it.wikipedia.org/wiki/Tione_di_Trento
scuola dell'infanzia di tonadico;scuola dell'infanzia;paritaria/equiparata;;;daniela dalcastagne';via fuganti - tonadico, 8 38054;primiero san martino di castrozza;0439762062;;tonadico.segretario@fpsm.tn.it;;tonadico.segretario@fpsm.tn.it;;;https://www.vivoscuola.it/content/view/full/30171;https://it.wikipedia.org/wiki/Primiero_San_Martino_di_Castrozza
scuola dell'infanzia di torbole;scuola dell'infanzia;paritaria/equiparata;;;luisa fontanari;via don davide gioppi, 72 38069;nago-torbole;0464505159;;torbole.presidente@fpsm.tn.it;;torbole.segretario@fpsm.tn.it;;;https://www.vivoscuola.it/content/view/full/30173;https://it.wikipedia.org/wiki/Nago-Torbole
scuola dell'infanzia di torcegno odv;scuola dell'infanzia;paritaria/equiparata;;;paola sangiorgi;via della fontana, 15 38050;torcegno;0461760796;;torcegno.presidente@fpsm.tn.it;;torcegno.segretario@fpsm.tn.it;;;https://www.vivoscuola.it/content/view/full/30175;https://it.wikipedia.org/wiki/Torcegno
scuola dell'infanzia di transacqua;scuola dell'infanzia;paritaria/equiparata;;;daniela dalcastagne';piazza municipio - transacqua, 11 38054;primiero san martino di castrozza;043962313;;transacqua.presidente@fpsm.tn.it;;transacqua.segretario@fpsm.tn.it;;;https://www.vivoscuola.it/content/view/full/30177;https://it.wikipedia.org/wiki/Primiero_San_Martino_di_Castrozza
"scuola dell'infanzia di trento  ""pedrotti""";scuola dell'infanzia;paritaria/equiparata;;;sandra ciappi;via asilo pedrotti, 2 38122;trento;0461914039;;trento.pedrotti.presidente@fpsm.tn.it;;trento.pedrotti.segretario@fpsm.tn.it;;;https://www.vivoscuola.it/content/view/full/30181;https://it.wikipedia.org/wiki/Trento
scuola dell'infanzia di trento  canossiane;scuola dell'infanzia;paritaria/equiparata;;;ivana leonardelli;via dei paradisi, 4 38122;trento;0461231775;;trento.canossiane.segretario@fpsm.tn.it;;trento.canossiane.segretario@fpsm.tn.it;;;https://www.vivoscuola.it/content/view/full/30185;https://it.wikipedia.org/wiki/Trento
scuola dell'infanzia di trento  s. bartolomeo;scuola dell'infanzia;paritaria/equiparata;;;sandra ciappi;viale dei tigli, 9/1 38123;trento;0461924555;;trento.s.bartolomeo.segretario@fpsm.tn.it;;trento.s.bartolomeo.segretario@fpsm.tn.it;;;https://www.vivoscuola.it/content/view/full/30187;https://it.wikipedia.org/wiki/Trento
"scuola dell'infanzia di trento ""antonio tambosi odv""";scuola dell'infanzia;paritaria/equiparata;;;;via francesco ferruccio, 4 38122;trento;0461237392;0461-237392;scuolamaterna.tambosi@gmail.com;;;;;https://www.vivoscuola.it/content/view/full/30179;https://it.wikipedia.org/wiki/Trento
"scuola dell'infanzia di trento ""g. b. zanella odv""";scuola dell'infanzia;paritaria/equiparata;;;alessandra bianchi;via gar, 1 38122;trento;0461233744;0461-233744;segreteria@gbzanella.it;;;;;https://www.vivoscuola.it/content/view/full/30189;https://it.wikipedia.org/wiki/Trento
"scuola dell'infanzia di trento ""s. antonio odv""";scuola dell'infanzia;paritaria/equiparata;;;;via adamello, 2 38122;trento;0461911027;0461/394133;s.antonio.materna@associazionecoesi.com;;;;;https://www.vivoscuola.it/content/view/full/30191;https://it.wikipedia.org/wiki/Trento
"scuola dell'infanzia di trento ""sacro cuore odv""";scuola dell'infanzia;paritaria/equiparata;;;sara tonazzoli;piazza s teresa verzeri, 4 38122;trento;0461981465;;materna@istitutosacrocuore.it;;;;;https://www.vivoscuola.it/content/view/full/92009;https://it.wikipedia.org/wiki/Trento
"scuola dell'infanzia di trento cognola  ""b. kofler""";scuola dell'infanzia;paritaria/equiparata;;;ivana leonardelli;via kofler, 10 38121;trento;0461235069;0461 983903;cognola.segretario@fpsm.tn.it;;cognola.segretario@fpsm.tn.it;;;https://www.vivoscuola.it/content/view/full/30193;https://it.wikipedia.org/wiki/Trento
scuola dell'infanzia di trento la clarina;scuola dell'infanzia;paritaria/equiparata;;;sandra ciappi;via einaudi, 66 38123;trento;0461923464;;trento.clarina.presidente@fpsm.tn.it;;trento.clarina.segretario@fpsm.tn.it;;;https://www.vivoscuola.it/content/view/full/30195;https://it.wikipedia.org/wiki/Trento
"scuola dell'infanzia di trento san donà ""b. kofler""";scuola dell'infanzia;paritaria/equiparata;;;ivana leonardelli;via per cognola, 43 38122;trento;0461260977;0461 983903;cognola.segretario@fpsm.tn.it;;trento.san.dona.segretario@fpsm.tn.it;;;https://www.vivoscuola.it/content/view/full/30197;https://it.wikipedia.org/wiki/Trento
scuola dell'infanzia di tuenno;scuola dell'infanzia;paritaria/equiparata;;;ute pancher;via marconi - tuenno, 2 38019;ville d'anaunia;0463451238;;tuenno.segretario@fpsm.tn.it;;tuenno.segretario@fpsm.tn.it;;;https://www.vivoscuola.it/content/view/full/30199;https://it.wikipedia.org/wiki/Ville_d%27Anaunia
scuola dell'infanzia di varone;scuola dell'infanzia;paritaria/equiparata;;;luisa fontanari;via sega, 5 38066;riva del garda;0464521350;;varone.presidente@fpsm.tn.it;;varone.segretario@fpsm.tn.it;;;https://www.vivoscuola.it/content/view/full/30201;https://it.wikipedia.org/wiki/Riva_del_Garda
scuola dell'infanzia di vermiglio;scuola dell'infanzia;paritaria/equiparata;;;roberta bertolas;via di s pietro, 26 38029;vermiglio;0463758141;;vermiglio.presidente@fpsm.tn.it;;vermiglio.segretario@fpsm.tn.it;;;https://www.vivoscuola.it/content/view/full/30203;https://it.wikipedia.org/wiki/Vermiglio_(Italia)
scuola dell'infanzia di vezzano;scuola dell'infanzia;paritaria/equiparata;;;sandra ciappi;via dante - vezzano, 24 38070;vallelaghi;0461864918;;vezzano.presidente@fpsm.tn.it;;vezzano.segretario@fpsm.tn.it;;;https://www.vivoscuola.it/content/view/full/30205;https://it.wikipedia.org/wiki/Vallelaghi
scuola dell'infanzia di vigo cavedine;scuola dell'infanzia;paritaria/equiparata;;;gianna angeli;via scuola materna, 1 38073;cavedine;0461566061;;vigo.cavedine.presidente@fpsm.tn.it;;vigo.cavedine.segretario@fpsm.tn.it;;;https://www.vivoscuola.it/content/view/full/30207;https://it.wikipedia.org/wiki/Cavedine
scuola dell'infanzia di vigo cortesano;scuola dell'infanzia;paritaria/equiparata;;;carmen fattori;via madonna dei prati, 3 38121;trento;0461448252;;vigo.meano.presidente@fpsm.tn.it;;vigo.meano.segretario@fpsm.tn.it;;;https://www.vivoscuola.it/content/view/full/30209;https://it.wikipedia.org/wiki/Trento
scuola dell'infanzia di vigo di fassa;scuola dell'infanzia;paritaria/equiparata;;;sara de zolt;strada giuseppe soraperra - pozza di fassa, 4 38036;san giovanni di fassa;0462763194;;vigo.fassa.presidente@fpsm.tn.it;;vigo.fassa.segretario@fpsm.tn.it;;;https://www.vivoscuola.it/content/view/full/30213;https://it.wikipedia.org/wiki/San_Giovanni_di_Fassa
scuola dell'infanzia di vigo di ton;scuola dell'infanzia;paritaria/equiparata;;;elena ricci;piazza guardi, 7 38010;ton;0461657897;;vigo.ton.segretario@fpsm.tn.it;;vigo.ton.segretario@fpsm.tn.it;;;https://www.vivoscuola.it/content/view/full/30215;https://it.wikipedia.org/wiki/Ton
scuola dell'infanzia di vigo lomaso;scuola dell'infanzia;paritaria/equiparata;;;lorenzo santorum;frazione vigo lomaso - lomaso, 1 38070;comano terme;0465701249;;vigo.lomaso.presidente@fpsm.tn.it;;vigo.lomaso.segretario@fpsm.tn.it;;;https://www.vivoscuola.it/content/view/full/30211;https://it.wikipedia.org/wiki/Comano_Terme
scuola dell'infanzia di villa lagarina;scuola dell'infanzia;paritaria/equiparata;;;roberta medeghini;via monsignor gosetti, 3 38060;villa lagarina;0464411101;;villalagarina.presidente@fpsm.tn.it;;villalagarina.segretario@fpsm.tn.it;;;https://www.vivoscuola.it/content/view/full/30217;https://it.wikipedia.org/wiki/Villa_Lagarina
scuola dell'infanzia di villamontagna;scuola dell'infanzia;paritaria/equiparata;;;carmen fattori;via dei carli, 16 38121;trento;0461209045;;villamontagna.segretario@fpsm.tn.it;;villamontagna.segretario@fpsm.tn.it;;;https://www.vivoscuola.it/content/view/full/30219;https://it.wikipedia.org/wiki/Trento
scuola dell'infanzia di villazzano;scuola dell'infanzia;paritaria/equiparata;;;ivana leonardelli;via giordano, 15 38123;trento;0461920382;;villazzano.segretario@fpsm.tn.it;;villazzano.segretario@fpsm.tn.it;;;https://www.vivoscuola.it/content/view/full/30221;https://it.wikipedia.org/wiki/Trento
scuola dell'infanzia di volano;scuola dell'infanzia;paritaria/equiparata;;;silvano medves;via s maria, 13 38060;volano;0464411516;;volano.segretario@fpsm.tn.it;;volano.segretario@fpsm.tn.it;;;https://www.vivoscuola.it/content/view/full/30223;https://it.wikipedia.org/wiki/Volano_(Italia)
scuola dell'infanzia di ziano di fiemme;scuola dell'infanzia;paritaria/equiparata;;;sara de zolt;piazza italia, 8 38030;ziano di fiemme;3703621992;;ziano.presidente@fpsm.tn.it;;ziano.segretario@fpsm.tn.it;;;https://www.vivoscuola.it/content/view/full/30225;https://it.wikipedia.org/wiki/Ziano_di_Fiemme
scuola ladina di fassa - scola ladina de fascia;istituzione scolastica e formativa;a carattere statale/provinciale;federico corradini;;;strada giuseppe soraperra - pozza di fassa, 6 38036;san giovanni di fassa;0462763702;0462/760001;scuolaladinadifassa@pec.provincia.tn.it;dir.scuolaladinadifassa@scuole.provincia.tn.it;segr.scuolaladinadifassa@scuole.provincia.tn.it;https://www.scuolaladina.com/;tnic85000q;https://www.vivoscuola.it/content/view/full/29907;https://it.wikipedia.org/wiki/San_Giovanni_di_Fassa
scuola paritaria la vela - fondazione famiglia materna - rovereto;istituzione scolastica e formativa;paritaria/equiparata;stefania nicolli;;;via saibanti, 6 38068;rovereto;0464434047;;segreteria@lavela.famigliamaterna.it;direzione@lavela.famigliamaterna.it;segreteria@scuolalavela.it;https://www.scuolalavela.it;;https://www.vivoscuola.it/content/view/full/29241;https://it.wikipedia.org/wiki/Rovereto
"societa' cooperativa a r.l. ""i. de carneri"" oxford civezzano";istituzione scolastica e formativa;paritaria/equiparata;giovanni scalfi;claudio march;;via murialdo, 30 38045;civezzano;0461857003;0461/857284;oxford@pec.cooperazionetrentina.it;;info@istitutodecarneri.it;https://www.istitutodecarneri.it;;https://www.vivoscuola.it/content/view/full/29918;https://it.wikipedia.org/wiki/Civezzano
