index;school
1;25
2;25
3;25
4;25
5;25
6;25
7;25
8;25
9;25
10;25
11;25
12;25
13;25
14;25
15;25
16;26
17;26
18;26
19;26
20;26
21;26
22;26
23;26
24;26
25;26
26;26
27;26
28;27
29;27
30;27
31;27
32;27
33;27
34;27
35;27
36;27
37;340
38;340
39;340
40;340
41;340
42;340
43;340
44;340
45;340
46;340
47;340
48;340
49;340
50;340
51;340
52;343
53;343
54;343
55;343
56;343
57;343
58;343
59;343
60;343
61;341
62;341
63;341
64;341
65;341
66;341
67;341
68;341
69;341
70;341
71;341
72;341
73;341
74;341
75;341
76;242
77;242
78;242
79;242
80;242
81;242
82;242
83;242
84;242
85;242
86;242
87;242
88;242
89;242
90;242
91;342
92;342
93;342
94;342
95;342
96;342
97;342
98;342
99;342
100;342
101;342
102;342
103;342
104;342
105;342
106;244
107;244
108;244
109;244
110;244
111;244
112;244
113;244
114;244
115;244
116;244
117;244
118;244
119;244
120;244
121;246
122;246
123;246
124;246
125;246
126;246
127;246
128;246
129;246
130;243
131;243
132;243
133;243
134;243
135;243
136;243
137;243
138;243
139;243
140;243
141;243
142;243
143;243
144;243
145;245
146;245
147;245
148;245
149;245
150;245
151;245
152;245
153;245
154;245
155;245
156;245
157;245
158;245
159;245
160;247
161;247
162;247
163;247
164;247
165;247
166;247
167;247
168;247
169;405
170;405
171;405
172;405
173;405
174;405
175;405
176;405
177;405
178;405
179;405
180;405
181;405
182;405
183;405
184;408
185;408
186;408
187;408
188;408
189;408
190;408
191;408
192;408
193;404
194;404
195;404
196;404
197;404
198;404
199;404
200;404
201;404
202;404
203;404
204;404
205;404
206;404
207;404
208;406
209;406
210;406
211;406
212;406
213;406
214;406
215;406
216;406
217;406
218;406
219;406
220;406
221;406
222;406
223;407
224;407
225;407
226;407
227;407
228;407
229;407
230;407
231;407
232;407
233;407
234;407
235;407
236;407
237;407
238;311
239;311
240;311
241;311
242;311
243;311
244;311
245;311
246;311
247;311
248;311
249;311
250;311
251;311
252;311
253;308
254;308
255;308
256;308
257;308
258;308
259;308
260;308
261;308
262;308
263;308
264;308
265;308
266;308
267;308
268;310
269;310
270;310
271;310
272;310
273;310
274;310
275;310
276;310
277;310
278;310
279;310
280;310
281;310
282;310
283;309
284;309
285;309
286;309
287;309
288;309
289;309
290;309
291;309
292;309
293;309
294;309
295;309
296;309
297;309
298;312
299;312
300;312
301;312
302;312
303;312
304;312
305;312
306;312
307;312
308;312
309;312
310;312
311;312
312;312
313;314
314;314
315;314
316;314
317;314
318;314
319;314
320;314
321;314
322;313
323;313
324;313
325;313
326;313
327;313
328;313
329;313
330;313
331;313
332;313
333;313
334;313
335;313
336;313
337;316
338;316
339;316
340;316
341;316
342;316
343;316
344;316
345;316
346;315
347;315
348;315
349;315
350;315
351;315
352;315
353;315
354;315
355;456
356;456
357;456
358;456
359;456
360;456
361;456
362;456
363;456
364;570
365;570
366;570
367;570
368;570
369;570
370;570
371;570
372;570
373;570
374;570
375;570
376;570
377;570
378;570
379;457
380;457
381;457
382;457
383;457
384;457
385;457
386;457
387;457
388;457
389;457
390;457
391;457
392;457
393;457
394;459
395;459
396;459
397;459
398;459
399;459
400;459
401;459
402;459
403;459
404;459
405;459
406;459
407;459
408;459
409;460
410;460
411;460
412;460
413;460
414;460
415;460
416;460
417;460
418;460
419;460
420;460
421;460
422;460
423;460
424;458
425;458
426;458
427;458
428;458
429;458
430;458
431;458
432;458
433;458
434;458
435;458
436;458
437;458
438;458
439;461
440;461
441;461
442;461
443;461
444;461
445;461
446;461
447;461
448;461
449;461
450;461
451;461
452;461
453;461
454;462
455;462
456;462
457;462
458;462
459;462
460;462
461;462
462;462
463;462
464;462
465;462
466;462
467;462
468;462
469;464
470;464
471;464
472;464
473;464
474;464
475;464
476;464
477;464
478;464
479;464
480;464
481;464
482;464
483;464
484;463
485;463
486;463
487;463
488;463
489;463
490;463
491;463
492;463
493;463
494;463
495;463
496;463
497;463
498;463
499;41
500;41
501;41
502;41
503;41
504;41
505;41
506;41
507;41
508;41
509;41
510;41
511;40
512;40
513;40
514;40
515;40
516;40
517;40
518;40
519;40
520;40
521;40
522;40
523;40
524;40
525;40
526;554
527;554
528;554
529;554
530;554
531;554
532;554
533;554
534;554
535;554
536;554
537;554
538;554
539;554
540;554
541;552
542;552
543;552
544;552
545;552
546;552
547;552
548;552
549;552
550;556
551;556
552;556
553;556
554;556
555;556
556;556
557;556
558;556
559;556
560;556
561;556
562;556
563;556
564;556
565;555
566;555
567;555
568;555
569;555
570;555
571;555
572;555
573;555
574;555
575;555
576;555
577;555
578;555
579;555
580;420
581;420
582;420
583;420
584;420
585;420
586;420
587;420
588;420
589;420
590;420
591;420
592;420
593;420
594;420
595;421
596;421
597;421
598;421
599;421
600;421
601;421
602;421
603;421
604;421
605;421
606;421
607;421
608;421
609;421
610;422
611;422
612;422
613;422
614;422
615;422
616;422
617;422
618;422
619;422
620;422
621;422
622;422
623;422
624;422
625;419
626;419
627;419
628;419
629;419
630;419
631;419
632;419
633;419
634;419
635;419
636;419
637;419
638;419
639;419
640;423
641;423
642;423
643;423
644;423
645;423
646;423
647;423
648;423
649;423
650;423
651;423
652;423
653;423
654;423
655;424
656;424
657;424
658;424
659;424
660;424
661;424
662;424
663;424
664;424
665;424
666;424
667;424
668;424
669;424
670;425
671;425
672;425
673;425
674;425
675;425
676;425
677;425
678;425
679;425
680;425
681;425
682;425
683;425
684;425
685;428
686;428
687;428
688;428
689;428
690;428
691;428
692;428
693;428
694;393
695;393
696;393
697;393
698;393
699;393
700;393
701;393
702;393
703;393
704;393
705;393
706;393
707;393
708;393
709;429
710;429
711;429
712;429
713;429
714;429
715;429
716;429
717;429
718;427
719;427
720;427
721;427
722;427
723;427
724;427
725;427
726;427
727;394
728;394
729;394
730;394
731;394
732;394
733;394
734;394
735;394
736;394
737;394
738;394
739;394
740;394
741;394
742;396
743;396
744;396
745;396
746;396
747;396
748;396
749;396
750;396
751;395
752;395
753;395
754;395
755;395
756;395
757;395
758;395
759;395
760;395
761;395
762;395
763;395
764;395
765;395
766;213
767;213
768;213
769;213
770;213
771;213
772;213
773;213
774;213
775;213
776;213
777;213
778;213
779;213
780;213
781;214
782;214
783;214
784;214
785;214
786;214
787;214
788;214
789;214
790;295
791;295
792;295
793;295
794;295
795;295
796;295
797;295
798;295
799;295
800;295
801;295
802;295
803;295
804;295
805;294
806;294
807;294
808;294
809;294
810;294
811;294
812;294
813;294
814;294
815;294
816;294
817;294
818;294
819;294
820;296
821;296
822;296
823;296
824;296
825;296
826;296
827;296
828;296
829;296
830;296
831;296
832;296
833;296
834;296
835;297
836;297
837;297
838;297
839;297
840;297
841;297
842;297
843;297
844;518
845;518
846;518
847;518
848;518
849;518
850;518
851;518
852;518
853;518
854;518
855;518
856;518
857;518
858;518
859;519
860;519
861;519
862;519
863;519
864;519
865;519
866;519
867;519
868;154
869;154
870;154
871;154
872;154
873;154
874;154
875;154
876;154
877;154
878;154
879;154
880;154
881;154
882;154
883;156
884;156
885;156
886;156
887;156
888;156
889;156
890;156
891;156
892;275
893;275
894;275
895;275
896;275
897;275
898;275
899;275
900;275
901;275
902;275
903;275
904;275
905;275
906;275
907;155
908;155
909;155
910;155
911;155
912;155
913;155
914;155
915;155
916;155
917;155
918;155
919;155
920;155
921;155
922;276
923;276
924;276
925;276
926;276
927;276
928;276
929;276
930;276
931;276
932;276
933;276
934;276
935;276
936;276
937;280
938;280
939;280
940;280
941;280
942;280
943;280
944;280
945;280
946;280
947;280
948;280
949;280
950;280
951;280
952;277
953;277
954;277
955;277
956;277
957;277
958;277
959;277
960;277
961;277
962;277
963;277
964;277
965;277
966;277
967;279
968;279
969;279
970;279
971;279
972;279
973;279
974;279
975;279
976;279
977;279
978;279
979;279
980;279
981;279
982;278
983;278
984;278
985;278
986;278
987;278
988;278
989;278
990;278
991;278
992;278
993;278
994;278
995;278
996;278
997;281
998;281
999;281
1000;281
1001;281
1002;281
1003;281
1004;281
1005;281
1006;281
1007;281
1008;281
1009;281
1010;281
1011;281
1012;283
1013;283
1014;283
1015;283
1016;283
1017;283
1018;283
1019;283
1020;283
1021;284
1022;284
1023;284
1024;284
1025;284
1026;284
1027;284
1028;284
1029;284
1030;282
1031;282
1032;282
1033;282
1034;282
1035;282
1036;282
1037;282
1038;282
1039;282
1040;282
1041;282
1042;282
1043;282
1044;282
1045;165
1046;165
1047;165
1048;165
1049;165
1050;165
1051;165
1052;165
1053;165
1054;165
1055;165
1056;165
1057;165
1058;165
1059;165
1060;164
1061;164
1062;164
1063;164
1064;164
1065;164
1066;164
1067;164
1068;164
1069;164
1070;164
1071;164
1072;164
1073;164
1074;164
1075;166
1076;166
1077;166
1078;166
1079;166
1080;166
1081;166
1082;166
1083;166
1084;532
1085;532
1086;532
1087;532
1088;532
1089;532
1090;532
1091;532
1092;532
1093;532
1094;532
1095;532
1096;532
1097;532
1098;532
1099;531
1100;531
1101;531
1102;531
1103;531
1104;531
1105;531
1106;531
1107;531
1108;533
1109;533
1110;533
1111;533
1112;533
1113;533
1114;533
1115;533
1116;533
1117;533
1118;533
1119;533
1120;533
1121;533
1122;533
1123;534
1124;534
1125;534
1126;534
1127;534
1128;534
1129;534
1130;534
1131;534
1132;534
1133;534
1134;534
1135;534
1136;534
1137;534
1138;173
1139;173
1140;173
1141;173
1142;173
1143;173
1144;173
1145;173
1146;173
1147;173
1148;173
1149;173
1150;173
1151;173
1152;173
1153;174
1154;174
1155;174
1156;174
1157;174
1158;174
1159;174
1160;174
1161;174
1162;174
1163;174
1164;174
1165;174
1166;174
1167;174
1168;176
1169;176
1170;176
1171;176
1172;176
1173;176
1174;176
1175;176
1176;176
1177;176
1178;176
1179;176
1180;176
1181;176
1182;176
1183;175
1184;175
1185;175
1186;175
1187;175
1188;175
1189;175
1190;175
1191;175
1192;175
1193;175
1194;175
1195;175
1196;175
1197;175
1198;177
1199;177
1200;177
1201;177
1202;177
1203;177
1204;177
1205;177
1206;177
1207;177
1208;177
1209;177
1210;177
1211;177
1212;177
1213;178
1214;178
1215;178
1216;178
1217;178
1218;178
1219;178
1220;178
1221;178
1222;233
1223;233
1224;233
1225;233
1226;233
1227;233
1228;233
1229;233
1230;233
1231;233
1232;233
1233;233
1234;233
1235;233
1236;233
1237;234
1238;234
1239;234
1240;234
1241;234
1242;234
1243;234
1244;234
1245;234
1246;234
1247;234
1248;234
1249;234
1250;234
1251;234
1252;235
1253;235
1254;235
1255;235
1256;235
1257;235
1258;235
1259;235
1260;235
1261;235
1262;235
1263;235
1264;235
1265;235
1266;235
1267;238
1268;238
1269;238
1270;238
1271;238
1272;238
1273;238
1274;238
1275;238
1276;238
1277;238
1278;238
1279;238
1280;238
1281;238
1282;236
1283;236
1284;236
1285;236
1286;236
1287;236
1288;236
1289;236
1290;236
1291;236
1292;236
1293;236
1294;236
1295;236
1296;236
1297;239
1298;239
1299;239
1300;239
1301;239
1302;239
1303;239
1304;239
1305;239
1306;239
1307;239
1308;239
1309;239
1310;239
1311;239
1312;240
1313;240
1314;240
1315;240
1316;240
1317;240
1318;240
1319;240
1320;240
1321;237
1322;237
1323;237
1324;237
1325;237
1326;237
1327;237
1328;237
1329;237
1330;237
1331;237
1332;237
1333;237
1334;237
1335;237
1336;241
1337;241
1338;241
1339;241
1340;241
1341;241
1342;241
1343;241
1344;241
1345;274
1346;274
1347;274
1348;274
1349;274
1350;274
1351;274
1352;274
1353;274
1354;272
1355;272
1356;272
1357;272
1358;272
1359;272
1360;272
1361;272
1362;272
1363;272
1364;272
1365;272
1366;272
1367;272
1368;272
1369;273
1370;273
1371;273
1372;273
1373;273
1374;273
1375;273
1376;273
1377;273
1378;271
1379;271
1380;271
1381;271
1382;271
1383;271
1384;271
1385;271
1386;271
1387;271
1388;271
1389;271
1390;271
1391;271
1392;271
1393;10
1394;10
1395;10
1396;10
1397;10
1398;10
1399;10
1400;10
1401;10
1402;10
1403;10
1404;10
1405;398
1406;398
1407;398
1408;398
1409;398
1410;398
1411;398
1412;398
1413;398
1414;398
1415;398
1416;398
1417;398
1418;398
1419;398
1420;9
1421;9
1422;9
1423;9
1424;9
1425;9
1426;9
1427;9
1428;9
1429;9
1430;9
1431;9
1432;9
1433;9
1434;9
1435;400
1436;400
1437;400
1438;400
1439;400
1440;400
1441;400
1442;400
1443;400
1444;400
1445;400
1446;400
1447;400
1448;400
1449;400
1450;397
1451;397
1452;397
1453;397
1454;397
1455;397
1456;397
1457;397
1458;397
1459;397
1460;397
1461;397
1462;397
1463;397
1464;397
1465;402
1466;402
1467;402
1468;402
1469;402
1470;402
1471;402
1472;402
1473;402
1474;402
1475;402
1476;402
1477;402
1478;402
1479;402
1480;401
1481;401
1482;401
1483;401
1484;401
1485;401
1486;401
1487;401
1488;401
1489;401
1490;401
1491;401
1492;401
1493;401
1494;401
1495;403
1496;403
1497;403
1498;403
1499;403
1500;403
1501;403
1502;403
1503;403
1504;432
1505;432
1506;432
1507;432
1508;432
1509;432
1510;432
1511;432
1512;432
1513;432
1514;432
1515;432
1516;432
1517;432
1518;432
1519;430
1520;430
1521;430
1522;430
1523;430
1524;430
1525;430
1526;430
1527;430
1528;430
1529;430
1530;430
1531;430
1532;430
1533;430
1534;1
1535;1
1536;1
1537;1
1538;1
1539;1
1540;1
1541;1
1542;1
1543;1
1544;1
1545;1
1546;1
1547;1
1548;1
1549;431
1550;431
1551;431
1552;431
1553;431
1554;431
1555;431
1556;431
1557;431
1558;431
1559;431
1560;431
1561;431
1562;431
1563;431
1564;433
1565;433
1566;433
1567;433
1568;433
1569;433
1570;433
1571;433
1572;433
1573;480
1574;480
1575;480
1576;480
1577;480
1578;480
1579;480
1580;480
1581;480
1582;480
1583;480
1584;480
1585;480
1586;480
1587;480
1588;479
1589;479
1590;479
1591;479
1592;479
1593;479
1594;479
1595;479
1596;479
1597;3
1598;3
1599;3
1600;3
1601;3
1602;3
1603;3
1604;3
1605;3
1606;3
1607;3
1608;3
1609;2
1610;2
1611;2
1612;2
1613;2
1614;2
1615;2
1616;2
1617;2
1618;483
1619;483
1620;483
1621;483
1622;483
1623;483
1624;483
1625;483
1626;483
1627;483
1628;483
1629;483
1630;483
1631;483
1632;483
1633;482
1634;482
1635;482
1636;482
1637;482
1638;482
1639;482
1640;482
1641;482
1642;482
1643;482
1644;482
1645;482
1646;482
1647;482
1648;481
1649;481
1650;481
1651;481
1652;481
1653;481
1654;481
1655;481
1656;481
1657;481
1658;481
1659;481
1660;481
1661;481
1662;481
1663;486
1664;486
1665;486
1666;486
1667;486
1668;486
1669;486
1670;486
1671;486
1672;486
1673;486
1674;486
1675;486
1676;486
1677;486
1678;484
1679;484
1680;484
1681;484
1682;484
1683;484
1684;484
1685;484
1686;484
1687;484
1688;484
1689;484
1690;484
1691;484
1692;484
1693;487
1694;487
1695;487
1696;487
1697;487
1698;487
1699;487
1700;487
1701;487
1702;487
1703;487
1704;487
1705;487
1706;487
1707;487
1708;224
1709;224
1710;224
1711;224
1712;224
1713;224
1714;224
1715;224
1716;224
1717;224
1718;224
1719;224
1720;224
1721;224
1722;224
1723;225
1724;225
1725;225
1726;225
1727;225
1728;225
1729;225
1730;225
1731;225
1732;225
1733;225
1734;225
1735;225
1736;225
1737;225
1738;226
1739;226
1740;226
1741;226
1742;226
1743;226
1744;226
1745;226
1746;226
1747;226
1748;226
1749;226
1750;226
1751;226
1752;226
1753;227
1754;227
1755;227
1756;227
1757;227
1758;227
1759;227
1760;227
1761;227
1762;227
1763;227
1764;227
1765;227
1766;227
1767;227
1768;232
1769;232
1770;232
1771;232
1772;232
1773;232
1774;232
1775;232
1776;232
1777;228
1778;228
1779;228
1780;228
1781;228
1782;228
1783;228
1784;228
1785;228
1786;228
1787;228
1788;228
1789;228
1790;228
1791;228
1792;229
1793;229
1794;229
1795;229
1796;229
1797;229
1798;229
1799;229
1800;229
1801;229
1802;229
1803;229
1804;229
1805;229
1806;229
1807;231
1808;231
1809;231
1810;231
1811;231
1812;231
1813;231
1814;231
1815;231
1816;230
1817;230
1818;230
1819;230
1820;230
1821;230
1822;230
1823;230
1824;230
1825;528
1826;528
1827;528
1828;528
1829;528
1830;528
1831;528
1832;528
1833;528
1834;528
1835;528
1836;528
1837;528
1838;528
1839;528
1840;527
1841;527
1842;527
1843;527
1844;527
1845;527
1846;527
1847;527
1848;527
1849;527
1850;527
1851;527
1852;527
1853;527
1854;527
1855;529
1856;529
1857;529
1858;529
1859;529
1860;529
1861;529
1862;529
1863;529
1864;529
1865;529
1866;529
1867;529
1868;529
1869;529
1870;530
1871;530
1872;530
1873;530
1874;530
1875;530
1876;530
1877;530
1878;530
1879;530
1880;530
1881;530
1882;530
1883;530
1884;530
1885;438
1886;438
1887;438
1888;438
1889;438
1890;438
1891;438
1892;438
1893;438
1894;438
1895;438
1896;438
1897;438
1898;438
1899;438
1900;157
1901;157
1902;157
1903;157
1904;157
1905;157
1906;157
1907;157
1908;157
1909;157
1910;157
1911;157
1912;157
1913;157
1914;157
1915;571
1916;571
1917;571
1918;571
1919;571
1920;571
1921;571
1922;571
1923;571
1924;571
1925;571
1926;571
1927;571
1928;571
1929;571
1930;440
1931;440
1932;440
1933;440
1934;440
1935;440
1936;440
1937;440
1938;440
1939;440
1940;440
1941;440
1942;440
1943;440
1944;440
1945;439
1946;439
1947;439
1948;439
1949;439
1950;439
1951;439
1952;439
1953;439
1954;439
1955;439
1956;439
1957;439
1958;439
1959;439
1960;572
1961;572
1962;572
1963;572
1964;572
1965;572
1966;572
1967;572
1968;572
1969;572
1970;572
1971;572
1972;572
1973;572
1974;572
1975;441
1976;441
1977;441
1978;441
1979;441
1980;441
1981;441
1982;441
1983;441
1984;441
1985;441
1986;441
1987;441
1988;441
1989;441
1990;442
1991;442
1992;442
1993;442
1994;442
1995;442
1996;442
1997;442
1998;442
1999;162
2000;162
2001;162
2002;162
2003;162
2004;162
2005;162
2006;162
2007;162
2008;162
2009;162
2010;162
2011;162
2012;162
2013;162
2014;161
2015;161
2016;161
2017;161
2018;161
2019;161
2020;161
2021;161
2022;161
2023;161
2024;161
2025;161
2026;161
2027;161
2028;161
2029;163
2030;163
2031;163
2032;163
2033;163
2034;163
2035;163
2036;163
2037;163
2038;163
2039;163
2040;163
2041;436
2042;436
2043;436
2044;436
2045;436
2046;436
2047;436
2048;436
2049;436
2050;436
2051;436
2052;436
2053;436
2054;436
2055;436
2056;437
2057;437
2058;437
2059;437
2060;437
2061;437
2062;437
2063;437
2064;437
2065;434
2066;434
2067;434
2068;434
2069;434
2070;434
2071;434
2072;434
2073;434
2074;434
2075;434
2076;434
2077;434
2078;434
2079;434
2080;566
2081;566
2082;566
2083;566
2084;566
2085;566
2086;566
2087;566
2088;566
2089;566
2090;566
2091;566
2092;566
2093;566
2094;566
2095;435
2096;435
2097;435
2098;435
2099;435
2100;435
2101;435
2102;435
2103;435
2104;435
2105;435
2106;435
2107;435
2108;435
2109;435
2110;378
2111;378
2112;378
2113;378
2114;378
2115;378
2116;378
2117;378
2118;378
2119;376
2120;376
2121;376
2122;376
2123;376
2124;376
2125;376
2126;376
2127;376
2128;376
2129;376
2130;376
2131;376
2132;376
2133;376
2134;377
2135;377
2136;377
2137;377
2138;377
2139;377
2140;377
2141;377
2142;377
2143;377
2144;377
2145;377
2146;377
2147;377
2148;377
2149;517
2150;517
2151;517
2152;517
2153;517
2154;517
2155;517
2156;517
2157;517
2158;300
2159;300
2160;300
2161;300
2162;300
2163;300
2164;300
2165;300
2166;300
2167;300
2168;300
2169;300
2170;300
2171;300
2172;300
2173;5
2174;5
2175;5
2176;5
2177;5
2178;5
2179;5
2180;5
2181;5
2182;5
2183;5
2184;5
2185;5
2186;5
2187;5
2188;299
2189;299
2190;299
2191;299
2192;299
2193;299
2194;299
2195;299
2196;299
2197;299
2198;299
2199;299
2200;299
2201;299
2202;299
2203;6
2204;6
2205;6
2206;6
2207;6
2208;6
2209;6
2210;6
2211;6
2212;6
2213;6
2214;6
2215;302
2216;302
2217;302
2218;302
2219;302
2220;302
2221;302
2222;302
2223;302
2224;301
2225;301
2226;301
2227;301
2228;301
2229;301
2230;301
2231;301
2232;301
2233;301
2234;301
2235;301
2236;301
2237;301
2238;301
2239;298
2240;298
2241;298
2242;298
2243;298
2244;298
2245;298
2246;298
2247;298
2248;298
2249;298
2250;298
2251;298
2252;298
2253;298
2254;471
2255;471
2256;471
2257;471
2258;471
2259;471
2260;471
2261;471
2262;471
2263;471
2264;471
2265;471
2266;471
2267;471
2268;471
2269;470
2270;470
2271;470
2272;470
2273;470
2274;470
2275;470
2276;470
2277;470
2278;473
2279;473
2280;473
2281;473
2282;473
2283;473
2284;473
2285;473
2286;473
2287;473
2288;473
2289;473
2290;473
2291;473
2292;473
2293;472
2294;472
2295;472
2296;472
2297;472
2298;472
2299;472
2300;472
2301;472
2302;472
2303;472
2304;472
2305;472
2306;472
2307;472
2308;474
2309;474
2310;474
2311;474
2312;474
2313;474
2314;474
2315;474
2316;474
2317;474
2318;474
2319;474
2320;474
2321;474
2322;474
2323;475
2324;475
2325;475
2326;475
2327;475
2328;475
2329;475
2330;475
2331;475
2332;475
2333;475
2334;475
2335;475
2336;475
2337;475
2338;476
2339;476
2340;476
2341;476
2342;476
2343;476
2344;476
2345;476
2346;476
2347;476
2348;476
2349;476
2350;476
2351;476
2352;476
2353;478
2354;478
2355;478
2356;478
2357;478
2358;478
2359;478
2360;478
2361;478
2362;478
2363;478
2364;478
2365;478
2366;478
2367;478
2368;477
2369;477
2370;477
2371;477
2372;477
2373;477
2374;477
2375;477
2376;477
2377;477
2378;477
2379;477
2380;477
2381;477
2382;477
2383;466
2384;466
2385;466
2386;466
2387;466
2388;466
2389;466
2390;466
2391;466
2392;466
2393;466
2394;466
2395;466
2396;466
2397;466
2398;465
2399;465
2400;465
2401;465
2402;465
2403;465
2404;465
2405;465
2406;465
2407;467
2408;467
2409;467
2410;467
2411;467
2412;467
2413;467
2414;467
2415;467
2416;467
2417;467
2418;467
2419;467
2420;467
2421;467
2422;468
2423;468
2424;468
2425;468
2426;468
2427;468
2428;468
2429;468
2430;468
2431;468
2432;468
2433;468
2434;468
2435;468
2436;468
2437;469
2438;469
2439;469
2440;469
2441;469
2442;469
2443;469
2444;469
2445;469
2446;469
2447;469
2448;469
2449;469
2450;469
2451;469
2452;369
2453;369
2454;369
2455;369
2456;369
2457;369
2458;369
2459;369
2460;369
2461;369
2462;369
2463;369
2464;369
2465;369
2466;369
2467;371
2468;371
2469;371
2470;371
2471;371
2472;371
2473;371
2474;371
2475;371
2476;371
2477;371
2478;371
2479;371
2480;371
2481;371
2482;372
2483;372
2484;372
2485;372
2486;372
2487;372
2488;372
2489;372
2490;372
2491;372
2492;372
2493;372
2494;372
2495;372
2496;372
2497;370
2498;370
2499;370
2500;370
2501;370
2502;370
2503;370
2504;370
2505;370
2506;370
2507;370
2508;370
2509;370
2510;370
2511;370
2512;375
2513;375
2514;375
2515;375
2516;375
2517;375
2518;375
2519;375
2520;375
2521;374
2522;374
2523;374
2524;374
2525;374
2526;374
2527;374
2528;374
2529;374
2530;373
2531;373
2532;373
2533;373
2534;373
2535;373
2536;373
2537;373
2538;373
2539;373
2540;373
2541;373
2542;373
2543;373
2544;373
2545;28
2546;28
2547;28
2548;28
2549;28
2550;28
2551;28
2552;28
2553;28
2554;28
2555;28
2556;28
2557;42
2558;42
2559;42
2560;42
2561;42
2562;42
2563;42
2564;42
2565;42
2566;42
2567;42
2568;42
2569;42
2570;42
2571;42
2572;319
2573;319
2574;319
2575;319
2576;319
2577;319
2578;319
2579;319
2580;319
2581;44
2582;44
2583;44
2584;44
2585;44
2586;44
2587;44
2588;44
2589;44
2590;317
2591;317
2592;317
2593;317
2594;317
2595;317
2596;317
2597;317
2598;317
2599;317
2600;317
2601;317
2602;317
2603;317
2604;317
2605;43
2606;43
2607;43
2608;43
2609;43
2610;43
2611;43
2612;43
2613;43
2614;43
2615;43
2616;43
2617;179
2618;179
2619;179
2620;179
2621;179
2622;179
2623;179
2624;179
2625;179
2626;179
2627;179
2628;179
2629;179
2630;179
2631;179
2632;318
2633;318
2634;318
2635;318
2636;318
2637;318
2638;318
2639;318
2640;318
2641;318
2642;318
2643;318
2644;318
2645;318
2646;318
2647;180
2648;180
2649;180
2650;180
2651;180
2652;180
2653;180
2654;180
2655;180
2656;180
2657;180
2658;180
2659;180
2660;180
2661;180
2662;181
2663;181
2664;181
2665;181
2666;181
2667;181
2668;181
2669;181
2670;181
2671;181
2672;181
2673;181
2674;181
2675;181
2676;181
2677;182
2678;182
2679;182
2680;182
2681;182
2682;182
2683;182
2684;182
2685;182
2686;488
2687;488
2688;488
2689;488
2690;488
2691;488
2692;488
2693;488
2694;488
2695;491
2696;491
2697;491
2698;491
2699;491
2700;491
2701;491
2702;491
2703;491
2704;491
2705;491
2706;491
2707;491
2708;491
2709;491
2710;489
2711;489
2712;489
2713;489
2714;489
2715;489
2716;489
2717;489
2718;489
2719;489
2720;489
2721;489
2722;489
2723;489
2724;489
2725;490
2726;490
2727;490
2728;490
2729;490
2730;490
2731;490
2732;490
2733;490
2734;490
2735;490
2736;490
2737;490
2738;490
2739;490
2740;492
2741;492
2742;492
2743;492
2744;492
2745;492
2746;492
2747;492
2748;492
2749;492
2750;492
2751;492
2752;492
2753;492
2754;492
2755;493
2756;493
2757;493
2758;493
2759;493
2760;493
2761;493
2762;493
2763;493
2764;493
2765;493
2766;493
2767;493
2768;493
2769;493
2770;498
2771;498
2772;498
2773;498
2774;498
2775;498
2776;498
2777;498
2778;498
2779;498
2780;498
2781;498
2782;498
2783;498
2784;498
2785;496
2786;496
2787;496
2788;496
2789;496
2790;496
2791;496
2792;496
2793;496
2794;496
2795;496
2796;496
2797;496
2798;496
2799;496
2800;495
2801;495
2802;495
2803;495
2804;495
2805;495
2806;495
2807;495
2808;495
2809;495
2810;495
2811;495
2812;495
2813;495
2814;495
2815;497
2816;497
2817;497
2818;497
2819;497
2820;497
2821;497
2822;497
2823;497
2824;497
2825;497
2826;497
2827;497
2828;497
2829;497
2830;520
2831;520
2832;520
2833;520
2834;520
2835;520
2836;520
2837;520
2838;520
2839;520
2840;520
2841;520
2842;520
2843;520
2844;520
2845;169
2846;169
2847;169
2848;169
2849;169
2850;169
2851;169
2852;169
2853;169
2854;169
2855;169
2856;169
2857;169
2858;169
2859;169
2860;167
2861;167
2862;167
2863;167
2864;167
2865;167
2866;167
2867;167
2868;167
2869;167
2870;167
2871;167
2872;167
2873;167
2874;167
2875;521
2876;521
2877;521
2878;521
2879;521
2880;521
2881;521
2882;521
2883;521
2884;521
2885;521
2886;521
2887;521
2888;521
2889;521
2890;168
2891;168
2892;168
2893;168
2894;168
2895;168
2896;168
2897;168
2898;168
2899;168
2900;168
2901;168
2902;168
2903;168
2904;168
2905;170
2906;170
2907;170
2908;170
2909;170
2910;170
2911;170
2912;170
2913;170
2914;170
2915;170
2916;170
2917;170
2918;170
2919;170
2920;171
2921;171
2922;171
2923;171
2924;171
2925;171
2926;171
2927;171
2928;171
2929;12
2930;12
2931;12
2932;12
2933;12
2934;12
2935;12
2936;12
2937;12
2938;12
2939;12
2940;12
2941;12
2942;12
2943;12
2944;172
2945;172
2946;172
2947;172
2948;172
2949;172
2950;172
2951;172
2952;172
2953;13
2954;13
2955;13
2956;13
2957;13
2958;13
2959;13
2960;13
2961;13
2962;13
2963;13
2964;13
2965;344
2966;344
2967;344
2968;344
2969;344
2970;344
2971;344
2972;344
2973;344
2974;344
2975;344
2976;344
2977;344
2978;344
2979;344
2980;346
2981;346
2982;346
2983;346
2984;346
2985;346
2986;346
2987;346
2988;346
2989;346
2990;346
2991;346
2992;346
2993;346
2994;346
2995;347
2996;347
2997;347
2998;347
2999;347
3000;347
3001;347
3002;347
3003;347
3004;347
3005;347
3006;347
3007;347
3008;347
3009;347
3010;345
3011;345
3012;345
3013;345
3014;345
3015;345
3016;345
3017;345
3018;345
3019;345
3020;345
3021;345
3022;345
3023;345
3024;345
3025;348
3026;348
3027;348
3028;348
3029;348
3030;348
3031;348
3032;348
3033;348
3034;291
3035;291
3036;291
3037;291
3038;291
3039;291
3040;291
3041;291
3042;291
3043;291
3044;291
3045;291
3046;291
3047;291
3048;291
3049;292
3050;292
3051;292
3052;292
3053;292
3054;292
3055;292
3056;292
3057;292
3058;292
3059;292
3060;292
3061;292
3062;292
3063;292
3064;293
3065;293
3066;293
3067;293
3068;293
3069;293
3070;293
3071;293
3072;293
3073;567
3074;567
3075;567
3076;567
3077;567
3078;567
3079;567
3080;567
3081;567
3082;567
3083;567
3084;567
3085;567
3086;567
3087;567
3088;568
3089;568
3090;568
3091;568
3092;568
3093;568
3094;568
3095;568
3096;568
3097;568
3098;568
3099;568
3100;568
3101;568
3102;568
3103;569
3104;569
3105;569
3106;569
3107;569
3108;569
3109;569
3110;569
3111;569
3112;569
3113;569
3114;569
3115;569
3116;569
3117;569
3118;384
3119;384
3120;384
3121;384
3122;384
3123;384
3124;384
3125;384
3126;384
3127;384
3128;384
3129;384
3130;384
3131;384
3132;384
3133;385
3134;385
3135;385
3136;385
3137;385
3138;385
3139;385
3140;385
3141;385
3142;385
3143;385
3144;385
3145;385
3146;385
3147;385
3148;388
3149;388
3150;388
3151;388
3152;388
3153;388
3154;388
3155;388
3156;388
3157;386
3158;386
3159;386
3160;386
3161;386
3162;386
3163;386
3164;386
3165;386
3166;386
3167;386
3168;386
3169;386
3170;386
3171;386
3172;387
3173;387
3174;387
3175;387
3176;387
3177;387
3178;387
3179;387
3180;387
3181;387
3182;387
3183;387
3184;387
3185;387
3186;387
3187;249
3188;249
3189;249
3190;249
3191;249
3192;249
3193;249
3194;249
3195;249
3196;249
3197;249
3198;249
3199;249
3200;249
3201;249
3202;251
3203;251
3204;251
3205;251
3206;251
3207;251
3208;251
3209;251
3210;251
3211;248
3212;248
3213;248
3214;248
3215;248
3216;248
3217;248
3218;248
3219;248
3220;248
3221;248
3222;248
3223;248
3224;248
3225;248
3226;250
3227;250
3228;250
3229;250
3230;250
3231;250
3232;250
3233;250
3234;250
3235;250
3236;250
3237;250
3238;250
3239;250
3240;250
3241;541
3242;541
3243;541
3244;541
3245;541
3246;541
3247;541
3248;541
3249;541
3250;541
3251;541
3252;541
3253;541
3254;541
3255;541
3256;543
3257;543
3258;543
3259;543
3260;543
3261;543
3262;543
3263;543
3264;543
3265;543
3266;543
3267;543
3268;543
3269;543
3270;543
3271;542
3272;542
3273;542
3274;542
3275;542
3276;542
3277;542
3278;542
3279;542
3280;542
3281;542
3282;542
3283;542
3284;542
3285;542
3286;540
3287;540
3288;540
3289;540
3290;540
3291;540
3292;540
3293;540
3294;540
3295;540
3296;540
3297;540
3298;540
3299;540
3300;540
3301;192
3302;192
3303;192
3304;192
3305;192
3306;192
3307;192
3308;192
3309;192
3310;192
3311;192
3312;192
3313;192
3314;192
3315;192
3316;545
3317;545
3318;545
3319;545
3320;545
3321;545
3322;545
3323;545
3324;545
3325;545
3326;545
3327;545
3328;545
3329;545
3330;545
3331;194
3332;194
3333;194
3334;194
3335;194
3336;194
3337;194
3338;194
3339;194
3340;544
3341;544
3342;544
3343;544
3344;544
3345;544
3346;544
3347;544
3348;544
3349;544
3350;544
3351;544
3352;544
3353;544
3354;544
3355;193
3356;193
3357;193
3358;193
3359;193
3360;193
3361;193
3362;193
3363;193
3364;193
3365;193
3366;193
3367;193
3368;193
3369;193
3370;149
3371;149
3372;149
3373;149
3374;149
3375;149
3376;149
3377;149
3378;149
3379;149
3380;149
3381;149
3382;149
3383;149
3384;149
3385;148
3386;148
3387;148
3388;148
3389;148
3390;148
3391;148
3392;148
3393;148
3394;148
3395;148
3396;148
3397;148
3398;148
3399;148
3400;150
3401;150
3402;150
3403;150
3404;150
3405;150
3406;150
3407;150
3408;150
3409;150
3410;150
3411;150
3412;150
3413;150
3414;150
3415;153
3416;153
3417;153
3418;153
3419;153
3420;153
3421;153
3422;153
3423;153
3424;152
3425;152
3426;152
3427;152
3428;152
3429;152
3430;152
3431;152
3432;152
3433;152
3434;152
3435;152
3436;152
3437;152
3438;152
3439;507
3440;507
3441;507
3442;507
3443;507
3444;507
3445;507
3446;507
3447;507
3448;507
3449;507
3450;507
3451;507
3452;507
3453;507
3454;151
3455;151
3456;151
3457;151
3458;151
3459;151
3460;151
3461;151
3462;151
3463;151
3464;151
3465;151
3466;151
3467;151
3468;151
3469;510
3470;510
3471;510
3472;510
3473;510
3474;510
3475;510
3476;510
3477;510
3478;510
3479;510
3480;510
3481;510
3482;510
3483;510
3484;508
3485;508
3486;508
3487;508
3488;508
3489;508
3490;508
3491;508
3492;508
3493;511
3494;511
3495;511
3496;511
3497;511
3498;511
3499;511
3500;511
3501;511
3502;509
3503;509
3504;509
3505;509
3506;509
3507;509
3508;509
3509;509
3510;509
3511;509
3512;509
3513;509
3514;509
3515;509
3516;509
3517;450
3518;450
3519;450
3520;450
3521;450
3522;450
3523;450
3524;450
3525;450
3526;447
3527;447
3528;447
3529;447
3530;447
3531;447
3532;447
3533;447
3534;447
3535;447
3536;447
3537;447
3538;447
3539;447
3540;447
3541;448
3542;448
3543;448
3544;448
3545;448
3546;448
3547;448
3548;448
3549;448
3550;448
3551;448
3552;448
3553;30
3554;30
3555;30
3556;30
3557;30
3558;30
3559;30
3560;30
3561;30
3562;30
3563;30
3564;30
3565;449
3566;449
3567;449
3568;449
3569;449
3570;449
3571;449
3572;449
3573;449
3574;449
3575;449
3576;449
3577;548
3578;548
3579;548
3580;548
3581;548
3582;548
3583;548
3584;548
3585;548
3586;548
3587;548
3588;548
3589;548
3590;548
3591;548
3592;29
3593;29
3594;29
3595;29
3596;29
3597;29
3598;29
3599;29
3600;29
3601;29
3602;29
3603;29
3604;29
3605;29
3606;29
3607;547
3608;547
3609;547
3610;547
3611;547
3612;547
3613;547
3614;547
3615;547
3616;547
3617;547
3618;547
3619;547
3620;547
3621;547
3622;546
3623;546
3624;546
3625;546
3626;546
3627;546
3628;546
3629;546
3630;546
3631;546
3632;546
3633;546
3634;546
3635;546
3636;546
3637;549
3638;549
3639;549
3640;549
3641;549
3642;549
3643;549
3644;549
3645;549
3646;549
3647;549
3648;549
3649;549
3650;549
3651;549
3652;258
3653;258
3654;258
3655;258
3656;258
3657;258
3658;258
3659;258
3660;258
3661;258
3662;258
3663;258
3664;258
3665;258
3666;258
3667;259
3668;259
3669;259
3670;259
3671;259
3672;259
3673;259
3674;259
3675;259
3676;259
3677;259
3678;259
3679;259
3680;259
3681;259
3682;260
3683;260
3684;260
3685;260
3686;260
3687;260
3688;260
3689;260
3690;260
3691;260
3692;260
3693;260
3694;260
3695;260
3696;260
3697;261
3698;261
3699;261
3700;261
3701;261
3702;261
3703;261
3704;261
3705;261
3706;261
3707;261
3708;261
3709;262
3710;262
3711;262
3712;262
3713;262
3714;262
3715;262
3716;262
3717;262
3718;262
3719;262
3720;262
3721;262
3722;262
3723;262
3724;263
3725;263
3726;263
3727;263
3728;263
3729;263
3730;263
3731;263
3732;263
3733;263
3734;263
3735;263
3736;263
3737;263
3738;263
3739;265
3740;265
3741;265
3742;265
3743;265
3744;265
3745;265
3746;265
3747;265
3748;264
3749;264
3750;264
3751;264
3752;264
3753;264
3754;264
3755;264
3756;264
3757;264
3758;264
3759;264
3760;264
3761;264
3762;264
3763;266
3764;266
3765;266
3766;266
3767;266
3768;266
3769;266
3770;266
3771;266
3772;739
3773;739
3774;739
3775;739
3776;739
3777;739
3778;739
3779;739
3780;739
3781;285
3782;285
3783;285
3784;285
3785;285
3786;285
3787;285
3788;285
3789;285
3790;285
3791;285
3792;285
3793;285
3794;285
3795;285
3796;738
3797;738
3798;738
3799;738
3800;738
3801;738
3802;738
3803;738
3804;738
3805;738
3806;738
3807;738
3808;738
3809;738
3810;738
3811;286
3812;286
3813;286
3814;286
3815;286
3816;286
3817;286
3818;286
3819;286
3820;286
3821;286
3822;286
3823;286
3824;286
3825;286
3826;288
3827;288
3828;288
3829;288
3830;288
3831;288
3832;288
3833;288
3834;288
3835;288
3836;288
3837;288
3838;288
3839;288
3840;288
3841;287
3842;287
3843;287
3844;287
3845;287
3846;287
3847;287
3848;287
3849;287
3850;287
3851;287
3852;287
3853;287
3854;287
3855;287
3856;289
3857;289
3858;289
3859;289
3860;289
3861;289
3862;289
3863;289
3864;289
3865;289
3866;289
3867;289
3868;289
3869;289
3870;289
3871;512
3872;512
3873;512
3874;512
3875;512
3876;512
3877;512
3878;512
3879;512
3880;512
3881;512
3882;512
3883;512
3884;512
3885;512
3886;290
3887;290
3888;290
3889;290
3890;290
3891;290
3892;290
3893;290
3894;290
3895;514
3896;514
3897;514
3898;513
3899;513
3900;513
3901;513
3902;513
3903;513
3904;513
3905;513
3906;513
3907;513
3908;513
3909;513
3910;515
3911;515
3912;515
3913;515
3914;515
3915;515
3916;515
3917;515
3918;515
3919;515
3920;515
3921;515
3922;515
3923;515
3924;515
3925;516
3926;516
3927;516
3928;516
3929;516
3930;516
3931;516
3932;516
3933;516
3934;501
3935;501
3936;501
3937;501
3938;501
3939;501
3940;501
3941;501
3942;501
3943;501
3944;501
3945;501
3946;501
3947;501
3948;501
3949;499
3950;499
3951;499
3952;499
3953;499
3954;499
3955;499
3956;499
3957;499
3958;500
3959;500
3960;500
3961;500
3962;500
3963;500
3964;500
3965;500
3966;500
3967;500
3968;500
3969;500
3970;500
3971;500
3972;500
3973;505
3974;505
3975;505
3976;505
3977;505
3978;505
3979;505
3980;505
3981;505
3982;505
3983;505
3984;505
3985;505
3986;505
3987;505
3988;502
3989;502
3990;502
3991;502
3992;502
3993;502
3994;502
3995;502
3996;502
3997;502
3998;502
3999;502
4000;502
4001;502
4002;502
4003;504
4004;504
4005;504
4006;504
4007;504
4008;504
4009;504
4010;504
4011;504
4012;504
4013;504
4014;504
4015;504
4016;504
4017;504
4018;365
4019;365
4020;365
4021;365
4022;365
4023;365
4024;365
4025;365
4026;365
4027;365
4028;365
4029;365
4030;365
4031;365
4032;365
4033;506
4034;506
4035;506
4036;506
4037;506
4038;506
4039;506
4040;506
4041;506
4042;506
4043;506
4044;506
4045;506
4046;506
4047;506
4048;364
4049;364
4050;364
4051;364
4052;364
4053;364
4054;364
4055;364
4056;364
4057;364
4058;364
4059;364
4060;364
4061;364
4062;364
4063;368
4064;368
4065;368
4066;368
4067;368
4068;368
4069;368
4070;368
4071;368
4072;366
4073;366
4074;366
4075;366
4076;366
4077;366
4078;366
4079;366
4080;366
4081;366
4082;366
4083;366
4084;366
4085;366
4086;366
4087;452
4088;452
4089;452
4090;452
4091;452
4092;452
4093;452
4094;452
4095;452
4096;452
4097;452
4098;452
4099;451
4100;451
4101;451
4102;451
4103;451
4104;451
4105;451
4106;451
4107;451
4108;451
4109;451
4110;451
4111;451
4112;451
4113;451
4114;454
4115;454
4116;454
4117;454
4118;454
4119;454
4120;454
4121;454
4122;454
4123;454
4124;454
4125;454
4126;453
4127;453
4128;453
4129;455
4130;455
4131;455
4132;455
4133;455
4134;455
4135;455
4136;455
4137;455
4138;455
4139;455
4140;455
4141;204
4142;204
4143;204
4144;204
4145;204
4146;204
4147;204
4148;204
4149;204
4150;204
4151;204
4152;204
4153;204
4154;204
4155;204
4156;203
4157;203
4158;203
4159;203
4160;203
4161;203
4162;203
4163;203
4164;203
4165;203
4166;203
4167;203
4168;203
4169;203
4170;203
4171;205
4172;205
4173;205
4174;205
4175;205
4176;205
4177;205
4178;205
4179;205
4180;205
4181;205
4182;205
4183;205
4184;205
4185;205
4186;367
4187;367
4188;367
4189;367
4190;367
4191;367
4192;367
4193;367
4194;367
4195;206
4196;206
4197;206
4198;206
4199;206
4200;206
4201;206
4202;206
4203;206
4204;206
4205;206
4206;206
4207;206
4208;206
4209;206
4210;207
4211;207
4212;207
4213;207
4214;207
4215;207
4216;207
4217;207
4218;207
4219;207
4220;207
4221;207
4222;207
4223;207
4224;207
4225;208
4226;208
4227;208
4228;208
4229;208
4230;208
4231;208
4232;208
4233;208
4234;539
4235;539
4236;539
4237;539
4238;539
4239;539
4240;539
4241;539
4242;539
4243;539
4244;539
4245;539
4246;539
4247;539
4248;539
4249;538
4250;538
4251;538
4252;538
4253;538
4254;538
4255;538
4256;538
4257;538
4258;538
4259;538
4260;538
4261;538
4262;538
4263;538
4264;380
4265;380
4266;380
4267;380
4268;380
4269;380
4270;380
4271;380
4272;380
4273;380
4274;380
4275;380
4276;380
4277;380
4278;380
4279;383
4280;383
4281;383
4282;383
4283;383
4284;383
4285;383
4286;383
4287;383
4288;381
4289;381
4290;381
4291;381
4292;381
4293;381
4294;381
4295;381
4296;381
4297;381
4298;381
4299;381
4300;381
4301;381
4302;381
4303;379
4304;379
4305;379
4306;379
4307;379
4308;379
4309;379
4310;379
4311;379
4312;379
4313;379
4314;379
4315;379
4316;379
4317;379
4318;16
4319;16
4320;16
4321;16
4322;16
4323;16
4324;16
4325;16
4326;16
4327;16
4328;16
4329;16
4330;16
4331;16
4332;16
4333;17
4334;17
4335;17
4336;17
4337;17
4338;17
4339;17
4340;17
4341;17
4342;17
4343;17
4344;17
4345;187
4346;187
4347;187
4348;187
4349;187
4350;187
4351;187
4352;187
4353;187
4354;187
4355;187
4356;187
4357;187
4358;187
4359;187
4360;188
4361;188
4362;188
4363;188
4364;188
4365;188
4366;188
4367;188
4368;188
4369;188
4370;188
4371;188
4372;188
4373;188
4374;188
4375;190
4376;190
4377;190
4378;190
4379;190
4380;190
4381;190
4382;190
4383;190
4384;190
4385;190
4386;190
4387;190
4388;190
4389;190
4390;189
4391;189
4392;189
4393;189
4394;189
4395;189
4396;189
4397;189
4398;189
4399;189
4400;189
4401;189
4402;189
4403;189
4404;189
4405;352
4406;352
4407;352
4408;352
4409;352
4410;352
4411;352
4412;352
4413;352
4414;352
4415;352
4416;352
4417;352
4418;352
4419;352
4420;191
4421;191
4422;191
4423;191
4424;191
4425;191
4426;191
4427;191
4428;191
4429;18
4430;18
4431;18
4432;18
4433;18
4434;18
4435;18
4436;18
4437;18
4438;18
4439;18
4440;18
4441;354
4442;354
4443;354
4444;354
4445;354
4446;354
4447;354
4448;354
4449;354
4450;354
4451;354
4452;354
4453;354
4454;354
4455;354
4456;353
4457;353
4458;353
4459;353
4460;353
4461;353
4462;353
4463;353
4464;353
4465;353
4466;353
4467;353
4468;353
4469;353
4470;353
4471;355
4472;355
4473;355
4474;355
4475;355
4476;355
4477;355
4478;355
4479;355
4480;574
4481;574
4482;574
4483;574
4484;574
4485;574
4486;574
4487;574
4488;574
4489;574
4490;574
4491;574
4492;574
4493;574
4494;574
4495;573
4496;573
4497;573
4498;573
4499;573
4500;573
4501;573
4502;573
4503;573
4504;573
4505;573
4506;573
4507;573
4508;573
4509;573
4510;357
4511;357
4512;357
4513;357
4514;357
4515;357
4516;357
4517;357
4518;357
4519;357
4520;357
4521;357
4522;357
4523;357
4524;357
4525;358
4526;358
4527;358
4528;358
4529;358
4530;358
4531;358
4532;358
4533;358
4534;358
4535;358
4536;358
4537;358
4538;358
4539;358
4540;356
4541;356
4542;356
4543;356
4544;356
4545;356
4546;356
4547;356
4548;356
4549;356
4550;356
4551;356
4552;356
4553;356
4554;356
4555;359
4556;359
4557;359
4558;359
4559;359
4560;359
4561;359
4562;359
4563;359
4564;359
4565;359
4566;359
4567;359
4568;359
4569;359
4570;361
4571;361
4572;361
4573;361
4574;361
4575;361
4576;361
4577;361
4578;361
4579;361
4580;361
4581;361
4582;361
4583;361
4584;361
4585;360
4586;360
4587;360
4588;360
4589;360
4590;360
4591;360
4592;360
4593;360
4594;360
4595;360
4596;360
4597;360
4598;360
4599;360
4600;362
4601;362
4602;362
4603;362
4604;362
4605;362
4606;362
4607;362
4608;362
4609;328
4610;328
4611;328
4612;328
4613;328
4614;328
4615;328
4616;328
4617;328
4618;328
4619;328
4620;328
4621;328
4622;328
4623;328
4624;363
4625;363
4626;363
4627;363
4628;363
4629;363
4630;363
4631;363
4632;363
4633;329
4634;329
4635;329
4636;329
4637;329
4638;329
4639;329
4640;329
4641;329
4642;329
4643;329
4644;329
4645;329
4646;329
4647;329
4648;326
4649;326
4650;326
4651;326
4652;326
4653;326
4654;326
4655;326
4656;326
4657;326
4658;326
4659;326
4660;326
4661;326
4662;326
4663;330
4664;330
4665;330
4666;330
4667;330
4668;330
4669;330
4670;330
4671;330
4672;327
4673;327
4674;327
4675;327
4676;327
4677;327
4678;327
4679;327
4680;327
4681;327
4682;327
4683;327
4684;327
4685;327
4686;327
4687;11
4688;11
4689;11
4690;11
4691;11
4692;11
4693;11
4694;11
4695;11
4696;11
4697;11
4698;11
4699;196
4700;196
4701;196
4702;196
4703;196
4704;196
4705;196
4706;196
4707;196
4708;196
4709;196
4710;196
4711;196
4712;196
4713;196
4714;15
4715;15
4716;15
4717;15
4718;15
4719;15
4720;15
4721;15
4722;15
4723;15
4724;15
4725;15
4726;197
4727;197
4728;197
4729;197
4730;197
4731;197
4732;197
4733;197
4734;197
4735;197
4736;197
4737;197
4738;197
4739;197
4740;197
4741;14
4742;14
4743;14
4744;14
4745;14
4746;14
4747;14
4748;14
4749;14
4750;14
4751;14
4752;14
4753;200
4754;200
4755;200
4756;200
4757;200
4758;200
4759;200
4760;200
4761;200
4762;200
4763;200
4764;200
4765;200
4766;200
4767;200
4768;195
4769;195
4770;195
4771;195
4772;195
4773;195
4774;195
4775;195
4776;195
4777;195
4778;195
4779;195
4780;195
4781;195
4782;195
4783;198
4784;198
4785;198
4786;198
4787;198
4788;198
4789;198
4790;198
4791;198
4792;198
4793;198
4794;198
4795;198
4796;198
4797;198
4798;201
4799;201
4800;201
4801;201
4802;201
4803;201
4804;201
4805;201
4806;201
4807;202
4808;202
4809;202
4810;202
4811;202
4812;202
4813;202
4814;202
4815;202
4816;199
4817;199
4818;199
4819;199
4820;199
4821;199
4822;199
4823;199
4824;199
4825;199
4826;199
4827;199
4828;199
4829;199
4830;199
4831;39
4832;39
4833;39
4834;39
4835;39
4836;39
4837;39
4838;39
4839;39
4840;39
4841;39
4842;39
4843;36
4844;36
4845;36
4846;36
4847;36
4848;36
4849;36
4850;36
4851;36
4852;36
4853;36
4854;36
4855;36
4856;36
4857;36
4858;37
4859;37
4860;37
4861;37
4862;37
4863;37
4864;37
4865;37
4866;37
4867;37
4868;37
4869;37
4870;523
4871;523
4872;523
4873;523
4874;523
4875;523
4876;523
4877;523
4878;523
4879;523
4880;523
4881;523
4882;523
4883;523
4884;523
4885;522
4886;522
4887;522
4888;522
4889;522
4890;522
4891;522
4892;522
4893;522
4894;526
4895;526
4896;526
4897;526
4898;526
4899;526
4900;526
4901;526
4902;526
4903;526
4904;526
4905;526
4906;526
4907;526
4908;526
4909;524
4910;524
4911;524
4912;524
4913;524
4914;524
4915;524
4916;524
4917;524
4918;524
4919;524
4920;524
4921;524
4922;524
4923;524
4924;253
4925;253
4926;253
4927;253
4928;253
4929;253
4930;253
4931;253
4932;253
4933;253
4934;253
4935;253
4936;253
4937;253
4938;253
4939;525
4940;525
4941;525
4942;525
4943;525
4944;525
4945;525
4946;525
4947;525
4948;525
4949;525
4950;525
4951;525
4952;525
4953;525
4954;252
4955;252
4956;252
4957;252
4958;252
4959;252
4960;252
4961;252
4962;252
4963;252
4964;252
4965;252
4966;252
4967;252
4968;252
4969;254
4970;254
4971;254
4972;254
4973;254
4974;254
4975;254
4976;254
4977;254
4978;254
4979;254
4980;254
4981;254
4982;254
4983;254
4984;256
4985;256
4986;256
4987;256
4988;256
4989;256
4990;256
4991;256
4992;256
4993;257
4994;257
4995;257
4996;257
4997;257
4998;257
4999;257
5000;257
5001;257
5002;728
5003;728
5004;728
5005;728
5006;728
5007;728
5008;728
5009;728
5010;728
5011;728
5012;728
5013;728
5014;728
5015;728
5016;728
5017;255
5018;255
5019;255
5020;255
5021;255
5022;255
5023;255
5024;255
5025;255
5026;255
5027;255
5028;255
5029;255
5030;255
5031;255
5032;730
5033;730
5034;730
5035;730
5036;730
5037;730
5038;730
5039;730
5040;730
5041;730
5042;730
5043;730
5044;730
5045;730
5046;730
5047;729
5048;729
5049;729
5050;729
5051;729
5052;729
5053;729
5054;729
5055;729
5056;729
5057;729
5058;729
5059;729
5060;729
5061;729
5062;733
5063;733
5064;733
5065;733
5066;733
5067;733
5068;733
5069;733
5070;733
5071;733
5072;733
5073;733
5074;733
5075;733
5076;733
5077;731
5078;731
5079;731
5080;731
5081;731
5082;731
5083;731
5084;731
5085;731
5086;731
5087;731
5088;731
5089;731
5090;731
5091;731
5092;734
5093;734
5094;734
5095;734
5096;734
5097;734
5098;734
5099;734
5100;734
5101;734
5102;734
5103;734
5104;734
5105;734
5106;734
5107;736
5108;736
5109;736
5110;736
5111;736
5112;736
5113;736
5114;736
5115;736
5116;732
5117;732
5118;732
5119;732
5120;732
5121;732
5122;732
5123;732
5124;732
5125;732
5126;732
5127;732
5128;732
5129;732
5130;732
5131;737
5132;737
5133;737
5134;737
5135;737
5136;737
5137;737
5138;737
5139;737
5140;735
5141;735
5142;735
5143;735
5144;735
5145;735
5146;735
5147;735
5148;735
5149;35
5150;35
5151;35
5152;35
5153;35
5154;35
5155;35
5156;35
5157;35
5158;557
5159;557
5160;557
5161;557
5162;557
5163;557
5164;557
5165;557
5166;557
5167;557
5168;557
5169;557
5170;557
5171;557
5172;557
5173;560
5174;560
5175;560
5176;560
5177;560
5178;560
5179;560
5180;560
5181;560
5182;560
5183;560
5184;560
5185;560
5186;560
5187;560
5188;563
5189;563
5190;563
5191;563
5192;563
5193;563
5194;563
5195;563
5196;563
5197;563
5198;563
5199;563
5200;563
5201;563
5202;563
5203;562
5204;562
5205;562
5206;562
5207;562
5208;562
5209;562
5210;562
5211;562
5212;562
5213;562
5214;562
5215;562
5216;562
5217;562
5218;561
5219;561
5220;561
5221;561
5222;561
5223;561
5224;561
5225;561
5226;561
5227;561
5228;561
5229;561
5230;561
5231;561
5232;561
5233;559
5234;559
5235;559
5236;559
5237;559
5238;559
5239;559
5240;559
5241;559
5242;559
5243;559
5244;559
5245;559
5246;559
5247;559
5248;392
5249;392
5250;392
5251;392
5252;392
5253;392
5254;392
5255;392
5256;392
5257;389
5258;389
5259;389
5260;389
5261;389
5262;389
5263;389
5264;389
5265;389
5266;389
5267;389
5268;389
5269;389
5270;389
5271;389
5272;390
5273;390
5274;390
5275;390
5276;390
5277;390
5278;390
5279;390
5280;390
5281;390
5282;390
5283;390
5284;390
5285;390
5286;390
5287;210
5288;210
5289;210
5290;210
5291;210
5292;210
5293;210
5294;210
5295;210
5296;210
5297;210
5298;210
5299;210
5300;210
5301;210
5302;212
5303;212
5304;212
5305;212
5306;212
5307;212
5308;212
5309;212
5310;212
5311;209
5312;209
5313;209
5314;209
5315;209
5316;209
5317;209
5318;209
5319;209
5320;209
5321;209
5322;209
5323;209
5324;209
5325;209
5326;211
5327;211
5328;211
5329;211
5330;211
5331;211
5332;211
5333;211
5334;211
5335;32
5336;32
5337;32
5338;32
5339;32
5340;32
5341;32
5342;32
5343;32
5344;32
5345;32
5346;32
5347;31
5348;31
5349;31
5350;31
5351;31
5352;31
5353;31
5354;31
5355;31
5356;31
5357;31
5358;31
5359;31
5360;31
5361;31
5362;23
5363;23
5364;23
5365;23
5366;23
5367;23
5368;23
5369;23
5370;23
5371;23
5372;23
5373;23
5374;23
5375;23
5376;23
5377;24
5378;24
5379;24
5380;24
5381;24
5382;24
5383;24
5384;24
5385;24
5386;24
5387;24
5388;24
5389;21
5390;21
5391;21
5392;21
5393;21
5394;21
5395;21
5396;21
5397;21
5398;21
5399;21
5400;21
5401;19
5402;19
5403;19
5404;19
5405;19
5406;19
5407;19
5408;19
5409;19
5410;19
5411;19
5412;19
5413;19
5414;19
5415;19
5416;20
5417;20
5418;20
5419;20
5420;20
5421;20
5422;20
5423;20
5424;20
5425;20
5426;20
5427;20
5428;20
5429;20
5430;20
5431;22
5432;22
5433;22
5434;22
5435;22
5436;22
5437;22
5438;22
5439;22
5440;22
5441;22
5442;22
5443;185
5444;185
5445;185
5446;185
5447;185
5448;185
5449;185
5450;185
5451;185
5452;185
5453;185
5454;185
5455;185
5456;185
5457;185
5458;183
5459;183
5460;183
5461;183
5462;183
5463;183
5464;183
5465;183
5466;183
5467;183
5468;183
5469;183
5470;183
5471;183
5472;183
5473;184
5474;184
5475;184
5476;184
5477;184
5478;184
5479;184
5480;184
5481;184
5482;184
5483;184
5484;184
5485;184
5486;184
5487;184
5488;186
5489;186
5490;186
5491;186
5492;186
5493;186
5494;186
5495;186
5496;186
5497;337
5498;337
5499;337
5500;337
5501;337
5502;337
5503;337
5504;337
5505;337
5506;337
5507;337
5508;337
5509;337
5510;337
5511;337
5512;336
5513;336
5514;336
5515;336
5516;336
5517;336
5518;336
5519;336
5520;336
5521;336
5522;336
5523;336
5524;336
5525;336
5526;336
5527;338
5528;338
5529;338
5530;338
5531;338
5532;338
5533;338
5534;338
5535;338
5536;338
5537;338
5538;338
5539;338
5540;338
5541;338
5542;409
5543;409
5544;409
5545;409
5546;409
5547;409
5548;409
5549;409
5550;409
5551;409
5552;409
5553;409
5554;409
5555;409
5556;409
5557;339
5558;339
5559;339
5560;339
5561;339
5562;339
5563;339
5564;339
5565;339
5566;410
5567;410
5568;410
5569;410
5570;410
5571;410
5572;410
5573;410
5574;410
5575;410
5576;410
5577;410
5578;410
5579;410
5580;410
5581;411
5582;411
5583;411
5584;411
5585;411
5586;411
5587;411
5588;411
5589;411
5590;411
5591;411
5592;411
5593;411
5594;411
5595;411
5596;413
5597;413
5598;413
5599;413
5600;413
5601;413
5602;413
5603;413
5604;413
5605;413
5606;413
5607;413
5608;413
5609;413
5610;413
5611;412
5612;412
5613;412
5614;412
5615;412
5616;412
5617;412
5618;412
5619;412
5620;412
5621;412
5622;412
5623;412
5624;412
5625;412
5626;415
5627;415
5628;415
5629;415
5630;415
5631;415
5632;415
5633;415
5634;415
5635;415
5636;415
5637;415
5638;415
5639;415
5640;415
5641;416
5642;416
5643;416
5644;416
5645;416
5646;416
5647;416
5648;416
5649;416
5650;414
5651;414
5652;414
5653;414
5654;414
5655;414
5656;414
5657;414
5658;414
5659;414
5660;414
5661;414
5662;414
5663;414
5664;414
5665;417
5666;417
5667;417
5668;417
5669;417
5670;417
5671;417
5672;417
5673;417
5674;418
5675;418
5676;418
5677;418
5678;418
5679;418
5680;418
5681;418
5682;418
5683;333
5684;333
5685;333
5686;333
5687;333
5688;333
5689;333
5690;333
5691;333
5692;333
5693;333
5694;333
5695;333
5696;333
5697;333
5698;332
5699;332
5700;332
5701;332
5702;332
5703;332
5704;332
5705;332
5706;332
5707;332
5708;332
5709;332
5710;332
5711;332
5712;332
5713;331
5714;331
5715;331
5716;331
5717;331
5718;331
5719;331
5720;331
5721;331
5722;331
5723;331
5724;331
5725;331
5726;331
5727;331
5728;33
5729;33
5730;33
5731;33
5732;33
5733;33
5734;33
5735;33
5736;33
5737;33
5738;33
5739;33
5740;33
5741;33
5742;33
5743;334
5744;334
5745;334
5746;334
5747;334
5748;334
5749;334
5750;334
5751;334
5752;335
5753;335
5754;335
5755;335
5756;335
5757;335
5758;335
5759;335
5760;335
5761;34
5762;34
5763;34
5764;34
5765;34
5766;34
5767;34
5768;34
5769;34
5770;34
5771;34
5772;34
5773;740
5774;740
5775;740
5776;740
5777;740
5778;740
5779;740
5780;740
5781;740
5782;740
5783;740
5784;740
5785;740
5786;740
5787;740
5788;741
5789;741
5790;741
5791;741
5792;741
5793;741
5794;741
5795;741
5796;741
5797;741
5798;741
5799;741
5800;741
5801;741
5802;741
5803;743
5804;743
5805;743
5806;743
5807;743
5808;743
5809;743
5810;743
5811;743
5812;743
5813;743
5814;743
5815;742
5816;742
5817;742
5818;742
5819;742
5820;742
5821;742
5822;742
5823;742
5824;742
5825;742
5826;742
5827;742
5828;742
5829;742
5830;320
5831;320
5832;320
5833;320
5834;320
5835;320
5836;320
5837;320
5838;320
5839;320
5840;320
5841;320
5842;320
5843;320
5844;320
5845;7
5846;7
5847;7
5848;7
5849;7
5850;7
5851;7
5852;7
5853;7
5854;7
5855;7
5856;7
5857;7
5858;7
5859;7
5860;324
5861;324
5862;324
5863;324
5864;324
5865;324
5866;324
5867;324
5868;324
5869;324
5870;324
5871;324
5872;324
5873;324
5874;324
5875;321
5876;321
5877;321
5878;321
5879;321
5880;321
5881;321
5882;321
5883;321
5884;321
5885;321
5886;321
5887;321
5888;321
5889;321
5890;325
5891;325
5892;325
5893;325
5894;325
5895;325
5896;325
5897;325
5898;325
5899;322
5900;322
5901;322
5902;322
5903;322
5904;322
5905;322
5906;322
5907;322
5908;322
5909;322
5910;322
5911;322
5912;322
5913;322
5914;8
5915;8
5916;8
5917;8
5918;8
5919;8
5920;8
5921;8
5922;8
5923;8
5924;8
5925;8
5926;323
5927;323
5928;323
5929;323
5930;323
5931;323
5932;323
5933;323
5934;323
5935;323
5936;323
5937;323
5938;323
5939;323
5940;323
5941;536
5942;536
5943;536
5944;536
5945;536
5946;536
5947;536
5948;536
5949;536
5950;536
5951;536
5952;536
5953;536
5954;536
5955;536
5956;537
5957;537
5958;537
5959;537
5960;537
5961;537
5962;537
5963;537
5964;537
5965;537
5966;537
5967;537
5968;537
5969;537
5970;537
5971;565
5972;565
5973;565
5974;565
5975;565
5976;565
5977;565
5978;565
5979;565
5980;565
5981;565
5982;565
5983;565
5984;565
5985;565
5986;564
5987;564
5988;564
5989;564
5990;564
5991;564
5992;564
5993;564
5994;564
5995;564
5996;564
5997;564
5998;564
5999;564
6000;564
6001;576
6002;576
6003;576
6004;576
6005;576
6006;576
6007;576
6008;576
6009;576
6010;576
6011;576
6012;576
6013;575
6014;575
6015;575
6016;575
6017;575
6018;575
6019;575
6020;575
6021;575
6022;575
6023;575
6024;575
6025;575
6026;575
6027;575
6028;577
6029;577
6030;577
6031;577
6032;577
6033;577
6034;577
6035;577
6036;577
6037;577
6038;577
6039;577
6040;578
6041;578
6042;578
6043;578
6044;578
6045;578
6046;578
6047;578
6048;578
6049;350
6050;350
6051;350
6052;350
6053;350
6054;350
6055;350
6056;350
6057;350
6058;350
6059;350
6060;350
6061;350
6062;350
6063;350
6064;349
6065;349
6066;349
6067;349
6068;349
6069;349
6070;349
6071;349
6072;349
6073;349
6074;349
6075;349
6076;349
6077;349
6078;349
6079;351
6080;351
6081;351
6082;351
6083;351
6084;351
6085;351
6086;351
6087;351
6088;303
6089;303
6090;303
6091;303
6092;303
6093;303
6094;303
6095;303
6096;303
6097;303
6098;303
6099;303
6100;303
6101;303
6102;303
6103;305
6104;305
6105;305
6106;305
6107;305
6108;305
6109;305
6110;305
6111;305
6112;305
6113;305
6114;305
6115;305
6116;305
6117;305
6118;307
6119;307
6120;307
6121;307
6122;307
6123;307
6124;307
6125;307
6126;307
6127;304
6128;304
6129;304
6130;304
6131;304
6132;304
6133;304
6134;304
6135;304
6136;304
6137;304
6138;304
6139;304
6140;304
6141;304
6142;446
6143;446
6144;446
6145;446
6146;446
6147;446
6148;446
6149;446
6150;446
6151;306
6152;306
6153;306
6154;306
6155;306
6156;306
6157;306
6158;306
6159;306
6160;306
6161;306
6162;306
6163;306
6164;306
6165;306
6166;444
6167;444
6168;444
6169;444
6170;444
6171;444
6172;444
6173;444
6174;444
6175;443
6176;443
6177;443
6178;443
6179;443
6180;443
6181;443
6182;443
6183;443
6184;443
6185;443
6186;443
6187;443
6188;443
6189;443
6190;445
6191;445
6192;445
6193;445
6194;445
6195;445
6196;445
6197;445
6198;445
6199;445
6200;445
6201;445
6202;216
6203;216
6204;216
6205;216
6206;216
6207;216
6208;216
6209;216
6210;216
6211;216
6212;216
6213;216
6214;216
6215;216
6216;216
6217;215
6218;215
6219;215
6220;215
6221;215
6222;215
6223;215
6224;215
6225;215
6226;215
6227;215
6228;215
6229;215
6230;215
6231;215
6232;218
6233;218
6234;218
6235;218
6236;218
6237;218
6238;218
6239;218
6240;218
6241;218
6242;218
6243;218
6244;218
6245;218
6246;218
6247;217
6248;217
6249;217
6250;217
6251;217
6252;217
6253;217
6254;217
6255;217
6256;217
6257;217
6258;217
6259;217
6260;217
6261;217
6262;220
6263;220
6264;220
6265;220
6266;220
6267;220
6268;220
6269;220
6270;220
6271;220
6272;220
6273;220
6274;220
6275;220
6276;220
6277;222
6278;222
6279;222
6280;222
6281;222
6282;222
6283;222
6284;222
6285;222
6286;222
6287;222
6288;222
6289;222
6290;222
6291;222
6292;219
6293;219
6294;219
6295;219
6296;219
6297;219
6298;219
6299;219
6300;219
6301;219
6302;219
6303;219
6304;219
6305;219
6306;219
6307;221
6308;221
6309;221
6310;221
6311;221
6312;221
6313;221
6314;221
6315;221
6316;221
6317;221
6318;221
6319;221
6320;221
6321;221
6322;223
6323;223
6324;223
6325;223
6326;223
6327;223
6328;223
6329;223
6330;223
