comune;provincia autonoma;popolazione;superficie;densità;altitudine;link;codice postale;istat;sito;comuni confinanti;lat;lon;lat_n;lon_n
ala;trento;8794;11995;73;180;https://it.wikipedia.org/wiki/Ala_(Italia);38061;22001;http://www.comune.ala.tn.it;https://it.wikipedia.org/wiki/Avio|https://it.wikipedia.org/wiki/Brentonico|https://it.wikipedia.org/wiki/Mori_(Italia)|https://it.wikipedia.org/wiki/Rovereto|https://it.wikipedia.org/wiki/Vallarsa;45°45′38.59″N;11°00′16.49″E;45.76071944444445;11.004580555555556
albiano;trento;1523;971;157;644;https://it.wikipedia.org/wiki/Albiano_(Trentino-Alto_Adige);38041;22002;http://www.comune.albiano.tn.it;https://it.wikipedia.org/wiki/Cembra_Lisignago|https://it.wikipedia.org/wiki/Civezzano|https://it.wikipedia.org/wiki/Fornace_(Italia)|https://it.wikipedia.org/wiki/Giovo|https://it.wikipedia.org/wiki/Lona-Lases|https://it.wikipedia.org/wiki/Trento;46°09′N;11°12′E;46.15;11.2
aldeno;trento;3274;900;364;209;https://it.wikipedia.org/wiki/Aldeno;38060;22003;http://www.comune.aldeno.tn.it/;https://it.wikipedia.org/wiki/Besenello|https://it.wikipedia.org/wiki/Cimone_(comune)|https://it.wikipedia.org/wiki/Garniga_Terme|https://it.wikipedia.org/wiki/Nomi_(Italia)|https://it.wikipedia.org/wiki/Pomarolo|https://it.wikipedia.org/wiki/Trento;45°58′25.77″N;11°05′37.36″E;45.973825000000005;11.093711111111112
altavalle;trento;1632;3368;48;673;https://it.wikipedia.org/wiki/Altavalle;38092;22235;http://www.comune.altavalle.tn.it/;https://it.wikipedia.org/wiki/Capriana|https://it.wikipedia.org/wiki/Cembra_Lisignago|https://it.wikipedia.org/wiki/Segonzano|https://it.wikipedia.org/wiki/Sover;46°11′N;11°14′E;46.18333333333333;11.233333333333333
altopiano della vigolana;trento;5116;4465;115;725;https://it.wikipedia.org/wiki/Altopiano_della_Vigolana;38049;22236;https://www.comune.vigolana.tn.it/;https://it.wikipedia.org/wiki/Besenello|https://it.wikipedia.org/wiki/Calceranica_al_Lago|https://it.wikipedia.org/wiki/Caldonazzo|https://it.wikipedia.org/wiki/Folgaria|https://it.wikipedia.org/wiki/Pergine_Valsugana|https://it.wikipedia.org/wiki/Trento;46°00′N;11°12′E;46.0;11.2
amblar-don;trento;552;2011;27;971;https://it.wikipedia.org/wiki/Amblar-Don;38011;22237;http://www.comune.amblardon.tn.it/;https://it.wikipedia.org/wiki/Cavareno|https://it.wikipedia.org/wiki/Predaia|https://it.wikipedia.org/wiki/Romeno_(Italia)|https://it.wikipedia.org/wiki/Sfruz;46°24′N;11°09′E;46.4;11.15
andalo;trento;1143;1141;100;1042;https://it.wikipedia.org/wiki/Andalo;38010;22005;https://www.comune.andalo.tn.it/;https://it.wikipedia.org/wiki/Cavedago|https://it.wikipedia.org/wiki/Fai_della_Paganella|https://it.wikipedia.org/wiki/Molveno|https://it.wikipedia.org/wiki/San_Lorenzo_Dorsino|https://it.wikipedia.org/wiki/Terre_d%27Adige|https://it.wikipedia.org/wiki/Vallelaghi;46°10′00″N;11°00′16″E;46.166666666666664;11.004444444444445
arco;trento;17763;6332;281;91;https://it.wikipedia.org/wiki/Arco_(Italia);38062;22006;http://www.comune.arco.tn.it/;https://it.wikipedia.org/wiki/Comano_Terme|https://it.wikipedia.org/wiki/Drena|https://it.wikipedia.org/wiki/Dro|https://it.wikipedia.org/wiki/Mori_(Italia)|https://it.wikipedia.org/wiki/Nago-Torbole|https://it.wikipedia.org/wiki/Riva_del_Garda|https://it.wikipedia.org/wiki/Ronzo-Chienis|https://it.wikipedia.org/wiki/Tenno|https://it.wikipedia.org/wiki/Villa_Lagarina;45°55′09.2″N;10°53′10.2″E;45.91922222222222;10.886166666666666
avio;trento;4134;6906;60;131;https://it.wikipedia.org/wiki/Avio;38063;22007;http://www.comune.avio.tn.it/;https://it.wikipedia.org/wiki/Ala_(Italia)|https://it.wikipedia.org/wiki/Brentonico;45°44′02.26″N;10°56′21.77″E;45.733961111111114;10.939380555555555
baselga di piné;trento;5209;4132;126;964;https://it.wikipedia.org/wiki/Baselga_di_Pin%C3%A9;38042;22009;http://www.comune.baselgadipine.tn.it/;https://it.wikipedia.org/wiki/Bedollo|https://it.wikipedia.org/wiki/Fornace_(Italia)|https://it.wikipedia.org/wiki/Lona-Lases|https://it.wikipedia.org/wiki/Pal%C3%B9_del_Fersina|https://it.wikipedia.org/wiki/Pergine_Valsugana|https://it.wikipedia.org/wiki/Sant%27Orsola_Terme|https://it.wikipedia.org/wiki/Segonzano|https://it.wikipedia.org/wiki/Telve|https://it.wikipedia.org/wiki/Valfloriana;46°07′47.15″N;11°14′40.68″E;46.12976388888889;11.244633333333333
bedollo;trento;1491;2727;55;1059;https://it.wikipedia.org/wiki/Bedollo;38043;22011;http://www.comunebedollo.it;https://it.wikipedia.org/wiki/Baselga_di_Pin%C3%A9|https://it.wikipedia.org/wiki/Lona-Lases|https://it.wikipedia.org/wiki/Pal%C3%B9_del_Fersina|https://it.wikipedia.org/wiki/Sant%27Orsola_Terme|https://it.wikipedia.org/wiki/Segonzano|https://it.wikipedia.org/wiki/Sover;46°10′N;11°18′E;46.166666666666664;11.3
besenello;trento;2800;2576;109;218;https://it.wikipedia.org/wiki/Besenello;38060;22013;http://www.comune.besenello.tn.it;https://it.wikipedia.org/wiki/Aldeno|https://it.wikipedia.org/wiki/Altopiano_della_Vigolana|https://it.wikipedia.org/wiki/Calliano_(Trentino-Alto_Adige)|https://it.wikipedia.org/wiki/Folgaria|https://it.wikipedia.org/wiki/Nomi_(Italia)|https://it.wikipedia.org/wiki/Trento;45°56′31″N;11°06′31″E;45.94194444444444;11.108611111111111
bieno;trento;465;1171;40;815;https://it.wikipedia.org/wiki/Bieno;38050;22015;http://www.comune.bieno.tn.it;https://it.wikipedia.org/wiki/Pieve_Tesino|https://it.wikipedia.org/wiki/Scurelle;46°04′49.48″N;11°33′14.26″E;46.08041111111111;11.553961111111112
bleggio superiore;trento;1509;3322;45;628;https://it.wikipedia.org/wiki/Bleggio_Superiore;38071;22017;http://www.comune.bleggiosuperiore.tn.it;https://it.wikipedia.org/wiki/Borgo_Lares|https://it.wikipedia.org/wiki/Comano_Terme|https://it.wikipedia.org/wiki/Fiav%C3%A9|https://it.wikipedia.org/wiki/Ledro|https://it.wikipedia.org/wiki/Tione_di_Trento;46°01′21.25″N;10°49′25.25″E;46.02256944444444;10.823680555555555
bocenago;trento;398;845;47;750;https://it.wikipedia.org/wiki/Bocenago;38080;22018;http://www.comune.bocenago.tn.it/;https://it.wikipedia.org/wiki/Comano_Terme|https://it.wikipedia.org/wiki/Caderzone_Terme|https://it.wikipedia.org/wiki/Massimeno|https://it.wikipedia.org/wiki/Spiazzo|https://it.wikipedia.org/wiki/Stenico|https://it.wikipedia.org/wiki/Strembo|https://it.wikipedia.org/wiki/Tre_Ville;46°07′06.51″N;10°46′18.7″E;46.118475000000004;10.771861111111113
bondone;trento;644;1929;33;720;https://it.wikipedia.org/wiki/Bondone;38080;22021;http://www.comune.bondone.tn.it;https://it.wikipedia.org/wiki/Storo|https://it.wikipedia.org/wiki/Ledro;45°48′23.36″N;10°33′00.97″E;45.806488888888886;10.550269444444446
borgo chiese;trento;1934;5386;36;444;https://it.wikipedia.org/wiki/Borgo_Chiese;38083;22238;http://www.comune.borgochiese.tn.it/;https://it.wikipedia.org/wiki/Castel_Condino|https://it.wikipedia.org/wiki/Ledro|https://it.wikipedia.org/wiki/Pieve_di_Bono-Prezzo|https://it.wikipedia.org/wiki/Storo|https://it.wikipedia.org/wiki/Valdaone;45°53′26.16″N;10°36′04.68″E;45.8906;10.6013
borgo d'anaunia;trento;2553;6374;40;987;https://it.wikipedia.org/wiki/Borgo_d%27Anaunia;38013;22252;https://www.comune.borgodanaunia.tn.it/;https://it.wikipedia.org/wiki/Novella_(Italia)|https://it.wikipedia.org/wiki/Ronzone|https://it.wikipedia.org/wiki/Sarnonico;46°26′19.87″N;11°08′14.39″E;46.438852777777775;11.137330555555556
borgo lares;trento;728;2196;33;595;https://it.wikipedia.org/wiki/Borgo_Lares;38079;22239;http://www.comune.borgolares.tn.it/;https://it.wikipedia.org/wiki/Bleggio_Superiore|https://it.wikipedia.org/wiki/Ledro|https://it.wikipedia.org/wiki/Sella_Giudicarie|https://it.wikipedia.org/wiki/Tione_di_Trento|https://it.wikipedia.org/wiki/Tre_Ville;46°02′07″N;10°45′08″E;46.03527777777778;10.752222222222223
borgo valsugana;trento;7081;5230;135;380;https://it.wikipedia.org/wiki/Borgo_Valsugana;38051;22022;https://www.comune.borgo-valsugana.tn.it/;https://it.wikipedia.org/wiki/Castelnuovo_(Trentino-Alto_Adige)|https://it.wikipedia.org/wiki/Levico_Terme|https://it.wikipedia.org/wiki/Novaledo|https://it.wikipedia.org/wiki/Roncegno_Terme|https://it.wikipedia.org/wiki/Ronchi_Valsugana|https://it.wikipedia.org/wiki/Telve|https://it.wikipedia.org/wiki/Telve_di_Sopra|https://it.wikipedia.org/wiki/Torcegno;46°03′N;11°27′E;46.05;11.45
brentonico;trento;4124;6321;65;692;https://it.wikipedia.org/wiki/Brentonico;38060;22025;http://www.comune.brentonico.tn.it;https://it.wikipedia.org/wiki/Ala_(Italia)|https://it.wikipedia.org/wiki/Avio|https://it.wikipedia.org/wiki/Mori_(Italia)|https://it.wikipedia.org/wiki/Nago-Torbole;45°49′N;10°57′E;45.81666666666667;10.95
bresimo;trento;244;4077;598;1036;https://it.wikipedia.org/wiki/Bresimo;38020;22026;http://www.comune.bresimo.tn.it;https://it.wikipedia.org/wiki/Caldes|https://it.wikipedia.org/wiki/Cis_(Italia)|https://it.wikipedia.org/wiki/Livo_(Trentino-Alto_Adige)|https://it.wikipedia.org/wiki/Mal%C3%A9_(Italia)|https://it.wikipedia.org/wiki/Rabbi_(comune)|https://it.wikipedia.org/wiki/Rumo;46°24′42.53″N;10°58′15.24″E;46.41181388888889;10.9709
caderzone terme;trento;696;1866;37;723;https://it.wikipedia.org/wiki/Caderzone_Terme;38080;22029;https://www.comune.caderzoneterme.tn.it/;https://it.wikipedia.org/wiki/Bocenago|https://it.wikipedia.org/wiki/Carisolo|https://it.wikipedia.org/wiki/Giustino_(Italia)|https://it.wikipedia.org/wiki/Massimeno|https://it.wikipedia.org/wiki/Pinzolo|https://it.wikipedia.org/wiki/Spiazzo|https://it.wikipedia.org/wiki/Strembo;46°08′N;10°45′E;46.13333333333333;10.75
calceranica al lago;trento;1395;386;361;465;https://it.wikipedia.org/wiki/Calceranica_al_Lago;38050;22032;https://www.comune.calceranica.tn.it/;https://it.wikipedia.org/wiki/Caldonazzo|https://it.wikipedia.org/wiki/Pergine_Valsugana|https://it.wikipedia.org/wiki/Altopiano_della_Vigolana;46°00′13″N;11°14′33″E;46.00361111111111;11.2425
caldes;trento;1106;2076;53;697;https://it.wikipedia.org/wiki/Caldes;38022;22033;http://www.comune.caldes.tn.it;https://it.wikipedia.org/wiki/Bresimo|https://it.wikipedia.org/wiki/Cavizzana|https://it.wikipedia.org/wiki/Cis_(Italia)|https://it.wikipedia.org/wiki/Cles|https://it.wikipedia.org/wiki/Mal%C3%A9_(Italia)|https://it.wikipedia.org/wiki/Terzolas;46°22′N;10°57′E;46.36666666666667;10.95
caldonazzo;trento;3962;2131;186;480;https://it.wikipedia.org/wiki/Caldonazzo;38052;22034;http://www.comune.caldonazzo.tn.it/;https://it.wikipedia.org/wiki/Altopiano_della_Vigolana|https://it.wikipedia.org/wiki/Calceranica_al_Lago|https://it.wikipedia.org/wiki/Folgaria|https://it.wikipedia.org/wiki/Lavarone|https://it.wikipedia.org/wiki/Levico_Terme|https://it.wikipedia.org/wiki/Luserna|https://it.wikipedia.org/wiki/Pergine_Valsugana|https://it.wikipedia.org/wiki/Tenna_(comune);46°00′N;11°16′E;46.0;11.266666666666667
calliano;trento;2038;1064;192;187;https://it.wikipedia.org/wiki/Calliano_(Trentino-Alto_Adige);CAP 38060;22035;http://www.comune.calliano.tn.it;https://it.wikipedia.org/wiki/Besenello|https://it.wikipedia.org/wiki/Folgaria|https://it.wikipedia.org/wiki/Nomi_(Italia)|https://it.wikipedia.org/wiki/Rovereto|https://it.wikipedia.org/wiki/Volano_(Italia);45°56′20.77″N;11°06′55.45″E;45.93910277777778;11.115402777777778
campitello di fassa;trento;700;2502;28;1448;https://it.wikipedia.org/wiki/Campitello_di_Fassa;38031;22036;http://www.comune.campitellodifassa.tn.it;https://it.wikipedia.org/wiki/Canazei|https://it.wikipedia.org/wiki/Mazzin;46°28′34.2″N;11°44′29.49″E;46.47616666666667;11.741525
campodenno;trento;1509;2422;62;534;https://it.wikipedia.org/wiki/Campodenno;38010;22037;http://www.comunecampodenno.it;https://it.wikipedia.org/wiki/Denno|https://it.wikipedia.org/wiki/Spormaggiore|https://it.wikipedia.org/wiki/Sporminore|https://it.wikipedia.org/wiki/Ton|https://it.wikipedia.org/wiki/Ville_d%27Anaunia|https://it.wikipedia.org/wiki/Cont%C3%A0;46°15′N;11°02′E;46.25;11.033333333333333
canal san bovo;trento;1462;12513;12;757;https://it.wikipedia.org/wiki/Canal_San_Bovo;38050;22038;https://www.comune.canalsanbovo.tn.it/;https://it.wikipedia.org/wiki/Castello_Tesino|https://it.wikipedia.org/wiki/Cinte_Tesino|https://it.wikipedia.org/wiki/Imer|https://it.wikipedia.org/wiki/Mezzano_(comune)|https://it.wikipedia.org/wiki/Pieve_Tesino|https://it.wikipedia.org/wiki/Predazzo|https://it.wikipedia.org/wiki/Primiero_San_Martino_di_Castrozza|https://it.wikipedia.org/wiki/Ziano_di_Fiemme;46°09′23″N;11°44′01″E;46.156388888888884;11.73361111111111
canazei;trento;1832;6705;27;1465;https://it.wikipedia.org/wiki/Canazei;38032;22039;https://www.comune.canazei.tn.it/;https://it.wikipedia.org/wiki/Campitello_di_Fassa|https://it.wikipedia.org/wiki/Mazzin|https://it.wikipedia.org/wiki/San_Giovanni_di_Fassa;46°28′36.77″N;11°46′15.87″E;46.47688055555556;11.771075000000002
capriana;trento;595;1285;46;1007;https://it.wikipedia.org/wiki/Capriana;38030;22040;http://www.comunecapriana.com/;https://it.wikipedia.org/wiki/Altavalle|https://it.wikipedia.org/wiki/Castello-Molina_di_Fiemme|https://it.wikipedia.org/wiki/Sover|https://it.wikipedia.org/wiki/Valfloriana;46°16′N;11°20′E;46.266666666666666;11.333333333333334
carisolo;trento;921;2549;36;808;https://it.wikipedia.org/wiki/Carisolo;38080;22042;https://www.comune.carisolo.tn.it/;https://it.wikipedia.org/wiki/Caderzone_Terme|https://it.wikipedia.org/wiki/Giustino_(Italia)|https://it.wikipedia.org/wiki/Ossana|https://it.wikipedia.org/wiki/Pinzolo|https://it.wikipedia.org/wiki/Vermiglio_(Italia);46°10′08.76″N;10°45′49.57″E;46.1691;10.763769444444444
carzano;trento;510;175;291;433;https://it.wikipedia.org/wiki/Carzano;38050;22043;http://www.comune.carzano.tn.it;https://it.wikipedia.org/wiki/Castelnuovo_(Trentino-Alto_Adige)|https://it.wikipedia.org/wiki/Scurelle|https://it.wikipedia.org/wiki/Telve;46°04′15.28″N;11°29′37.64″E;46.070911111111116;11.493788888888888
castel condino;trento;225;1092;21;811;https://it.wikipedia.org/wiki/Castel_Condino;38082;22045;http://www.comune.castelcondino.tn.it;https://it.wikipedia.org/wiki/Borgo_Chiese|https://it.wikipedia.org/wiki/Pieve_di_Bono-Prezzo|https://it.wikipedia.org/wiki/Valdaone;45°55′N;10°36′E;45.916666666666664;10.6
castel ivano;trento;3268;3511;93;506;https://it.wikipedia.org/wiki/Castel_Ivano_(comune);38059;22240;https://www.comune.castel-ivano.tn.it/;https://it.wikipedia.org/wiki/Bieno|https://it.wikipedia.org/wiki/Castelnuovo_(Trentino-Alto_Adige)|https://it.wikipedia.org/wiki/Ospedaletto|https://it.wikipedia.org/wiki/Pieve_Tesino|https://it.wikipedia.org/wiki/Samone_(Trentino-Alto_Adige)|https://it.wikipedia.org/wiki/Scurelle;46°03′58.9″N;11°31′24.85″E;46.06636111111111;11.523569444444446
castello tesino;trento;1158;11227;10;871;https://it.wikipedia.org/wiki/Castello_Tesino;38053;22048;https://www.comune.castello-tesino.tn.it/;https://it.wikipedia.org/wiki/Canal_San_Bovo|https://it.wikipedia.org/wiki/Cinte_Tesino|https://it.wikipedia.org/wiki/Grigno|https://it.wikipedia.org/wiki/Pieve_Tesino|https://it.wikipedia.org/wiki/Scurelle;46°03′48.35″N;11°37′59.92″E;46.063430555555556;11.633311111111112
castello-molina di fiemme;trento;2319;5481;42;1005;https://it.wikipedia.org/wiki/Castello-Molina_di_Fiemme;38030;22047;https://www.comune.castellomolina.tn.it/;https://it.wikipedia.org/wiki/Capriana|https://it.wikipedia.org/wiki/Cavalese|https://it.wikipedia.org/wiki/Pieve_Tesino|https://it.wikipedia.org/wiki/Telve|https://it.wikipedia.org/wiki/Valfloriana|https://it.wikipedia.org/wiki/Ville_di_Fiemme;46°16′19.49″N;11°25′01.92″E;46.272080555555554;11.4172
castelnuovo;trento;1086;1334;81;348;https://it.wikipedia.org/wiki/Castelnuovo_(Trentino-Alto_Adige);38050;22049;http://www.comune.castelnuovo.tn.it;https://it.wikipedia.org/wiki/Borgo_Valsugana|https://it.wikipedia.org/wiki/Carzano|https://it.wikipedia.org/wiki/Scurelle|https://it.wikipedia.org/wiki/Telve;46°03′06.91″N;11°29′39.16″E;46.051919444444444;11.49421111111111
cavalese;trento;3987;4517;88;1000;https://it.wikipedia.org/wiki/Cavalese;38033;22050;http://www.comunecavalese.it;https://it.wikipedia.org/wiki/Castello-Molina_di_Fiemme|https://it.wikipedia.org/wiki/Pieve_Tesino|https://it.wikipedia.org/wiki/Tesero|https://it.wikipedia.org/wiki/Ville_di_Fiemme;46°17′28″N;11°27′38″E;46.29111111111111;11.460555555555555
cavareno;trento;1123;929;121;973;https://it.wikipedia.org/wiki/Cavareno;38011;22051;https://www.comune.cavareno.tn.it/;https://it.wikipedia.org/wiki/Amblar-Don|https://it.wikipedia.org/wiki/Romeno_(Italia)|https://it.wikipedia.org/wiki/Ruffr%C3%A9-Mendola|https://it.wikipedia.org/wiki/Sarnonico;46°24′30.28″N;11°08′17.06″E;46.40841111111111;11.138072222222222
cavedago;trento;576;1002;57;864;https://it.wikipedia.org/wiki/Cavedago;38010;22052;https://www.comune.cavedago.tn.it/;https://it.wikipedia.org/wiki/Andalo|https://it.wikipedia.org/wiki/Fai_della_Paganella|https://it.wikipedia.org/wiki/Molveno|https://it.wikipedia.org/wiki/Spormaggiore;46°11′N;11°02′E;46.18333333333333;11.033333333333333
cavedine;trento;3073;3789;81;504;https://it.wikipedia.org/wiki/Cavedine;38073;22053;http://www.comune.cavedine.tn.it;https://it.wikipedia.org/wiki/Cimone_(comune)|https://it.wikipedia.org/wiki/Drena|https://it.wikipedia.org/wiki/Dro|https://it.wikipedia.org/wiki/Madruzzo_(Italia)|https://it.wikipedia.org/wiki/Trento|https://it.wikipedia.org/wiki/Villa_Lagarina;46°00′N;10°58′E;46.0;10.966666666666667
cavizzana;trento;234;338;69;710;https://it.wikipedia.org/wiki/Cavizzana;38022;22054;http://www.comune-cavizzana.it;https://it.wikipedia.org/wiki/Caldes|https://it.wikipedia.org/wiki/Cles;46°22′03″N;10°57′28.52″E;46.3675;10.957922222222221
cembra lisignago;trento;2346;2391;98;667;https://it.wikipedia.org/wiki/Cembra_Lisignago;38034;22241;http://www.comune.cembralisignago.tn.it/;https://it.wikipedia.org/wiki/Altavalle|https://it.wikipedia.org/wiki/Giovo|https://it.wikipedia.org/wiki/Lona-Lases|https://it.wikipedia.org/wiki/Segonzano;46°11′N;11°13′E;46.18333333333333;11.216666666666667
cimone;trento;729;995;73;530;https://it.wikipedia.org/wiki/Cimone_(comune);38060;22058;http://www.comune.cimone.tn.it;https://it.wikipedia.org/wiki/Aldeno|https://it.wikipedia.org/wiki/Cavedine|https://it.wikipedia.org/wiki/Garniga_Terme|https://it.wikipedia.org/wiki/Pomarolo|https://it.wikipedia.org/wiki/Trento|https://it.wikipedia.org/wiki/Villa_Lagarina;45°58′44.47″N;11°04′11.64″E;45.97901944444445;11.0699
cinte tesino;trento;357;3087;12;851;https://it.wikipedia.org/wiki/Cinte_Tesino;38050;22059;https://www.comune.cintetesino.tn.it/;https://it.wikipedia.org/wiki/Canal_San_Bovo|https://it.wikipedia.org/wiki/Castello_Tesino|https://it.wikipedia.org/wiki/Grigno|https://it.wikipedia.org/wiki/Ospedaletto|https://it.wikipedia.org/wiki/Pieve_Tesino|https://it.wikipedia.org/wiki/Scurelle;46°03′22″N;11°36′55.69″E;46.05611111111111;11.615469444444445
cis;trento;292;552;53;732;https://it.wikipedia.org/wiki/Cis_(Italia);38020;22060;http://www.comune.cis.tn.it;https://it.wikipedia.org/wiki/Bresimo|https://it.wikipedia.org/wiki/Caldes|https://it.wikipedia.org/wiki/Cles|https://it.wikipedia.org/wiki/Livo_(Trentino-Alto_Adige);46°23′58.89″N;11°00′05.71″E;46.39969166666667;11.001586111111111
civezzano;trento;4211;1556;271;469;https://it.wikipedia.org/wiki/Civezzano;38045;22061;http://www.comunecivezzano.it;https://it.wikipedia.org/wiki/Fornace_(Italia)|https://it.wikipedia.org/wiki/Pergine_Valsugana|https://it.wikipedia.org/wiki/Trento;46°06′00.53″N;11°10′53.89″E;46.100147222222226;11.18163611111111
cles;trento;7309;3962;184;658;https://it.wikipedia.org/wiki/Cles;38023;22062;https://www.comune.cles.tn.it/;https://it.wikipedia.org/wiki/Novella_(Italia)|https://it.wikipedia.org/wiki/Caldes|https://it.wikipedia.org/wiki/Cavizzana|https://it.wikipedia.org/wiki/Cis_(Italia)|https://it.wikipedia.org/wiki/Croviana|https://it.wikipedia.org/wiki/Dimaro_Folgarida|https://it.wikipedia.org/wiki/Livo_(Trentino-Alto_Adige)|https://it.wikipedia.org/wiki/Mal%C3%A9_(Italia)|https://it.wikipedia.org/wiki/Sanzeno|https://it.wikipedia.org/wiki/Terzolas|https://it.wikipedia.org/wiki/Ville_d%27Anaunia;46°22′N;11°02′E;46.36666666666667;11.033333333333333
comano terme;trento;2948;6803;43;400;https://it.wikipedia.org/wiki/Comano_Terme;38077;22228;http://www.comune.comanoterme.tn.it/;https://it.wikipedia.org/wiki/Arco_(Italia)|https://it.wikipedia.org/wiki/Bleggio_Superiore|https://it.wikipedia.org/wiki/Bocenago|https://it.wikipedia.org/wiki/Dro|https://it.wikipedia.org/wiki/Fiav%C3%A9|https://it.wikipedia.org/wiki/Giustino_(Italia)|https://it.wikipedia.org/wiki/Madruzzo_(Italia)|https://it.wikipedia.org/wiki/Massimeno|https://it.wikipedia.org/wiki/San_Lorenzo_Dorsino|https://it.wikipedia.org/wiki/Stenico|https://it.wikipedia.org/wiki/Tenno|https://it.wikipedia.org/wiki/Tione_di_Trento|https://it.wikipedia.org/wiki/Tre_Ville;46°01′00″N;10°52′00″E;46.016666666666666;10.866666666666667
commezzadura;trento;1014;2186;46;850;https://it.wikipedia.org/wiki/Commezzadura;38020;22064;http://www.comune.commezzadura.tn.it;https://it.wikipedia.org/wiki/Dimaro_Folgarida|https://it.wikipedia.org/wiki/Mal%C3%A9_(Italia)|https://it.wikipedia.org/wiki/Mezzana|https://it.wikipedia.org/wiki/Pinzolo|https://it.wikipedia.org/wiki/Rabbi_(comune);46°19′N;10°50′E;46.31666666666667;10.833333333333334
contà;trento;1409;1977;71;593;https://it.wikipedia.org/wiki/Cont%C3%A0;38093;22242;http://www.comune.conta.tn.it/;https://it.wikipedia.org/wiki/Denno|https://it.wikipedia.org/wiki/Ville_d%27Anaunia;46°17′53.3″N;11°01′36.16″E;46.298138888888886;11.026711111111112
croviana;trento;688;506;136;721;https://it.wikipedia.org/wiki/Croviana;38027;22068;http://www.comune.croviana.tn.it/;https://it.wikipedia.org/wiki/Cles|https://it.wikipedia.org/wiki/Mal%C3%A9_(Italia)|https://it.wikipedia.org/wiki/Dimaro_Folgarida;46°20′40.98″N;10°54′15.97″E;46.34471666666667;10.904436111111112
dambel;trento;405;507;80;751;https://it.wikipedia.org/wiki/Dambel;38010;22071;https://www.comune.dambel.tn.it/;https://it.wikipedia.org/wiki/Novella_(Italia)|https://it.wikipedia.org/wiki/Romeno_(Italia)|https://it.wikipedia.org/wiki/Sanzeno|https://it.wikipedia.org/wiki/Sarnonico;46°24′N;11°06′E;46.4;11.1
denno;trento;1255;1091;115;429;https://it.wikipedia.org/wiki/Denno;38010;22074;http://www.comune.denno.tn.it;https://it.wikipedia.org/wiki/Campodenno|https://it.wikipedia.org/wiki/Cont%C3%A0|https://it.wikipedia.org/wiki/Predaia|https://it.wikipedia.org/wiki/Ton|https://it.wikipedia.org/wiki/Ville_d%27Anaunia;46°17′N;11°03′E;46.28333333333333;11.05
dimaro folgarida;trento;2092;3636;58;766;https://it.wikipedia.org/wiki/Dimaro_Folgarida;38025;22233;https://www.comune.dimarofolgarida.tn.it/;https://it.wikipedia.org/wiki/Cles|https://it.wikipedia.org/wiki/Commezzadura|https://it.wikipedia.org/wiki/Croviana|https://it.wikipedia.org/wiki/Mal%C3%A9_(Italia)|https://it.wikipedia.org/wiki/Pinzolo|https://it.wikipedia.org/wiki/Ville_d%27Anaunia;46°19′33.38″N;10°52′27.76″E;46.32593888888889;10.874377777777779
drena;trento;598;800;75;398;https://it.wikipedia.org/wiki/Drena;38074;22078;http://www.comune.drena.tn.it;https://it.wikipedia.org/wiki/Arco_(Italia)|https://it.wikipedia.org/wiki/Cavedine|https://it.wikipedia.org/wiki/Dro|https://it.wikipedia.org/wiki/Villa_Lagarina;45°58′N;10°57′E;45.96666666666667;10.95
dro;trento;5061;2801;181;123;https://it.wikipedia.org/wiki/Dro;38074;22079;http://www.comunedro.it;https://it.wikipedia.org/wiki/Arco_(Italia)|https://it.wikipedia.org/wiki/Cavedine|https://it.wikipedia.org/wiki/Drena|https://it.wikipedia.org/wiki/Madruzzo_(Italia)|https://it.wikipedia.org/wiki/Comano_Terme;45°58′N;10°55′E;45.96666666666667;10.916666666666666
fai della paganella;trento;933;1234;76;957;https://it.wikipedia.org/wiki/Fai_della_Paganella;38010;22081;http://www.comune.faidellapaganella.tn.it/;https://it.wikipedia.org/wiki/Andalo|https://it.wikipedia.org/wiki/Cavedago|https://it.wikipedia.org/wiki/Mezzolombardo|https://it.wikipedia.org/wiki/Spormaggiore|https://it.wikipedia.org/wiki/Terre_d%27Adige|https://it.wikipedia.org/wiki/Vallelaghi;46°11′N;11°04′E;46.18333333333333;11.066666666666666
fiavé;trento;1052;2449;43;669;https://it.wikipedia.org/wiki/Fiav%C3%A9;38075;22083;https://www.comune.fiave.tn.it/;https://it.wikipedia.org/wiki/Comano_Terme|https://it.wikipedia.org/wiki/Bleggio_Superiore|https://it.wikipedia.org/wiki/Ledro|https://it.wikipedia.org/wiki/Tenno;46°00′16″N;10°50′32″E;46.004444444444445;10.842222222222222
fierozzo;trento;464;1799;26;1127;https://it.wikipedia.org/wiki/Fierozzo;38050;22085;http://www.comune.fierozzo.tn.it/;https://it.wikipedia.org/wiki/Frassilongo|https://it.wikipedia.org/wiki/Pal%C3%B9_del_Fersina|https://it.wikipedia.org/wiki/Roncegno_Terme|https://it.wikipedia.org/wiki/Sant%27Orsola_Terme|https://it.wikipedia.org/wiki/Torcegno;46°06′39.9″N;11°19′05.8″E;46.11108333333333;11.318277777777778
folgaria;trento;3175;7111;45;1166;https://it.wikipedia.org/wiki/Folgaria;38064;22087;http://www.comune.folgaria.tn.it;https://it.wikipedia.org/wiki/Altopiano_della_Vigolana|https://it.wikipedia.org/wiki/Besenello|https://it.wikipedia.org/wiki/Caldonazzo|https://it.wikipedia.org/wiki/Calliano_(Trentino-Alto_Adige)|https://it.wikipedia.org/wiki/Lavarone|https://it.wikipedia.org/wiki/Rovereto|https://it.wikipedia.org/wiki/Terragnolo;45°55′N;11°11′E;45.916666666666664;11.183333333333334
fornace;trento;1336;732;183;740;https://it.wikipedia.org/wiki/Fornace_(Italia);38040;22089;https://www.comune.fornace.tn.it/;https://it.wikipedia.org/wiki/Baselga_di_Pin%C3%A9|https://it.wikipedia.org/wiki/Civezzano|https://it.wikipedia.org/wiki/Lona-Lases|https://it.wikipedia.org/wiki/Pergine_Valsugana;46°07′04.98″N;11°12′27.04″E;46.118050000000004;11.20751111111111
frassilongo;trento;352;1678;21;852;https://it.wikipedia.org/wiki/Frassilongo;38050;22090;http://www.comune.frassilongo.tn.it/;https://it.wikipedia.org/wiki/Fierozzo|https://it.wikipedia.org/wiki/Levico_Terme|https://it.wikipedia.org/wiki/Novaledo|https://it.wikipedia.org/wiki/Pergine_Valsugana|https://it.wikipedia.org/wiki/Roncegno_Terme|https://it.wikipedia.org/wiki/Sant%27Orsola_Terme|https://it.wikipedia.org/wiki/Vignola-Falesina;46°05′N;11°18′E;46.083333333333336;11.3
garniga terme;trento;408;1314;31;810;https://it.wikipedia.org/wiki/Garniga_Terme;38060;22091;http://www.comunegarnigaterme.it;https://it.wikipedia.org/wiki/Aldeno|https://it.wikipedia.org/wiki/Cimone_(comune)|https://it.wikipedia.org/wiki/Trento;46°00′09.11″N;11°05′13.42″E;46.00253055555556;11.087061111111112
giovo;trento;2509;2064;122;496;https://it.wikipedia.org/wiki/Giovo;38030;22092;http://www.comunegiovo.it;https://it.wikipedia.org/wiki/Cembra_Lisignago|https://it.wikipedia.org/wiki/Lavis|https://it.wikipedia.org/wiki/Mezzocorona|https://it.wikipedia.org/wiki/San_Michele_all%27Adige|https://it.wikipedia.org/wiki/Trento;46°09′21″N;11°09′10″E;46.155833333333334;11.152777777777779
giustino;trento;740;3883;19;770;https://it.wikipedia.org/wiki/Giustino_(Italia);38086;22093;http://www.comune.giustino.tn.it/;https://it.wikipedia.org/wiki/Comano_Terme|https://it.wikipedia.org/wiki/Caderzone_Terme|https://it.wikipedia.org/wiki/Carisolo|https://it.wikipedia.org/wiki/Massimeno|https://it.wikipedia.org/wiki/Pinzolo|https://it.wikipedia.org/wiki/Spiazzo|https://it.wikipedia.org/wiki/Stenico|https://it.wikipedia.org/wiki/Strembo|https://it.wikipedia.org/wiki/Vermiglio_(Italia);46°08′59.86″N;10°46′04.84″E;46.14996111111111;10.768011111111113
grigno;trento;2022;4615;44;263;https://it.wikipedia.org/wiki/Grigno;38055;22095;http://www.comunegrigno.it;https://it.wikipedia.org/wiki/Castello_Tesino|https://it.wikipedia.org/wiki/Cinte_Tesino|https://it.wikipedia.org/wiki/Ospedaletto;46°00′57.64″N;11°38′01.64″E;46.01601111111111;11.633788888888889
imer;trento;1177;2788;42;670;https://it.wikipedia.org/wiki/Imer;38050;22097;http://www.comune.imer.tn.it;https://it.wikipedia.org/wiki/Canal_San_Bovo|https://it.wikipedia.org/wiki/Mezzano_(comune)|https://it.wikipedia.org/wiki/Primiero_San_Martino_di_Castrozza;46°09′07.34″N;11°47′50.42″E;46.15203888888889;11.79733888888889
isera;trento;2803;1405;199;243;https://it.wikipedia.org/wiki/Isera;38060;22098;http://www.comune.isera.tn.it;https://it.wikipedia.org/wiki/Mori_(Italia)|https://it.wikipedia.org/wiki/Nogaredo|https://it.wikipedia.org/wiki/Ronzo-Chienis|https://it.wikipedia.org/wiki/Rovereto|https://it.wikipedia.org/wiki/Villa_Lagarina;45°53′N;11°01′E;45.88333333333333;11.016666666666667
lavarone;trento;1203;2668;45;1170;https://it.wikipedia.org/wiki/Lavarone;38046;22102;https://comune.lavarone.tn.it;https://it.wikipedia.org/wiki/Caldonazzo|https://it.wikipedia.org/wiki/Folgaria|https://it.wikipedia.org/wiki/Luserna;45°56′N;11°16′E;45.93333333333333;11.266666666666667
lavis;trento;9171;1244;737;232;https://it.wikipedia.org/wiki/Lavis;38015;22103;http://www.comunelavis.it;https://it.wikipedia.org/wiki/Giovo|https://it.wikipedia.org/wiki/San_Michele_all%27Adige|https://it.wikipedia.org/wiki/Trento|https://it.wikipedia.org/wiki/Terre_d%27Adige|https://it.wikipedia.org/wiki/Vallelaghi;46°08′20.44″N;11°06′44.14″E;46.13901111111111;11.112261111111112
ledro;trento;5395;15516;35;660;https://it.wikipedia.org/wiki/Ledro;38067;22229;https://www.comune.ledro.tn.it/;https://it.wikipedia.org/wiki/Bleggio_Superiore|https://it.wikipedia.org/wiki/Bondone|https://it.wikipedia.org/wiki/Borgo_Chiese|https://it.wikipedia.org/wiki/Borgo_Lares|https://it.wikipedia.org/wiki/Fiav%C3%A9|https://it.wikipedia.org/wiki/Nago-Torbole|https://it.wikipedia.org/wiki/Pieve_di_Bono-Prezzo|https://it.wikipedia.org/wiki/Riva_del_Garda|https://it.wikipedia.org/wiki/Storo|https://it.wikipedia.org/wiki/Tenno|https://it.wikipedia.org/wiki/Tione_di_Trento;45°53′19.3″N;10°43′57.1″E;45.88869444444445;10.732527777777777
levico terme;trento;8264;6284;132;506;https://it.wikipedia.org/wiki/Levico_Terme;38056;22104;https://www.comune.levico-terme.tn.it/;https://it.wikipedia.org/wiki/Borgo_Valsugana|https://it.wikipedia.org/wiki/Caldonazzo|https://it.wikipedia.org/wiki/Frassilongo|https://it.wikipedia.org/wiki/Luserna|https://it.wikipedia.org/wiki/Novaledo|https://it.wikipedia.org/wiki/Pergine_Valsugana|https://it.wikipedia.org/wiki/Tenna_(comune)|https://it.wikipedia.org/wiki/Vignola-Falesina;46°01′N;11°18′E;46.016666666666666;11.3
livo;trento;766;1534;50;741;https://it.wikipedia.org/wiki/Livo_(Trentino-Alto_Adige);38020;22106;https://www.comune.livo.tn.it/;https://it.wikipedia.org/wiki/Bresimo|https://it.wikipedia.org/wiki/Cis_(Italia)|https://it.wikipedia.org/wiki/Cles|https://it.wikipedia.org/wiki/Novella_(Italia)|https://it.wikipedia.org/wiki/Rumo;46°24′N;11°01′E;46.4;11.016666666666667
lona-lases;trento;863;1137;76;639;https://it.wikipedia.org/wiki/Lona-Lases;38040;22108;http://www.comune.lonalases.tn.it;https://it.wikipedia.org/wiki/Baselga_di_Pin%C3%A9|https://it.wikipedia.org/wiki/Bedollo|https://it.wikipedia.org/wiki/Cembra_Lisignago|https://it.wikipedia.org/wiki/Fornace_(Italia)|https://it.wikipedia.org/wiki/Segonzano|https://it.wikipedia.org/wiki/Sover|https://it.wikipedia.org/wiki/Valfloriana;46°09′N;11°13′E;46.15;11.216666666666667
luserna;trento;267;838;32;1333;https://it.wikipedia.org/wiki/Luserna;38040;22109;http://www.comune.luserna.tn.it/;https://it.wikipedia.org/wiki/Caldonazzo|https://it.wikipedia.org/wiki/Lavarone|https://it.wikipedia.org/wiki/Levico_Terme;45°55′21″N;11°19′25″E;45.9225;11.323611111111111
madruzzo;trento;2991;2880;104;463;https://it.wikipedia.org/wiki/Madruzzo_(Italia);38076;22243;http://www.comune.madruzzo.tn.it;https://it.wikipedia.org/wiki/Cavedine|https://it.wikipedia.org/wiki/Comano_Terme|https://it.wikipedia.org/wiki/Dro|https://it.wikipedia.org/wiki/San_Lorenzo_Dorsino|https://it.wikipedia.org/wiki/Trento|https://it.wikipedia.org/wiki/Vallelaghi;46°03′N;10°59′E;46.05;10.983333333333333
malé;trento;2266;2690;84;738;https://it.wikipedia.org/wiki/Mal%C3%A9_(Italia);38027;22110;https://www.comune.male.tn.it/;https://it.wikipedia.org/wiki/Bresimo|https://it.wikipedia.org/wiki/Caldes|https://it.wikipedia.org/wiki/Cles|https://it.wikipedia.org/wiki/Commezzadura|https://it.wikipedia.org/wiki/Croviana|https://it.wikipedia.org/wiki/Dimaro_Folgarida|https://it.wikipedia.org/wiki/Rabbi_(comune)|https://it.wikipedia.org/wiki/Terzolas;46°21′10″N;10°54′46″E;46.35277777777778;10.912777777777778
massimeno;trento;138;2109;654;861;https://it.wikipedia.org/wiki/Massimeno;38086;22112;http://www.comune.massimeno.tn.it/;https://it.wikipedia.org/wiki/Bocenago|https://it.wikipedia.org/wiki/Caderzone_Terme|https://it.wikipedia.org/wiki/Comano_Terme|https://it.wikipedia.org/wiki/Giustino_(Italia)|https://it.wikipedia.org/wiki/Pelugo|https://it.wikipedia.org/wiki/Spiazzo|https://it.wikipedia.org/wiki/Strembo;46°08′29.36″N;10°46′24.6″E;46.14148888888889;10.7735
mazzin;trento;604;2366;26;1395;https://it.wikipedia.org/wiki/Mazzin;38030;22113;https://www.comune.mazzin.tn.it/;https://it.wikipedia.org/wiki/Canazei|https://it.wikipedia.org/wiki/Campitello_di_Fassa|https://it.wikipedia.org/wiki/San_Giovanni_di_Fassa;46°28′12.41″N;11°43′46.88″E;46.47011388888889;11.729688888888889
mezzana;trento;877;2750;32;940;https://it.wikipedia.org/wiki/Mezzana;38020;22114;http://www.comune.mezzana.tn.it;https://it.wikipedia.org/wiki/Commezzadura|https://it.wikipedia.org/wiki/Pellizzano|https://it.wikipedia.org/wiki/Pinzolo|https://it.wikipedia.org/wiki/Rabbi_(comune);46°19′N;10°48′E;46.31666666666667;10.8
mezzano;trento;1585;4917;32;640;https://it.wikipedia.org/wiki/Mezzano_(comune);38050;22115;https://www.comune.mezzano.tn.it/;https://it.wikipedia.org/wiki/Canal_San_Bovo|https://it.wikipedia.org/wiki/Imer|https://it.wikipedia.org/wiki/Primiero_San_Martino_di_Castrozza;46°09′14.15″N;11°48′31.54″E;46.153930555555554;11.808761111111112
mezzocorona;trento;5511;2559;215;219;https://it.wikipedia.org/wiki/Mezzocorona;38016;22116;http://www.comune.mezzocorona.tn.it/;https://it.wikipedia.org/wiki/Giovo|https://it.wikipedia.org/wiki/Mezzolombardo|https://it.wikipedia.org/wiki/Rover%C3%A9_della_Luna|https://it.wikipedia.org/wiki/San_Michele_all%27Adige|https://it.wikipedia.org/wiki/Ton;46°13′N;11°07′E;46.21666666666667;11.116666666666667
mezzolombardo;trento;7667;1379;556;227;https://it.wikipedia.org/wiki/Mezzolombardo;38017;22117;http://www.comune.mezzolombardo.tn.it/;https://it.wikipedia.org/wiki/Fai_della_Paganella|https://it.wikipedia.org/wiki/Mezzocorona|https://it.wikipedia.org/wiki/San_Michele_all%27Adige|https://it.wikipedia.org/wiki/Spormaggiore|https://it.wikipedia.org/wiki/Terre_d%27Adige|https://it.wikipedia.org/wiki/Ton;46°12′35″N;11°05′52″E;46.209722222222226;11.097777777777779
moena;trento;2537;8146;31;1184;https://it.wikipedia.org/wiki/Moena;38035;22118;https://www.comune.moena.tn.it/;https://it.wikipedia.org/wiki/Predazzo|https://it.wikipedia.org/wiki/Primiero_San_Martino_di_Castrozza|https://it.wikipedia.org/wiki/San_Giovanni_di_Fassa|https://it.wikipedia.org/wiki/Soraga_di_Fassa;46°22′36.57″N;11°39′33.66″E;46.376825000000004;11.65935
molveno;trento;1119;3393;33;865;https://it.wikipedia.org/wiki/Molveno;38018;22120;http://www.comune.molveno.tn.it;https://it.wikipedia.org/wiki/Andalo|https://it.wikipedia.org/wiki/Cavedago|https://it.wikipedia.org/wiki/San_Lorenzo_Dorsino|https://it.wikipedia.org/wiki/Spormaggiore|https://it.wikipedia.org/wiki/Tre_Ville|https://it.wikipedia.org/wiki/Vallelaghi|https://it.wikipedia.org/wiki/Ville_d%27Anaunia;46°08′35″N;10°57′53″E;46.143055555555556;10.964722222222221
mori;trento;10208;3325;307;204;https://it.wikipedia.org/wiki/Mori_(Italia);38065;22123;http://www.comune.mori.tn.it;https://it.wikipedia.org/wiki/Ala_(Italia)|https://it.wikipedia.org/wiki/Arco_(Italia)|https://it.wikipedia.org/wiki/Brentonico|https://it.wikipedia.org/wiki/Isera|https://it.wikipedia.org/wiki/Nago-Torbole|https://it.wikipedia.org/wiki/Ronzo-Chienis|https://it.wikipedia.org/wiki/Rovereto;45°51′04.68″N;10°58′54.12″E;45.8513;10.9817
nago-torbole;trento;2758;2891;95;222;https://it.wikipedia.org/wiki/Nago-Torbole;38060, 38069;22124;http://www.comune.nago-torbole.tn.it;https://it.wikipedia.org/wiki/Arco_(Italia)|https://it.wikipedia.org/wiki/Brentonico|https://it.wikipedia.org/wiki/Ledro|https://it.wikipedia.org/wiki/Mori_(Italia)|https://it.wikipedia.org/wiki/Riva_del_Garda;45°52′33″N;10°53′28″E;45.87583333333333;10.89111111111111
nogaredo;trento;2071;382;542;216;https://it.wikipedia.org/wiki/Nogaredo;38060;22127;http://www.comune.nogaredo.tn.it;https://it.wikipedia.org/wiki/Isera|https://it.wikipedia.org/wiki/Rovereto|https://it.wikipedia.org/wiki/Villa_Lagarina;45°54′31.91″N;11°01′11.91″E;45.90886388888889;11.019975
nomi;trento;1352;616;219;179;https://it.wikipedia.org/wiki/Nomi_(Italia);38060;22128;http://www.comune.nomi.tn.it;https://it.wikipedia.org/wiki/Aldeno|https://it.wikipedia.org/wiki/Besenello|https://it.wikipedia.org/wiki/Calliano_(Trentino-Alto_Adige)|https://it.wikipedia.org/wiki/Pomarolo|https://it.wikipedia.org/wiki/Volano_(Italia);45°56′N;11°04′E;45.93333333333333;11.066666666666666
novaledo;trento;1162;792;147;475;https://it.wikipedia.org/wiki/Novaledo;38050;22129;http://www.comune.novaledo.tn.it;https://it.wikipedia.org/wiki/Borgo_Valsugana|https://it.wikipedia.org/wiki/Frassilongo|https://it.wikipedia.org/wiki/Levico_Terme|https://it.wikipedia.org/wiki/Pergine_Valsugana|https://it.wikipedia.org/wiki/Roncegno_Terme;46°01′N;11°22′E;46.016666666666666;11.366666666666667
novella;trento;3606;4611;78;724;https://it.wikipedia.org/wiki/Novella_(Italia);38028;22253;https://www.comune.novella.tn.it/;https://it.wikipedia.org/wiki/Borgo_d%27Anaunia|https://it.wikipedia.org/wiki/Dambel|https://it.wikipedia.org/wiki/Sarnonico|https://it.wikipedia.org/wiki/Cles|https://it.wikipedia.org/wiki/Livo_(Trentino-Alto_Adige)|https://it.wikipedia.org/wiki/Sanzeno;46°23′28.39″N;11°03′30.35″E;46.391219444444445;11.058430555555557
ospedaletto;trento;808;1673;48;360;https://it.wikipedia.org/wiki/Ospedaletto;38050;22130;http://www.comune.ospedaletto.tn.it;https://it.wikipedia.org/wiki/Cinte_Tesino|https://it.wikipedia.org/wiki/Grigno|https://it.wikipedia.org/wiki/Pieve_Tesino;46°02′36.56″N;11°33′10.48″E;46.04348888888889;11.552911111111111
ossana;trento;833;2532;33;1003;https://it.wikipedia.org/wiki/Ossana;38026;22131;https://www.comune.ossana.tn.it/;https://it.wikipedia.org/wiki/Carisolo|https://it.wikipedia.org/wiki/Peio|https://it.wikipedia.org/wiki/Pellizzano|https://it.wikipedia.org/wiki/Pinzolo|https://it.wikipedia.org/wiki/Vermiglio_(Italia);46°18′N;10°44′E;46.3;10.733333333333333
palù del fersina;trento;159;1682;945;1360;https://it.wikipedia.org/wiki/Pal%C3%B9_del_Fersina;38050;22133;http://www.comune.paludelfersina.tn.it/;https://it.wikipedia.org/wiki/Baselga_di_Pin%C3%A9|https://it.wikipedia.org/wiki/Bedollo|https://it.wikipedia.org/wiki/Fierozzo|https://it.wikipedia.org/wiki/Sant%27Orsola_Terme|https://it.wikipedia.org/wiki/Telve|https://it.wikipedia.org/wiki/Telve_di_Sopra|https://it.wikipedia.org/wiki/Torcegno;46°08′N;11°21′E;46.13333333333333;11.35
panchià;trento;814;2074;39;981;https://it.wikipedia.org/wiki/Panchi%C3%A0;38030;22134;http://www.comune.panchia.tn.it/;https://it.wikipedia.org/wiki/Pieve_Tesino|https://it.wikipedia.org/wiki/Predazzo|https://it.wikipedia.org/wiki/Tesero|https://it.wikipedia.org/wiki/Ziano_di_Fiemme;46°17′09.2″N;11°32′31.1″E;46.285888888888884;11.541972222222222
peio;trento;1794;16275;11;1173;https://it.wikipedia.org/wiki/Peio;38024;22136;http://www.comune.peio.tn.it;https://it.wikipedia.org/wiki/Ossana|https://it.wikipedia.org/wiki/Pellizzano|https://it.wikipedia.org/wiki/Rabbi_(comune)|https://it.wikipedia.org/wiki/Vermiglio_(Italia);46°21′19″N;10°41′21″E;46.35527777777778;10.689166666666667
pellizzano;trento;800;4927;16;925;https://it.wikipedia.org/wiki/Pellizzano;38020;22137;https://www.comune.pellizzano.tn.it/;https://it.wikipedia.org/wiki/Mezzana|https://it.wikipedia.org/wiki/Ossana|https://it.wikipedia.org/wiki/Peio|https://it.wikipedia.org/wiki/Pinzolo|https://it.wikipedia.org/wiki/Rabbi_(comune);46°18′34.93″N;10°45′34.66″E;46.30970277777777;10.759627777777778
pelugo;trento;397;2198;18;652;https://it.wikipedia.org/wiki/Pelugo;38079;22138;http://www.comune.pelugo.tn.it/;https://it.wikipedia.org/wiki/Massimeno|https://it.wikipedia.org/wiki/Porte_di_Rendena|https://it.wikipedia.org/wiki/Spiazzo|https://it.wikipedia.org/wiki/Strembo|https://it.wikipedia.org/wiki/Tre_Ville|https://it.wikipedia.org/wiki/Valdaone;46°05′16.73″N;10°43′23.66″E;46.08798055555556;10.72323888888889
pergine valsugana;trento;21684;5405;401;482;https://it.wikipedia.org/wiki/Pergine_Valsugana;38057;22139;https://www.comune.pergine.tn.it/;https://it.wikipedia.org/wiki/Altopiano_della_Vigolana|https://it.wikipedia.org/wiki/Baselga_di_Pin%C3%A9|https://it.wikipedia.org/wiki/Calceranica_al_Lago|https://it.wikipedia.org/wiki/Caldonazzo|https://it.wikipedia.org/wiki/Civezzano|https://it.wikipedia.org/wiki/Fornace_(Italia)|https://it.wikipedia.org/wiki/Frassilongo|https://it.wikipedia.org/wiki/Levico_Terme|https://it.wikipedia.org/wiki/Novaledo|https://it.wikipedia.org/wiki/Sant%27Orsola_Terme|https://it.wikipedia.org/wiki/Tenna_(comune)|https://it.wikipedia.org/wiki/Trento|https://it.wikipedia.org/wiki/Vignola-Falesina;46°04′N;11°14′E;46.06666666666667;11.233333333333333
pieve di bono-prezzo;trento;1456;2480;59;514;https://it.wikipedia.org/wiki/Pieve_di_Bono-Prezzo;38085;22234;http://www.comune.pievedibono-prezzo.tn.it/;https://it.wikipedia.org/wiki/Borgo_Chiese|https://it.wikipedia.org/wiki/Castel_Condino|https://it.wikipedia.org/wiki/Ledro|https://it.wikipedia.org/wiki/Sella_Giudicarie|https://it.wikipedia.org/wiki/Valdaone;45°56′35″N;10°38′29″E;45.94305555555555;10.641388888888889
pieve tesino;trento;654;6974;938;843;https://it.wikipedia.org/wiki/Pieve_Tesino;38050;22142;http://www.comune.pievetesino.tn.it/;https://it.wikipedia.org/wiki/Bieno|https://it.wikipedia.org/wiki/Canal_San_Bovo|https://it.wikipedia.org/wiki/Castello-Molina_di_Fiemme|https://it.wikipedia.org/wiki/Castello_Tesino|https://it.wikipedia.org/wiki/Cavalese|https://it.wikipedia.org/wiki/Cinte_Tesino|https://it.wikipedia.org/wiki/Ospedaletto|https://it.wikipedia.org/wiki/Panchi%C3%A0|https://it.wikipedia.org/wiki/Scurelle|https://it.wikipedia.org/wiki/Telve|https://it.wikipedia.org/wiki/Tesero|https://it.wikipedia.org/wiki/Ziano_di_Fiemme;46°04′08.62″N;11°36′32.69″E;46.06906111111111;11.609080555555556
pinzolo;trento;3039;6903;44;770;https://it.wikipedia.org/wiki/Pinzolo;38086;22143;http://www.comune.pinzolo.tn.it/;https://it.wikipedia.org/wiki/Caderzone_Terme|https://it.wikipedia.org/wiki/Carisolo|https://it.wikipedia.org/wiki/Commezzadura|https://it.wikipedia.org/wiki/Dimaro_Folgarida|https://it.wikipedia.org/wiki/Giustino_(Italia)|https://it.wikipedia.org/wiki/Mezzana|https://it.wikipedia.org/wiki/Ossana|https://it.wikipedia.org/wiki/Pellizzano|https://it.wikipedia.org/wiki/Stenico|https://it.wikipedia.org/wiki/Tre_Ville;46°09′35.64″N;10°45′57.6″E;46.1599;10.766
pomarolo;trento;2449;956;256;206;https://it.wikipedia.org/wiki/Pomarolo;38060;22144;http://www.comune.pomarolo.tn.it;https://it.wikipedia.org/wiki/Aldeno|https://it.wikipedia.org/wiki/Cimone_(comune)|https://it.wikipedia.org/wiki/Nomi_(Italia)|https://it.wikipedia.org/wiki/Rovereto|https://it.wikipedia.org/wiki/Villa_Lagarina|https://it.wikipedia.org/wiki/Volano_(Italia);45°55′41.16″N;11°02′35.09″E;45.9281;11.043080555555555
porte di rendena;trento;1819;4120;44;608;https://it.wikipedia.org/wiki/Porte_di_Rendena;38094;22244;https://www.comune.portedirendena.tn.it/;https://it.wikipedia.org/wiki/Pelugo|https://it.wikipedia.org/wiki/Sella_Giudicarie|https://it.wikipedia.org/wiki/Tione_di_Trento|https://it.wikipedia.org/wiki/Tre_Ville|https://it.wikipedia.org/wiki/Valdaone;46°04′44.47″N;10°42′58.07″E;46.07901944444445;10.716130555555555
predaia;trento;6903;7994;86;515;https://it.wikipedia.org/wiki/Predaia;38012;22230;http://www.comune.predaia.tn.it;https://it.wikipedia.org/wiki/Denno|https://it.wikipedia.org/wiki/Amblar-Don|https://it.wikipedia.org/wiki/Romeno_(Italia)|https://it.wikipedia.org/wiki/Rover%C3%A9_della_Luna|https://it.wikipedia.org/wiki/Sanzeno|https://it.wikipedia.org/wiki/Sfruz|https://it.wikipedia.org/wiki/Ville_d%27Anaunia|https://it.wikipedia.org/wiki/Ton;46°19′24.24″N;11°04′23.16″E;46.32340000000001;11.0731
predazzo;trento;4536;11031;41;1018;https://it.wikipedia.org/wiki/Predazzo;38037;22147;http://www.comune.predazzo.tn.it;https://it.wikipedia.org/wiki/Canal_San_Bovo|https://it.wikipedia.org/wiki/Moena|https://it.wikipedia.org/wiki/Panchi%C3%A0|https://it.wikipedia.org/wiki/Primiero_San_Martino_di_Castrozza|https://it.wikipedia.org/wiki/Tesero|https://it.wikipedia.org/wiki/Ziano_di_Fiemme;46°19′N;11°36′E;46.31666666666667;11.6
primiero san martino di castrozza;trento;4983;20004;25;710;https://it.wikipedia.org/wiki/Primiero_San_Martino_di_Castrozza;38054;22245;http://www.comuneprimiero.tn.it/;https://it.wikipedia.org/wiki/Canal_San_Bovo|https://it.wikipedia.org/wiki/Imer|https://it.wikipedia.org/wiki/Mezzano_(comune)|https://it.wikipedia.org/wiki/Moena|https://it.wikipedia.org/wiki/Predazzo|https://it.wikipedia.org/wiki/Sagron_Mis;46°10′37.56″N;11°49′47.28″E;46.177099999999996;11.8298
rabbi;trento;1372;13235;10;1095;https://it.wikipedia.org/wiki/Rabbi_(comune);38020;22150;http://www.comune.rabbi.tn.it/;https://it.wikipedia.org/wiki/Bresimo|https://it.wikipedia.org/wiki/Commezzadura|https://it.wikipedia.org/wiki/Mal%C3%A9_(Italia)|https://it.wikipedia.org/wiki/Mezzana|https://it.wikipedia.org/wiki/Peio|https://it.wikipedia.org/wiki/Pellizzano;46°24′N;10°51′E;46.4;10.85
riva del garda;trento;17858;4073;438;73;https://it.wikipedia.org/wiki/Riva_del_Garda;38066;22153;http://www.comune.rivadelgarda.tn.it;https://it.wikipedia.org/wiki/Arco_(Italia)|https://it.wikipedia.org/wiki/Ledro|https://it.wikipedia.org/wiki/Nago-Torbole|https://it.wikipedia.org/wiki/Tenno;45°53′N;10°51′E;45.88333333333333;10.85
romeno;trento;1497;907;165;961;https://it.wikipedia.org/wiki/Romeno_(Italia);38010;22155;https://www.comune.romeno.tn.it/;https://it.wikipedia.org/wiki/Amblar-Don|https://it.wikipedia.org/wiki/Cavareno|https://it.wikipedia.org/wiki/Dambel|https://it.wikipedia.org/wiki/Predaia|https://it.wikipedia.org/wiki/Sanzeno|https://it.wikipedia.org/wiki/Sarnonico;46°24′N;11°07′E;46.4;11.116666666666667
roncegno terme;trento;2940;3839;77;535;https://it.wikipedia.org/wiki/Roncegno_Terme;38050;22156;http://www.comune.roncegnoterme.tn.it;https://it.wikipedia.org/wiki/Borgo_Valsugana|https://it.wikipedia.org/wiki/Fierozzo|https://it.wikipedia.org/wiki/Frassilongo|https://it.wikipedia.org/wiki/Novaledo|https://it.wikipedia.org/wiki/Ronchi_Valsugana|https://it.wikipedia.org/wiki/Torcegno;46°03′03″N;11°24′36″E;46.05083333333333;11.41
ronchi valsugana;trento;451;985;46;776;https://it.wikipedia.org/wiki/Ronchi_Valsugana;38051;22157;http://www.comune.ronchi.tn.it/;https://it.wikipedia.org/wiki/Borgo_Valsugana|https://it.wikipedia.org/wiki/Roncegno_Terme|https://it.wikipedia.org/wiki/Torcegno;46°04′N;11°26′E;46.06666666666667;11.433333333333334
ronzo-chienis;trento;1002;1340;75;974;https://it.wikipedia.org/wiki/Ronzo-Chienis;38060;22135;http://www.comune.ronzo-chienis.tn.it/;https://it.wikipedia.org/wiki/Arco_(Italia)|https://it.wikipedia.org/wiki/Isera|https://it.wikipedia.org/wiki/Mori_(Italia)|https://it.wikipedia.org/wiki/Villa_Lagarina;45°53′28″N;10°57′02″E;45.89111111111111;10.950555555555555
ronzone;trento;482;584;83;1085;https://it.wikipedia.org/wiki/Ronzone;38010;22159;http://www.comune.ronzone.tn.it/;https://it.wikipedia.org/wiki/Borgo_d%27Anaunia|https://it.wikipedia.org/wiki/Ruffr%C3%A9-Mendola|https://it.wikipedia.org/wiki/Sarnonico;46°25′23.06″N;11°08′56.04″E;46.42307222222222;11.1489
roveré della luna;trento;1637;988;166;251;https://it.wikipedia.org/wiki/Rover%C3%A9_della_Luna;38030;22160;http://www.comune.roveredellaluna.tn.it;https://it.wikipedia.org/wiki/Mezzocorona|https://it.wikipedia.org/wiki/Predaia|https://it.wikipedia.org/wiki/Ton;46°15′N;11°10′E;46.25;11.166666666666666
rovereto;trento;40047;5187;772;204;https://it.wikipedia.org/wiki/Rovereto;38068;22161;http://www.comune.rovereto.tn.it;https://it.wikipedia.org/wiki/Ala_(Italia)|https://it.wikipedia.org/wiki/Calliano_(Trentino-Alto_Adige)|https://it.wikipedia.org/wiki/Folgaria|https://it.wikipedia.org/wiki/Isera|https://it.wikipedia.org/wiki/Mori_(Italia)|https://it.wikipedia.org/wiki/Nogaredo|https://it.wikipedia.org/wiki/Pomarolo|https://it.wikipedia.org/wiki/Terragnolo|https://it.wikipedia.org/wiki/Trambileno|https://it.wikipedia.org/wiki/Vallarsa|https://it.wikipedia.org/wiki/Villa_Lagarina|https://it.wikipedia.org/wiki/Volano_(Italia);45°53′00″N;11°02′03″E;45.88333333333333;11.034166666666666
ruffré-mendola;trento;420;677;62;1200;https://it.wikipedia.org/wiki/Ruffr%C3%A9-Mendola;38010;22162;http://www.comune.ruffre.tn.it/;https://it.wikipedia.org/wiki/Cavareno|https://it.wikipedia.org/wiki/Sarnonico|https://it.wikipedia.org/wiki/Ronzone;46°24′53.33″N;11°10′39.99″E;46.41481388888889;11.177774999999999
rumo;trento;788;3094;25;944;https://it.wikipedia.org/wiki/Rumo;38020;22163;http://www.comune.rumo.tn.it/;https://it.wikipedia.org/wiki/Bresimo|https://it.wikipedia.org/wiki/Novella_(Italia)|https://it.wikipedia.org/wiki/Livo_(Trentino-Alto_Adige);46°26′33.54″N;11°00′59.61″E;46.44264999999999;11.016558333333334
sagron mis;trento;177;1096;16;1062;https://it.wikipedia.org/wiki/Sagron_Mis;38050;22164;https://www.comune.sagronmis.tn.it/;https://it.wikipedia.org/wiki/Primiero_San_Martino_di_Castrozza;46°11′44.16″N;11°56′39.12″E;46.1956;11.9442
samone;trento;546;499;109;673;https://it.wikipedia.org/wiki/Samone_(Trentino-Alto_Adige);38059;22165;http://www.comune.samone.tn.it;"";46°04′53.65″N;11°31′22.01″E;46.08156944444445;11.522780555555556
san giovanni di fassa;trento;3581;9977;36;1325;https://it.wikipedia.org/wiki/San_Giovanni_di_Fassa;38036;22250;http://www.comune.senjandifassa.tn.it/;https://it.wikipedia.org/wiki/Canazei|https://it.wikipedia.org/wiki/Mazzin|https://it.wikipedia.org/wiki/Moena|https://it.wikipedia.org/wiki/Soraga_di_Fassa;46°25′48.94″N;11°41′12.46″E;46.43026111111111;11.686794444444445
san lorenzo dorsino;trento;1575;7425;21;758;https://it.wikipedia.org/wiki/San_Lorenzo_Dorsino;38070 e 38078;22231;http://www.comune.sanlorenzodorsino.tn.it/;https://it.wikipedia.org/wiki/Andalo|https://it.wikipedia.org/wiki/Comano_Terme|https://it.wikipedia.org/wiki/Madruzzo_(Italia)|https://it.wikipedia.org/wiki/Molveno|https://it.wikipedia.org/wiki/Stenico|https://it.wikipedia.org/wiki/Tre_Ville|https://it.wikipedia.org/wiki/Vallelaghi;46°04′39″N;10°54′34.2″E;46.0775;10.9095
san michele all'adige;trento;4101;1654;248;228;https://it.wikipedia.org/wiki/San_Michele_all%27Adige;38098;22167;http://www.comune.sanmichelealladige.tn.it;https://it.wikipedia.org/wiki/Giovo|https://it.wikipedia.org/wiki/Lavis|https://it.wikipedia.org/wiki/Mezzocorona|https://it.wikipedia.org/wiki/Mezzolombardo|https://it.wikipedia.org/wiki/Terre_d%27Adige;46°11′37.68″N;11°08′04.56″E;46.193799999999996;11.134599999999999
sant'orsola terme;trento;1104;1534;63;1428;https://it.wikipedia.org/wiki/Sant%27Orsola_Terme;38050;22168;http://www.comune.santorsolaterme.tn.it;https://it.wikipedia.org/wiki/Baselga_di_Pin%C3%A9|https://it.wikipedia.org/wiki/Bedollo|https://it.wikipedia.org/wiki/Fierozzo|https://it.wikipedia.org/wiki/Frassilongo|https://it.wikipedia.org/wiki/Pal%C3%B9_del_Fersina|https://it.wikipedia.org/wiki/Pergine_Valsugana;46°07′N;11°18′E;46.11666666666667;11.3
sanzeno;trento;927;789;118;640;https://it.wikipedia.org/wiki/Sanzeno;38010;22169;https://www.comune.sanzeno.tn.it/;https://it.wikipedia.org/wiki/Cles|https://it.wikipedia.org/wiki/Dambel|https://it.wikipedia.org/wiki/Predaia|https://it.wikipedia.org/wiki/Novella_(Italia)|https://it.wikipedia.org/wiki/Romeno_(Italia)|https://it.wikipedia.org/wiki/Ville_d%27Anaunia;46°22′N;11°04′E;46.36666666666667;11.066666666666666
sarnonico;trento;789;1118;71;963;https://it.wikipedia.org/wiki/Sarnonico;38010;22170;https://www.comune.sarnonico.tn.it/;https://it.wikipedia.org/wiki/Borgo_d%27Anaunia|https://it.wikipedia.org/wiki/Cavareno|https://it.wikipedia.org/wiki/Dambel|https://it.wikipedia.org/wiki/Novella_(Italia)|https://it.wikipedia.org/wiki/Romeno_(Italia)|https://it.wikipedia.org/wiki/Ronzone|https://it.wikipedia.org/wiki/Ruffr%C3%A9-Mendola;46°25′07.42″N;11°08′26.85″E;46.418727777777775;11.140791666666667
scurelle;trento;1358;2985;45;375;https://it.wikipedia.org/wiki/Scurelle;38050;22171;http://www.comune.scurelle.tn.it;https://it.wikipedia.org/wiki/Bieno|https://it.wikipedia.org/wiki/Carzano|https://it.wikipedia.org/wiki/Castello_Tesino|https://it.wikipedia.org/wiki/Castelnuovo_(Trentino-Alto_Adige)|https://it.wikipedia.org/wiki/Cinte_Tesino|https://it.wikipedia.org/wiki/Pieve_Tesino|https://it.wikipedia.org/wiki/Telve;46°03′54.4″N;11°30′23.51″E;46.06511111111111;11.506530555555555
segonzano;trento;1357;2062;66;660;https://it.wikipedia.org/wiki/Segonzano;38047;22172;http://www.comune.segonzano.tn.it;https://it.wikipedia.org/wiki/Altavalle|https://it.wikipedia.org/wiki/Baselga_di_Pin%C3%A9|https://it.wikipedia.org/wiki/Bedollo|https://it.wikipedia.org/wiki/Cembra_Lisignago|https://it.wikipedia.org/wiki/Lona-Lases|https://it.wikipedia.org/wiki/Sover;46°11′N;11°16′E;46.18333333333333;11.266666666666667
sella giudicarie;trento;2948;8554;34;842;https://it.wikipedia.org/wiki/Sella_Giudicarie;38087;22246;http://www.comunesellagiudicarie.tn.it/;https://it.wikipedia.org/wiki/Borgo_Lares|https://it.wikipedia.org/wiki/Pieve_di_Bono-Prezzo|https://it.wikipedia.org/wiki/Porte_di_Rendena|https://it.wikipedia.org/wiki/Tione_di_Trento|https://it.wikipedia.org/wiki/Valdaone;45°59′03″N;10°40′10″E;45.98416666666667;10.669444444444444
sfruz;trento;363;1255;29;1015;https://it.wikipedia.org/wiki/Sfruz;38010;22173;http://www.comune.sfruz.tn.it;https://it.wikipedia.org/wiki/Amblar-Don|https://it.wikipedia.org/wiki/Predaia;46°20′N;11°07′E;46.333333333333336;11.116666666666667
soraga di fassa;trento;718;1999;36;1220;https://it.wikipedia.org/wiki/Soraga_di_Fassa;38030;22176;http://www.comune.soraga.tn.it/;https://it.wikipedia.org/wiki/Moena|https://it.wikipedia.org/wiki/San_Giovanni_di_Fassa;46°23′45.35″N;11°40′05.59″E;46.39593055555555;11.668219444444444
sover;trento;786;1488;53;831;https://it.wikipedia.org/wiki/Sover;38048;22177;http://comunesover.tn.it/;https://it.wikipedia.org/wiki/Altavalle|https://it.wikipedia.org/wiki/Bedollo|https://it.wikipedia.org/wiki/Capriana|https://it.wikipedia.org/wiki/Lona-Lases|https://it.wikipedia.org/wiki/Segonzano|https://it.wikipedia.org/wiki/Valfloriana;46°13′N;11°19′E;46.21666666666667;11.316666666666666
spiazzo;trento;1266;7076;18;645;https://it.wikipedia.org/wiki/Spiazzo;38088;22179;https://www.comune.spiazzo.tn.it/;https://it.wikipedia.org/wiki/Bocenago|https://it.wikipedia.org/wiki/Caderzone_Terme|https://it.wikipedia.org/wiki/Giustino_(Italia)|https://it.wikipedia.org/wiki/Massimeno|https://it.wikipedia.org/wiki/Pelugo|https://it.wikipedia.org/wiki/Strembo|https://it.wikipedia.org/wiki/Tre_Ville|https://it.wikipedia.org/wiki/Valdaone;46°06′12.96″N;10°44′21.73″E;46.1036;10.739369444444444
spormaggiore;trento;1248;2985;42;565;https://it.wikipedia.org/wiki/Spormaggiore;38010;22180;http://www.comune.spormaggiore.tn.it;https://it.wikipedia.org/wiki/Campodenno|https://it.wikipedia.org/wiki/Cavedago|https://it.wikipedia.org/wiki/Fai_della_Paganella|https://it.wikipedia.org/wiki/Mezzolombardo|https://it.wikipedia.org/wiki/Molveno|https://it.wikipedia.org/wiki/Sporminore|https://it.wikipedia.org/wiki/Ton|https://it.wikipedia.org/wiki/Ville_d%27Anaunia;46°13′N;11°03′E;46.21666666666667;11.05
sporminore;trento;718;1794;40;515;https://it.wikipedia.org/wiki/Sporminore;38010;22181;https://www.comune.sporminore.tn.it/;https://it.wikipedia.org/wiki/Campodenno|https://it.wikipedia.org/wiki/Spormaggiore|https://it.wikipedia.org/wiki/Ton;46°14′N;11°02′E;46.233333333333334;11.033333333333333
stenico;trento;1175;4918;24;666;https://it.wikipedia.org/wiki/Stenico;38070;22182;http://www.comune.stenico.tn.it/;https://it.wikipedia.org/wiki/Comano_Terme|https://it.wikipedia.org/wiki/Bocenago|https://it.wikipedia.org/wiki/Giustino_(Italia)|https://it.wikipedia.org/wiki/Pinzolo|https://it.wikipedia.org/wiki/San_Lorenzo_Dorsino|https://it.wikipedia.org/wiki/Tre_Ville;46°03′N;10°51′E;46.05;10.85
storo;trento;4477;6432;70;409;https://it.wikipedia.org/wiki/Storo;38089;22183;http://www.comune.storo.tn.it;https://it.wikipedia.org/wiki/Bondone|https://it.wikipedia.org/wiki/Borgo_Chiese|https://it.wikipedia.org/wiki/Ledro;45°50′56″N;10°34′49″E;45.848888888888894;10.580277777777777
strembo;trento;582;3919;15;714;https://it.wikipedia.org/wiki/Strembo;38080;22184;http://www.comune.strembo.tn.it/;https://it.wikipedia.org/wiki/Bocenago|https://it.wikipedia.org/wiki/Caderzone_Terme|https://it.wikipedia.org/wiki/Giustino_(Italia)|https://it.wikipedia.org/wiki/Massimeno|https://it.wikipedia.org/wiki/Spiazzo|https://it.wikipedia.org/wiki/Valdaone|https://it.wikipedia.org/wiki/Vermiglio_(Italia);46°07′N;10°45′E;46.11666666666667;10.75
telve;trento;1905;6389;30;550;https://it.wikipedia.org/wiki/Telve;38050;22188;https://www.comune.telve.tn.it;https://it.wikipedia.org/wiki/Baselga_di_Pin%C3%A9|https://it.wikipedia.org/wiki/Borgo_Valsugana|https://it.wikipedia.org/wiki/Carzano|https://it.wikipedia.org/wiki/Castello-Molina_di_Fiemme|https://it.wikipedia.org/wiki/Castelnuovo_(Trentino-Alto_Adige)|https://it.wikipedia.org/wiki/Pal%C3%B9_del_Fersina|https://it.wikipedia.org/wiki/Pieve_Tesino|https://it.wikipedia.org/wiki/Scurelle|https://it.wikipedia.org/wiki/Telve_di_Sopra|https://it.wikipedia.org/wiki/Valfloriana;46°04′N;11°29′E;46.06666666666667;11.483333333333333
telve di sopra;trento;620;1823;34;650;https://it.wikipedia.org/wiki/Telve_di_Sopra;38050;22189;http://www.comunetelvedisopra.tn.it/;https://it.wikipedia.org/wiki/Borgo_Valsugana|https://it.wikipedia.org/wiki/Pal%C3%B9_del_Fersina|https://it.wikipedia.org/wiki/Telve|https://it.wikipedia.org/wiki/Torcegno;46°04′N;11°28′E;46.06666666666667;11.466666666666667
tenna;trento;1065;298;357;569;https://it.wikipedia.org/wiki/Tenna_(comune);38050;22190;http://www.comune.tenna.tn.it;https://it.wikipedia.org/wiki/Caldonazzo|https://it.wikipedia.org/wiki/Levico_Terme|https://it.wikipedia.org/wiki/Pergine_Valsugana;46°01′N;11°16′E;46.016666666666666;11.266666666666667
tenno;trento;2039;2824;72;428;https://it.wikipedia.org/wiki/Tenno;38060;22191;https://www.comune.tenno.tn.it/;https://it.wikipedia.org/wiki/Arco_(Italia)|https://it.wikipedia.org/wiki/Ledro|https://it.wikipedia.org/wiki/Fiav%C3%A9|https://it.wikipedia.org/wiki/Comano_Terme|https://it.wikipedia.org/wiki/Riva_del_Garda;45°55′10″N;10°49′56″E;45.919444444444444;10.832222222222223
terragnolo;trento;705;3970;18;785;https://it.wikipedia.org/wiki/Terragnolo;38060;22193;https://www.comune.terragnolo.tn.it/;https://it.wikipedia.org/wiki/Folgaria|https://it.wikipedia.org/wiki/Rovereto|https://it.wikipedia.org/wiki/Trambileno;45°53′N;11°09′E;45.88333333333333;11.15
terre d'adige;trento;3095;1650;188;206;https://it.wikipedia.org/wiki/Terre_d%27Adige;38097;22251;http://www.comune.terredadige.tn.it/;https://it.wikipedia.org/wiki/Andalo|https://it.wikipedia.org/wiki/Fai_della_Paganella|https://it.wikipedia.org/wiki/Lavis|https://it.wikipedia.org/wiki/Mezzolombardo|https://it.wikipedia.org/wiki/San_Michele_all%27Adige|https://it.wikipedia.org/wiki/Vallelaghi;46°09′05.8″N;11°05′49.99″E;46.15161111111111;11.097219444444445
terzolas;trento;643;583;110;755;https://it.wikipedia.org/wiki/Terzolas;38027;22195;https://www.comune.terzolas.tn.it/;https://it.wikipedia.org/wiki/Caldes|https://it.wikipedia.org/wiki/Cles|https://it.wikipedia.org/wiki/Mal%C3%A9_(Italia);46°21′40.71″N;10°55′33.99″E;46.361308333333334;10.926108333333334
tesero;trento;2994;5058;59;1000;https://it.wikipedia.org/wiki/Tesero;38038;22196;http://www.comune.tesero.tn.it/;https://it.wikipedia.org/wiki/Cavalese|https://it.wikipedia.org/wiki/Panchi%C3%A0|https://it.wikipedia.org/wiki/Pieve_Tesino|https://it.wikipedia.org/wiki/Predazzo|https://it.wikipedia.org/wiki/Ville_di_Fiemme;46°17′21.62″N;11°30′40.82″E;46.289338888888885;11.511338888888888
tione di trento;trento;3664;3291;111;565;https://it.wikipedia.org/wiki/Tione_di_Trento;38079;22199;http://www.comunetioneditrento.it;https://it.wikipedia.org/wiki/Comano_Terme|https://it.wikipedia.org/wiki/Bleggio_Superiore|https://it.wikipedia.org/wiki/Borgo_Lares|https://it.wikipedia.org/wiki/Ledro|https://it.wikipedia.org/wiki/Pieve_di_Bono-Prezzo|https://it.wikipedia.org/wiki/Porte_di_Rendena|https://it.wikipedia.org/wiki/Sella_Giudicarie|https://it.wikipedia.org/wiki/Tre_Ville;46°00′33.71″N;10°43′23.5″E;46.00936388888889;10.723194444444445
ton;trento;1282;2640;49;482;https://it.wikipedia.org/wiki/Ton;38010;22200;https://www.comune.ton.tn.it/;https://it.wikipedia.org/wiki/Campodenno|https://it.wikipedia.org/wiki/Denno|https://it.wikipedia.org/wiki/Mezzocorona|https://it.wikipedia.org/wiki/Mezzolombardo|https://it.wikipedia.org/wiki/Predaia|https://it.wikipedia.org/wiki/Rover%C3%A9_della_Luna|https://it.wikipedia.org/wiki/Spormaggiore|https://it.wikipedia.org/wiki/Sporminore;46°16′N;11°05′E;46.266666666666666;11.083333333333334
torcegno;trento;694;1484;47;769;https://it.wikipedia.org/wiki/Torcegno;38050;22202;https://www.comune.torcegno.tn.it/;https://it.wikipedia.org/wiki/Borgo_Valsugana|https://it.wikipedia.org/wiki/Fierozzo|https://it.wikipedia.org/wiki/Pal%C3%B9_del_Fersina|https://it.wikipedia.org/wiki/Roncegno_Terme|https://it.wikipedia.org/wiki/Ronchi_Valsugana|https://it.wikipedia.org/wiki/Telve_di_Sopra;46°04′N;11°27′E;46.06666666666667;11.45
trambileno;trento;1473;5030;29;525;https://it.wikipedia.org/wiki/Trambileno;38068;22203;http://www.comune.trambileno.tn.it;https://it.wikipedia.org/wiki/Rovereto|https://it.wikipedia.org/wiki/Terragnolo|https://it.wikipedia.org/wiki/Vallarsa;45°50′04.54″N;11°07′32.44″E;45.83459444444445;11.125677777777778
tre ville;trento;1382;8247;17;556;https://it.wikipedia.org/wiki/Tre_Ville;38095;22247;https://www.comune.treville.tn.it/;https://it.wikipedia.org/wiki/Bocenago|https://it.wikipedia.org/wiki/Borgo_Lares|https://it.wikipedia.org/wiki/Comano_Terme|https://it.wikipedia.org/wiki/Dimaro_Folgarida|https://it.wikipedia.org/wiki/Molveno|https://it.wikipedia.org/wiki/Pelugo|https://it.wikipedia.org/wiki/Pinzolo|https://it.wikipedia.org/wiki/Porte_di_Rendena|https://it.wikipedia.org/wiki/San_Lorenzo_Dorsino|https://it.wikipedia.org/wiki/Spiazzo|https://it.wikipedia.org/wiki/Stenico|https://it.wikipedia.org/wiki/Tione_di_Trento|https://it.wikipedia.org/wiki/Ville_d%27Anaunia;46°04′N;10°45′E;46.06666666666667;10.75
trento;trento;118886;15754;755;194;https://it.wikipedia.org/wiki/Trento;38121 (nord)38122 (centro)38123 (sud);22205;http://www.comune.trento.it;https://it.wikipedia.org/wiki/Albiano_(Trentino-Alto_Adige)|https://it.wikipedia.org/wiki/Aldeno|https://it.wikipedia.org/wiki/Altopiano_della_Vigolana|https://it.wikipedia.org/wiki/Besenello|https://it.wikipedia.org/wiki/Cavedine|https://it.wikipedia.org/wiki/Cimone_(comune)|https://it.wikipedia.org/wiki/Civezzano|https://it.wikipedia.org/wiki/Garniga_Terme|https://it.wikipedia.org/wiki/Giovo|https://it.wikipedia.org/wiki/Lavis|https://it.wikipedia.org/wiki/Madruzzo_(Italia)|https://it.wikipedia.org/wiki/Pergine_Valsugana|https://it.wikipedia.org/wiki/Vallelaghi|https://it.wikipedia.org/wiki/Villa_Lagarina;46°04′N;11°07′E;46.06666666666667;11.116666666666667
valdaone;trento;1147;17719;647;767;https://it.wikipedia.org/wiki/Valdaone;38091;22232;http://www.comune.valdaone.tn.it/;https://it.wikipedia.org/wiki/Borgo_Chiese|https://it.wikipedia.org/wiki/Castel_Condino|https://it.wikipedia.org/wiki/Massimeno|https://it.wikipedia.org/wiki/Pelugo|https://it.wikipedia.org/wiki/Pieve_di_Bono-Prezzo|https://it.wikipedia.org/wiki/Porte_di_Rendena|https://it.wikipedia.org/wiki/Sella_Giudicarie|https://it.wikipedia.org/wiki/Spiazzo|https://it.wikipedia.org/wiki/Strembo;45°56′53.16″N;10°37′19.56″E;45.9481;10.6221
valfloriana;trento;473;3902;12;853;https://it.wikipedia.org/wiki/Valfloriana;38040;22209;https://www.comune.valfloriana.tn.it/;https://it.wikipedia.org/wiki/Baselga_di_Pin%C3%A9|https://it.wikipedia.org/wiki/Capriana|https://it.wikipedia.org/wiki/Castello-Molina_di_Fiemme|https://it.wikipedia.org/wiki/Lona-Lases|https://it.wikipedia.org/wiki/Sover|https://it.wikipedia.org/wiki/Telve;46°15′N;11°21′E;46.25;11.35
vallarsa;trento;1392;7795;18;724;https://it.wikipedia.org/wiki/Vallarsa;38060;22210;http://www.comune.vallarsa.tn.it;https://it.wikipedia.org/wiki/Ala_(Italia)|https://it.wikipedia.org/wiki/Rovereto|https://it.wikipedia.org/wiki/Trambileno;45°46′58.08″N;11°07′04.37″E;45.7828;11.117880555555557
vallelaghi;trento;5256;7277;72;385;https://it.wikipedia.org/wiki/Vallelaghi;38096;22248;http://www.comune.vallelaghi.tn.it/;https://it.wikipedia.org/wiki/Andalo|https://it.wikipedia.org/wiki/Fai_della_Paganella|https://it.wikipedia.org/wiki/Lavis|https://it.wikipedia.org/wiki/Madruzzo_(Italia)|https://it.wikipedia.org/wiki/Molveno|https://it.wikipedia.org/wiki/San_Lorenzo_Dorsino|https://it.wikipedia.org/wiki/Terre_d%27Adige|https://it.wikipedia.org/wiki/Trento;46°04′N;10°59′E;46.06666666666667;10.983333333333333
vermiglio;trento;1783;9486;19;1261;https://it.wikipedia.org/wiki/Vermiglio_(Italia);38029;22213;https://www.comune.vermiglio.tn.it/;https://it.wikipedia.org/wiki/Carisolo|https://it.wikipedia.org/wiki/Giustino_(Italia)|https://it.wikipedia.org/wiki/Ossana|https://it.wikipedia.org/wiki/Peio|https://it.wikipedia.org/wiki/Spiazzo|https://it.wikipedia.org/wiki/Strembo;46°18′N;10°41′E;46.3;10.683333333333334
vignola-falesina;trento;199;1224;16;984;https://it.wikipedia.org/wiki/Vignola-Falesina;38050;22216;http://www.comune.vignola-falesina.tn.it/;https://it.wikipedia.org/wiki/Frassilongo|https://it.wikipedia.org/wiki/Levico_Terme|https://it.wikipedia.org/wiki/Pergine_Valsugana;46°02′39.7″N;11°16′38.57″E;46.04436111111111;11.277380555555556
villa lagarina;trento;3893;2401;162;180;https://it.wikipedia.org/wiki/Villa_Lagarina;38060;22222;http://www.comune.villalagarina.tn.it;https://it.wikipedia.org/wiki/Arco_(Italia)|https://it.wikipedia.org/wiki/Cavedine|https://it.wikipedia.org/wiki/Cimone_(comune)|https://it.wikipedia.org/wiki/Drena|https://it.wikipedia.org/wiki/Isera|https://it.wikipedia.org/wiki/Nogaredo|https://it.wikipedia.org/wiki/Pomarolo|https://it.wikipedia.org/wiki/Ronzo-Chienis|https://it.wikipedia.org/wiki/Rovereto|https://it.wikipedia.org/wiki/Trento;45°55′N;11°02′E;45.916666666666664;11.033333333333333
ville d'anaunia;trento;4672;8849;53;629;https://it.wikipedia.org/wiki/Ville_d%27Anaunia;38019;22249;http://www.comune.villedanaunia.tn.it/;https://it.wikipedia.org/wiki/Campodenno|https://it.wikipedia.org/wiki/Cles|https://it.wikipedia.org/wiki/Cont%C3%A0|https://it.wikipedia.org/wiki/Denno|https://it.wikipedia.org/wiki/Dimaro_Folgarida|https://it.wikipedia.org/wiki/Molveno|https://it.wikipedia.org/wiki/Predaia|https://it.wikipedia.org/wiki/Tre_Ville|https://it.wikipedia.org/wiki/Sanzeno|https://it.wikipedia.org/wiki/Spormaggiore;46°19′N;11°03′E;46.31666666666667;11.05
ville di fiemme;trento;2650;4619;57;1160;https://it.wikipedia.org/wiki/Ville_di_Fiemme;38099;22254;https://www.comune.villedifiemme.tn.it/;https://it.wikipedia.org/wiki/Castello-Molina_di_Fiemme|https://it.wikipedia.org/wiki/Cavalese|https://it.wikipedia.org/wiki/Tesero;46°18′02.52″N;11°26′52.08″E;46.3007;11.4478
volano;trento;3121;1053;296;189;https://it.wikipedia.org/wiki/Volano_(Italia);38060;22224;http://www.comune.volano.tn.it/;https://it.wikipedia.org/wiki/Calliano_(Trentino-Alto_Adige)|https://it.wikipedia.org/wiki/Nomi_(Italia)|https://it.wikipedia.org/wiki/Pomarolo|https://it.wikipedia.org/wiki/Rovereto;45°55′01.85″N;11°03′48.64″E;45.917180555555554;11.063511111111112
ziano di fiemme;trento;1780;3543;50;953;https://it.wikipedia.org/wiki/Ziano_di_Fiemme;38030;22226;https://www.comune.ziano.tn.it/;https://it.wikipedia.org/wiki/Canal_San_Bovo|https://it.wikipedia.org/wiki/Panchi%C3%A0|https://it.wikipedia.org/wiki/Pieve_Tesino|https://it.wikipedia.org/wiki/Predazzo;46°17′11.2″N;11°33′40.6″E;46.28644444444444;11.561277777777779
